-0.5309  	0.29251  	-0.4023  	-2.8795  	-1.4682  	-2.6687  	1.07370  	0.89966  	0.17000  	0.74244  	0.88510  	0.16353  	-0.1287  	-0.1197  	0.65252  	0.13066  	0.11464  	0.50475  	0.80181  	1.25654  	0.44512  	-0.4777  	-0.0365  	-0.3330  	1.07483  	-0.1050  	-0.0047  	0.75156  	-0.1828  	-0.0365  	0.07724  	0.04403  	-0.3585  	-0.0634  	0.78007  	-0.1832  	0.23411  	-0.2669  	-0.6981  	0.54077  	0.29595  	-0.1967  	-0.3360  	0.74133  	0.26079  	-0.1235  	0.04078  	-0.0425  	-0.0259  	-0.1332  	-0.0226  	-0.0564  	-0.0680  	-0.0107  	-0.0382  	-0.0840  	0.01311  	-0.0081  	0.00653  	0.00418  	-0.0200  	-0.0144  	0.15485  	0.02624  	0.33221  	0.21428  	-0.2797  	-0.0024  	-0.0580  	0.22758  	1.21986  	126.623  	120.662  	
-0.6721  	0.27141  	-0.4653  	-3.1263  	-1.6044  	-2.6624  	1.06890  	0.76381  	0.11465  	0.83592  	0.70340  	0.06564  	-0.1564  	-0.4297  	0.40515  	0.14051  	0.15773  	0.61192  	0.83887  	1.15650  	0.21865  	-0.4355  	0.05749  	-0.4564  	1.11376  	-0.0740  	-0.1157  	0.87111  	-0.0385  	-0.0444  	0.13179  	0.03926  	-0.4220  	-0.0847  	0.51905  	-0.0979  	0.14345  	-0.2664  	-0.6555  	0.51495  	0.41262  	-0.2219  	-0.2782  	0.78320  	0.25447  	-0.1434  	0.04922  	-0.0152  	-0.0219  	-0.1331  	-0.0217  	-0.0656  	-0.0701  	-0.0109  	-0.0271  	-0.1055  	0.02906  	0.00262  	0.01273  	0.00845  	-0.0266  	-0.0114  	0.17293  	0.04413  	0.33221  	0.21428  	-0.2797  	-0.0024  	-0.0580  	0.22758  	1.21986  	126.623  	120.662  	
-0.7566  	0.23539  	-0.5557  	-3.1587  	-1.6595  	-2.7038  	1.03113  	0.68970  	0.07925  	0.78705  	0.86814  	0.06952  	-0.2697  	-0.6968  	0.29536  	0.19291  	0.21051  	0.55906  	0.81421  	1.14025  	0.25700  	-0.4828  	0.07460  	-0.4675  	1.15661  	-0.0728  	0.01752  	0.81960  	-0.0260  	-0.0256  	0.07487  	0.06512  	-0.4413  	-0.0979  	0.56984  	-0.0898  	0.22837  	-0.2403  	-0.6641  	0.49233  	0.41217  	-0.1970  	-0.2775  	0.77730  	0.27117  	-0.1419  	0.05234  	-0.0451  	-0.0265  	-0.1437  	-0.0237  	-0.0502  	-0.0730  	-0.0042  	-0.0183  	-0.0974  	0.02318  	0.00177  	0.00509  	0.00345  	-0.0263  	-0.0043  	0.16934  	0.04081  	0.33221  	0.21428  	-0.2797  	-0.0024  	-0.0580  	0.22758  	1.21986  	126.623  	120.662  	
-0.6126  	0.27827  	-0.5254  	-3.0626  	-1.6441  	-2.6471  	0.98310  	0.73781  	0.07668  	0.72589  	0.94156  	0.09571  	-0.3239  	-0.5639  	0.40367  	0.22221  	0.17911  	0.48008  	0.81317  	1.12234  	0.44928  	-0.4769  	0.06569  	-0.3257  	1.18919  	-0.1160  	0.09764  	0.69338  	-0.1727  	-0.0378  	0.06895  	0.08978  	-0.4442  	-0.0899  	0.76177  	-0.1119  	0.33319  	-0.2211  	-0.7482  	0.49332  	0.34382  	-0.1980  	-0.3195  	0.77445  	0.28163  	-0.1325  	0.05398  	-0.0735  	-0.0386  	-0.1255  	-0.0243  	-0.0585  	-0.0611  	-0.0058  	-0.0302  	-0.0933  	0.01908  	0.00711  	-0.0018  	-0.0056  	-0.0350  	-0.0169  	0.17742  	0.03324  	0.33221  	0.21428  	-0.2797  	-0.0024  	-0.0580  	0.22758  	1.21986  	126.623  	120.662  	
-0.4928  	0.25631  	-0.4397  	-2.9107  	-1.5596  	-2.5637  	1.04330  	0.77444  	0.10377  	0.70140  	0.90017  	0.12025  	-0.2524  	-0.4867  	0.39236  	0.25182  	0.14752  	0.52682  	0.80871  	1.14878  	0.38702  	-0.5411  	0.00110  	-0.3529  	1.16272  	-0.1046  	0.06820  	0.74498  	-0.1307  	-0.0535  	0.05892  	0.09159  	-0.4031  	-0.1044  	0.83443  	-0.0570  	0.27965  	-0.2535  	-0.7542  	0.51374  	0.32338  	-0.1845  	-0.3305  	0.77796  	0.28150  	-0.1418  	0.05647  	-0.0548  	-0.0318  	-0.1351  	-0.0101  	-0.0544  	-0.0580  	-0.0101  	-0.0171  	-0.0923  	0.02433  	-0.0014  	-0.0015  	-0.0025  	-0.0322  	-0.0197  	0.18008  	0.04211  	0.33221  	0.21428  	-0.2797  	-0.0024  	-0.0580  	0.22758  	1.21986  	126.623  	120.662  	
-0.3718  	0.32298  	-0.3184  	-2.8651  	-1.5056  	-2.5469  	1.06069  	0.76849  	0.15205  	0.81129  	0.87410  	0.21109  	-0.2120  	-0.4528  	0.38753  	0.31757  	0.08511  	0.56748  	0.82863  	1.23815  	0.36022  	-0.5168  	-0.0931  	-0.4313  	1.12984  	-0.1409  	-0.0282  	0.79149  	-0.1127  	-0.0392  	0.04268  	0.09290  	-0.4186  	-0.0813  	0.82243  	-0.0384  	0.27591  	-0.2524  	-0.7304  	0.54780  	0.32450  	-0.1754  	-0.3376  	0.74641  	0.26757  	-0.1381  	0.05388  	-0.0433  	-0.0255  	-0.1353  	0.00627  	-0.0557  	-0.0588  	-0.0124  	-0.0193  	-0.0802  	0.02870  	8.15215  	0.00975  	-0.0005  	-0.0298  	-0.0201  	0.17341  	0.03929  	0.33221  	0.21428  	-0.2797  	-0.0024  	-0.0580  	0.22758  	1.21986  	126.623  	120.662  	
-0.3622  	0.30167  	-0.3115  	-2.8947  	-1.5062  	-2.5630  	1.05446  	0.71054  	0.08038  	0.84107  	0.89631  	0.17336  	-0.2546  	-0.4673  	0.33182  	0.38131  	0.06370  	0.60640  	0.81766  	1.28439  	0.30736  	-0.5286  	-0.1374  	-0.4036  	1.17894  	-0.1533  	-0.0067  	0.81636  	-0.0517  	-0.0186  	0.02042  	0.11043  	-0.4190  	-0.0870  	0.80154  	-0.0016  	0.23872  	-0.2605  	-0.7152  	0.58230  	0.31354  	-0.1835  	-0.3206  	0.76322  	0.25581  	-0.1418  	0.04892  	-0.0476  	-0.0193  	-0.1357  	0.00965  	-0.0614  	-0.0582  	-0.0115  	-0.0129  	-0.0832  	0.02853  	0.00243  	0.00408  	0.00418  	-0.0345  	-0.0205  	0.18012  	0.03451  	0.33221  	0.21428  	-0.2797  	-0.0024  	-0.0580  	0.22758  	1.21986  	126.623  	120.662  	
-0.7543  	0.21823  	-0.5495  	-3.0713  	-1.6222  	-2.8183  	0.99485  	0.70077  	0.04756  	0.76202  	0.99397  	0.04636  	-0.3086  	-0.5392  	0.39662  	0.21399  	0.14410  	0.53091  	0.86329  	1.18244  	0.47690  	-0.5191  	-0.0228  	-0.3089  	1.21695  	-0.1440  	0.11939  	0.67017  	-0.2093  	-0.0141  	0.05305  	0.11847  	-0.4649  	-0.0927  	0.83578  	-0.0290  	0.34233  	-0.2407  	-0.8053  	0.48079  	0.29715  	-0.1702  	-0.3648  	0.74906  	0.27524  	-0.1421  	0.05388  	-0.0887  	-0.0307  	-0.1219  	0.00102  	-0.0616  	-0.0536  	0.00093  	-0.0162  	-0.0768  	0.02051  	0.00409  	0.01752  	0.00433  	-0.0361  	-0.0152  	0.17506  	0.02923  	0.33221  	0.21428  	-0.2797  	-0.0024  	-0.0580  	0.22758  	1.21986  	126.623  	120.662  	
-0.6671  	0.28995  	-0.6012  	-2.9484  	-1.5315  	-2.7584  	0.94342  	0.79924  	0.07591  	0.63964  	0.88656  	0.16138  	-0.3080  	-0.3348  	0.67064  	0.13409  	0.16726  	0.45660  	0.84253  	1.07048  	0.54697  	-0.4686  	0.08265  	-0.3192  	1.18697  	-0.1408  	0.21700  	0.52492  	-0.2592  	0.03537  	0.03766  	0.09046  	-0.4743  	-0.1074  	0.85317  	-0.1323  	0.36176  	-0.2338  	-0.7991  	0.50493  	0.24950  	-0.1791  	-0.3567  	0.76689  	0.27263  	-0.1328  	0.04960  	-0.0686  	-0.0407  	-0.1308  	-0.0225  	-0.0540  	-0.0642  	0.00441  	-0.0357  	-0.0840  	0.01791  	-0.0020  	0.01007  	-0.0023  	-0.0349  	-0.0102  	0.17178  	0.02204  	0.33221  	0.21428  	-0.2797  	-0.0024  	-0.0580  	0.22758  	1.21986  	126.623  	120.662  	
-0.3215  	0.33320  	-0.3369  	-2.7696  	-1.4464  	-2.4507  	0.99506  	0.84714  	0.11602  	0.64437  	0.77056  	0.14938  	-0.2216  	-0.3451  	0.57785  	0.32402  	0.11942  	0.51019  	0.83917  	1.16351  	0.48908  	-0.4919  	-0.0048  	-0.3562  	1.17246  	-0.1285  	0.13956  	0.65336  	-0.1840  	-0.0317  	0.00744  	0.08856  	-0.3991  	-0.0967  	0.85520  	-0.0990  	0.34261  	-0.2182  	-0.7576  	0.52820  	0.26388  	-0.1835  	-0.3166  	0.76867  	0.27459  	-0.1440  	0.05906  	-0.0443  	-0.0232  	-0.1425  	-0.0071  	-0.0589  	-0.0685  	-0.0026  	-0.0228  	-0.0797  	0.02495  	-0.0048  	0.00558  	0.00442  	-0.0379  	-0.0239  	0.16456  	0.03006  	0.33221  	0.21428  	-0.2797  	-0.0024  	-0.0580  	0.22758  	1.21986  	126.623  	120.662  	
-0.1294  	0.39085  	-0.2279  	-2.6133  	-1.3215  	-2.4714  	1.04103  	0.80188  	0.13383  	0.76919  	0.83331  	0.26767  	-0.2284  	-0.3780  	0.53295  	0.50101  	0.08206  	0.54558  	0.82931  	1.25300  	0.47922  	-0.4831  	-0.1460  	-0.3254  	1.21935  	-0.1545  	0.08487  	0.70887  	-0.1943  	-0.0138  	0.02611  	0.09796  	-0.4151  	-0.0769  	0.89438  	-0.0609  	0.34707  	-0.2143  	-0.7672  	0.53936  	0.26849  	-0.1812  	-0.3178  	0.77685  	0.27764  	-0.1284  	0.05521  	-0.0353  	-0.0248  	-0.1453  	0.01222  	-0.0548  	-0.0610  	-0.0153  	-0.0237  	-0.0791  	0.03009  	0.00196  	0.00707  	0.00286  	-0.0402  	-0.0217  	0.16829  	0.02782  	0.33221  	0.21428  	-0.2797  	-0.0024  	-0.0580  	0.22758  	1.21986  	126.623  	120.662  	
-0.1771  	0.34810  	-0.1795  	-2.8343  	-1.4438  	-2.5135  	1.08127  	0.71629  	0.09356  	0.86532  	0.91680  	0.16292  	-0.2667  	-0.5396  	0.30305  	0.55073  	0.01536  	0.60220  	0.82685  	1.28588  	0.34759  	-0.5443  	-0.2438  	-0.4545  	1.21567  	-0.1829  	0.09641  	0.78353  	-0.1334  	-0.0074  	0.01286  	0.11604  	-0.4474  	-0.0585  	0.87413  	0.05400  	0.29390  	-0.2294  	-0.7250  	0.56210  	0.29953  	-0.1746  	-0.3094  	0.75933  	0.27997  	-0.1362  	0.03141  	-0.0414  	-0.0158  	-0.1471  	-0.0008  	-0.0587  	-0.0555  	-0.0024  	-0.0121  	-0.0699  	0.02092  	-0.0036  	0.00594  	0.00597  	-0.0354  	-0.0234  	0.18148  	0.03166  	0.33221  	0.21428  	-0.2797  	-0.0024  	-0.0580  	0.22758  	1.21986  	126.623  	120.662  	
-0.6998  	0.22822  	-0.5173  	-3.0857  	-1.6023  	-2.7746  	1.05447  	0.65790  	0.01936  	0.83981  	0.96424  	-0.0345  	-0.3085  	-0.6105  	0.10942  	0.39410  	0.09747  	0.53273  	0.83993  	1.22643  	0.41583  	-0.5221  	-0.1497  	-0.2805  	1.33567  	-0.1489  	0.16515  	0.67736  	-0.1568  	0.00023  	0.00043  	0.12765  	-0.4559  	-0.1035  	0.88711  	0.11295  	0.30132  	-0.2566  	-0.7499  	0.57040  	0.28556  	-0.1583  	-0.3707  	0.76576  	0.30459  	-0.1338  	0.04047  	-0.0798  	-0.0340  	-0.1456  	-0.0055  	-0.0550  	-0.0616  	-0.0049  	-0.0251  	-0.0905  	0.01540  	0.01094  	0.00092  	0.00847  	-0.0424  	-0.0299  	0.17421  	0.03103  	0.33221  	0.21428  	-0.2797  	-0.0024  	-0.0580  	0.22758  	1.21986  	126.623  	120.662  	
-1.1499  	0.11605  	-0.6714  	-3.3719  	-1.7047  	-3.0517  	0.98142  	0.63620  	-0.0168  	0.85091  	1.17920  	0.05644  	-0.3624  	-0.5257  	0.31783  	-0.0398  	0.18845  	0.37839  	0.85727  	1.07151  	0.55304  	-0.5702  	0.04269  	-0.2367  	1.26191  	-0.1131  	0.26778  	0.52389  	-0.2318  	0.00552  	0.08432  	0.08810  	-0.4766  	-0.1093  	0.83745  	-0.0847  	0.39042  	-0.2544  	-0.7924  	0.42845  	0.23325  	-0.1223  	-0.3804  	0.75548  	0.33593  	-0.1323  	0.04155  	-0.1019  	-0.0622  	-0.1256  	-0.0427  	-0.0561  	-0.0674  	0.00418  	-0.0225  	-0.1033  	0.01351  	0.00850  	0.01047  	-0.0007  	-0.0256  	-0.0188  	0.17634  	0.02944  	0.33221  	0.21428  	-0.2797  	-0.0024  	-0.0580  	0.22758  	1.21986  	126.623  	120.662  	
-0.7666  	0.26096  	-0.5490  	-3.2203  	-1.6638  	-2.8939  	0.97715  	0.81419  	0.09703  	0.66540  	1.02447  	0.12426  	-0.2523  	-0.2322  	0.73539  	0.00827  	0.20352  	0.36986  	0.84085  	1.07028  	0.67445  	-0.5041  	0.11961  	-0.2638  	1.14536  	-0.1182  	0.28467  	0.37851  	-0.3315  	-0.0373  	0.09133  	0.05605  	-0.4377  	-0.1219  	0.89641  	-0.1853  	0.39894  	-0.2292  	-0.8307  	0.49238  	0.26504  	-0.1720  	-0.3572  	0.76147  	0.28190  	-0.1554  	0.05608  	-0.0693  	-0.0514  	-0.1529  	-0.0226  	-0.0588  	-0.0733  	-0.0035  	-0.0290  	-0.0834  	0.00479  	-0.0094  	0.01309  	0.00963  	-0.0253  	0.01310  	0.16954  	0.02798  	0.33221  	0.21428  	-0.2797  	-0.0024  	-0.0580  	0.22758  	1.21986  	126.623  	120.662  	
-0.3157  	0.33785  	-0.2962  	-2.9289  	-1.5571  	-2.4597  	0.98785  	0.91395  	0.15180  	0.70367  	0.78487  	0.06797  	-0.2118  	-0.3746  	0.52514  	0.32605  	0.15445  	0.54331  	0.86118  	1.12563  	0.48870  	-0.4830  	0.03541  	-0.3951  	1.15042  	-0.1276  	0.09854  	0.59342  	-0.2109  	-0.0437  	0.01231  	0.08414  	-0.3856  	-0.1204  	0.79945  	-0.1415  	0.36007  	-0.1971  	-0.7484  	0.54804  	0.32036  	-0.1965  	-0.3118  	0.77009  	0.28375  	-0.1342  	0.05721  	-0.0422  	-0.0247  	-0.1320  	-0.0101  	-0.0596  	-0.0725  	-0.0011  	-0.0248  	-0.0848  	0.01721  	-0.0073  	0.00381  	0.00836  	-0.0354  	-0.0154  	0.17571  	0.03363  	0.33221  	0.21428  	-0.2797  	-0.0024  	-0.0580  	0.22758  	1.21986  	126.623  	120.662  	
-0.1883  	0.34294  	-0.2263  	-2.7062  	-1.4319  	-2.5444  	1.03205  	0.82436  	0.13115  	0.83729  	0.87431  	0.18027  	-0.2281  	-0.4161  	0.51495  	0.39744  	0.09253  	0.54130  	0.82562  	1.25354  	0.42811  	-0.4845  	-0.0988  	-0.4068  	1.20431  	-0.1286  	0.01122  	0.70916  	-0.1644  	-0.0099  	0.01928  	0.07636  	-0.4070  	-0.0755  	0.85209  	-0.0755  	0.35433  	-0.2125  	-0.7678  	0.53723  	0.28008  	-0.1984  	-0.3045  	0.78270  	0.26725  	-0.1395  	0.06658  	-0.0402  	-0.0252  	-0.1341  	0.00618  	-0.0623  	-0.0621  	-0.0055  	-0.0250  	-0.0825  	0.02415  	-0.0014  	0.00282  	0.00793  	-0.0461  	-0.0150  	0.18038  	0.02647  	0.33221  	0.21428  	-0.2797  	-0.0024  	-0.0580  	0.22758  	1.21986  	126.623  	120.662  	
-0.2147  	0.35155  	-0.2378  	-2.8642  	-1.4939  	-2.5011  	1.06974  	0.72337  	0.10962  	0.86572  	0.95019  	0.17978  	-0.2777  	-0.5248  	0.28419  	0.48848  	0.03526  	0.57636  	0.84351  	1.28712  	0.35361  	-0.5349  	-0.1826  	-0.4423  	1.19782  	-0.1835  	0.03969  	0.78424  	-0.1244  	-0.0099  	0.00164  	0.11834  	-0.4311  	-0.0746  	0.85876  	0.03051  	0.29622  	-0.2316  	-0.7147  	0.56723  	0.29856  	-0.1693  	-0.3185  	0.75104  	0.26709  	-0.1325  	0.04180  	-0.0497  	-0.0180  	-0.1385  	-0.0016  	-0.0584  	-0.0586  	-0.0061  	-0.0136  	-0.0791  	0.02353  	-0.0023  	0.00432  	0.00095  	-0.0373  	-0.0219  	0.17772  	0.02911  	0.33221  	0.21428  	-0.2797  	-0.0024  	-0.0580  	0.22758  	1.21986  	126.623  	120.662  	
-0.2733  	0.34907  	-0.2891  	-3.0814  	-1.6287  	-2.6233  	1.10148  	0.71439  	0.04923  	0.91555  	0.86700  	0.03046  	-0.2896  	-0.5267  	0.19791  	0.43196  	0.02667  	0.59032  	0.81417  	1.22454  	0.28192  	-0.5313  	-0.1359  	-0.4843  	1.21697  	-0.1617  	0.01562  	0.83229  	-0.0419  	-0.0006  	0.02421  	0.11615  	-0.4512  	-0.0939  	0.79328  	0.07879  	0.25041  	-0.2579  	-0.7062  	0.56393  	0.32408  	-0.1800  	-0.3250  	0.75722  	0.27821  	-0.1479  	0.03457  	-0.0703  	-0.0093  	-0.1445  	-0.0016  	-0.0718  	-0.0588  	-0.0088  	-0.0124  	-0.0896  	0.03104  	-0.0039  	-0.0030  	-0.0047  	-0.0408  	-0.0178  	0.18326  	0.03629  	0.33221  	0.21428  	-0.2797  	-0.0024  	-0.0580  	0.22758  	1.21986  	126.623  	120.662  	
-0.8974  	0.20739  	-0.6086  	-3.1076  	-1.5341  	-2.9980  	1.10041  	0.62292  	0.05875  	0.94528  	1.01753  	0.05448  	-0.2622  	-0.4784  	0.18071  	0.28960  	0.15707  	0.51122  	0.83423  	1.21478  	0.34911  	-0.5083  	-0.1047  	-0.2980  	1.28361  	-0.1162  	0.09180  	0.68051  	-0.1858  	0.01561  	0.02983  	0.08086  	-0.4332  	-0.0865  	0.86382  	0.08653  	0.25286  	-0.2750  	-0.7847  	0.49608  	0.29934  	-0.1311  	-0.3927  	0.71129  	0.29057  	-0.1419  	0.05895  	-0.0742  	-0.0180  	-0.1345  	-0.0160  	-0.0610  	-0.0651  	-0.0006  	-0.0177  	-0.0835  	0.02225  	-0.0098  	0.01689  	0.00669  	-0.0377  	-0.0082  	0.18537  	0.03333  	0.33221  	0.21428  	-0.2797  	-0.0024  	-0.0580  	0.22758  	1.21986  	126.623  	120.662  	
-1.2257  	0.11814  	-0.7389  	-3.5037  	-1.6442  	-3.0521  	0.98801  	0.65186  	0.05951  	0.89360  	1.26776  	-0.0187  	-0.3115  	-0.4980  	0.25220  	-0.0186  	0.17198  	0.36903  	0.83584  	1.13280  	0.62141  	-0.5493  	0.03273  	-0.2232  	1.12010  	-0.0934  	0.15790  	0.53799  	-0.2771  	-0.0187  	0.09740  	0.07601  	-0.4234  	-0.0929  	0.86261  	-0.1249  	0.40511  	-0.2643  	-0.8114  	0.41131  	0.24820  	-0.1606  	-0.4327  	0.72067  	0.31905  	-0.1349  	0.05301  	-0.0924  	-0.0424  	-0.1273  	-0.0298  	-0.0622  	-0.0582  	0.00508  	-0.0324  	-0.0840  	0.02124  	0.00094  	0.01698  	0.00430  	-0.0137  	-0.0030  	0.15157  	0.01383  	0.33221  	0.21428  	-0.2797  	-0.0024  	-0.0580  	0.22758  	1.21986  	126.623  	120.662  	
-1.2731  	0.13656  	-0.6745  	-3.6262  	-1.7755  	-3.1601  	0.94499  	0.72752  	0.06578  	0.94933  	1.44341  	0.03980  	-0.3277  	-0.4814  	0.14483  	-0.0125  	0.17578  	0.37897  	0.86097  	1.13299  	0.71828  	-0.5480  	0.11127  	-0.2804  	1.01900  	-0.0922  	0.11923  	0.47049  	-0.3060  	-0.0758  	0.12310  	0.06664  	-0.4316  	-0.1109  	0.84875  	-0.1723  	0.46057  	-0.2230  	-0.7751  	0.41525  	0.27536  	-0.1663  	-0.4108  	0.72524  	0.28563  	-0.1284  	0.04532  	-0.0748  	-0.0397  	-0.1380  	-0.0323  	-0.0652  	-0.0674  	-0.0085  	-0.0299  	-0.0782  	0.00869  	0.00372  	0.00771  	0.00254  	-0.0095  	0.01486  	0.16399  	0.01834  	0.33221  	0.21428  	-0.2797  	-0.0024  	-0.0580  	0.22758  	1.21986  	126.623  	120.662  	
-1.0808  	0.16931  	-0.5931  	-3.6560  	-1.9125  	-3.1341  	0.96582  	0.76623  	0.04359  	0.99619  	1.24019  	-0.1045  	-0.3495  	-0.5684  	-0.0606  	-0.0282  	0.19748  	0.50199  	0.87603  	1.16716  	0.56748  	-0.4816  	0.10981  	-0.3135  	1.13776  	-0.1209  	0.13459  	0.49790  	-0.2284  	-0.1175  	0.11280  	0.05675  	-0.4366  	-0.1226  	0.72065  	-0.1278  	0.35985  	-0.2377  	-0.7127  	0.46962  	0.30276  	-0.1660  	-0.3664  	0.74557  	0.27829  	-0.1371  	0.05714  	-0.0495  	-0.0373  	-0.1351  	-0.0361  	-0.0642  	-0.0709  	-0.0132  	-0.0264  	-0.0973  	0.01874  	0.00676  	0.00463  	-0.0024  	-0.0286  	-0.0049  	0.17130  	0.03155  	0.33221  	0.21428  	-0.2797  	-0.0024  	-0.0580  	0.22758  	1.21986  	126.623  	120.662  	
-0.7556  	0.22685  	-0.5219  	-3.5195  	-1.8260  	-2.9550  	1.01839  	0.79782  	0.11092  	0.94312  	0.99595  	-0.0848  	-0.2510  	-0.4590  	0.30174  	-0.0090  	0.17018  	0.50418  	0.91144  	1.11787  	0.55145  	-0.4216  	0.19710  	-0.3797  	1.21743  	-0.1255  	0.24705  	0.49962  	-0.2454  	-0.0571  	0.08813  	0.03022  	-0.4404  	-0.0903  	0.68513  	-0.1934  	0.40637  	-0.2316  	-0.7767  	0.52908  	0.33311  	-0.1992  	-0.3176  	0.81000  	0.30367  	-0.1662  	0.05728  	-0.0634  	-0.0385  	-0.1437  	-0.0425  	-0.0633  	-0.0655  	0.00825  	-0.0403  	-0.0903  	0.00592  	-0.0149  	0.00053  	0.00987  	-0.0246  	0.00226  	0.16742  	0.02745  	0.33221  	0.21428  	-0.2797  	-0.0024  	-0.0580  	0.22758  	1.21986  	126.623  	120.662  	
-0.5056  	0.31941  	-0.4616  	-3.0718  	-1.6146  	-2.6244  	1.00021  	0.89730  	0.16279  	0.76259  	0.75887  	0.06313  	-0.1754  	-0.3530  	0.43578  	0.26051  	0.17206  	0.57421  	0.89326  	1.12563  	0.46860  	-0.4572  	0.08903  	-0.3693  	1.11357  	-0.1010  	0.10134  	0.55626  	-0.2514  	-0.0486  	0.07744  	0.08484  	-0.3669  	-0.0990  	0.72330  	-0.1732  	0.33478  	-0.2360  	-0.7438  	0.52091  	0.39097  	-0.2058  	-0.2904  	0.79286  	0.27997  	-0.1279  	0.04938  	-0.0652  	-0.0457  	-0.1154  	-0.0300  	-0.0667  	-0.0645  	-0.0066  	-0.0340  	-0.0863  	0.00359  	0.00033  	0.00176  	-0.0001  	-0.0267  	0.00779  	0.16265  	0.02207  	0.33221  	0.21428  	-0.2797  	-0.0024  	-0.0580  	0.22758  	1.21986  	126.623  	120.662  	
-0.3433  	0.36589  	-0.4063  	-2.8563  	-1.4694  	-2.5002  	1.02002  	0.95329  	0.21167  	0.69943  	0.78506  	0.17411  	-0.1360  	-0.2561  	0.58263  	0.31754  	0.16846  	0.49864  	0.87569  	1.17493  	0.49492  	-0.4374  	0.06144  	-0.4001  	1.00721  	-0.0831  	-0.0282  	0.63134  	-0.2383  	-0.0755  	0.07469  	0.06101  	-0.3452  	-0.1014  	0.80009  	-0.2038  	0.35636  	-0.2232  	-0.7369  	0.54959  	0.37074  	-0.2289  	-0.2874  	0.78684  	0.25740  	-0.1299  	0.05077  	-0.0388  	-0.0439  	-0.1188  	-0.0165  	-0.0594  	-0.0782  	-0.0053  	-0.0291  	-0.0722  	0.00081  	-0.0119  	-0.0103  	-0.0017  	-0.0232  	-0.0063  	0.15339  	0.01659  	0.33221  	0.21428  	-0.2797  	-0.0024  	-0.0580  	0.22758  	1.21986  	126.623  	120.662  	
0.01233  	0.50348  	-0.1508  	-2.5973  	-1.3981  	-2.3610  	1.03563  	0.99104  	0.24587  	0.70833  	0.78374  	0.24620  	-0.0954  	-0.0493  	0.88145  	0.40327  	0.16103  	0.41872  	0.84945  	1.08735  	0.71255  	-0.4550  	0.04304  	-0.2459  	1.03513  	-0.1299  	0.16874  	0.36329  	-0.4562  	-0.0453  	0.08908  	0.13142  	-0.3456  	-0.0835  	0.94946  	-0.2817  	0.50251  	-0.1626  	-0.8170  	0.49062  	0.26588  	-0.1941  	-0.3178  	0.74217  	0.26806  	-0.1191  	0.06572  	-0.0306  	-0.0341  	-0.1215  	-0.0316  	-0.0473  	-0.0667  	0.00237  	-0.0266  	-0.0798  	-0.0086  	-0.0007  	-0.0002  	-0.0029  	-0.0270  	-0.0004  	0.16853  	0.01618  	0.33221  	0.21428  	-0.2797  	-0.0024  	-0.0580  	0.22758  	1.21986  	126.623  	120.662  	
0.20070  	0.54424  	-0.0663  	-2.5331  	-1.5233  	-2.2430  	1.07641  	1.11888  	0.27361  	0.53118  	0.92778  	0.20378  	-0.1291  	0.06679  	1.00891  	0.39947  	0.15174  	0.34377  	0.82765  	0.99724  	0.96897  	-0.3955  	0.12967  	-0.1903  	1.09745  	-0.1686  	0.33458  	0.20527  	-0.5642  	-0.0393  	0.02983  	0.15460  	-0.3511  	-0.1127  	1.07213  	-0.3471  	0.64596  	-0.1249  	-0.9018  	0.42246  	0.21069  	-0.1853  	-0.3235  	0.75531  	0.26520  	-0.1306  	0.05910  	-0.0491  	-0.0238  	-0.1166  	-0.0404  	-0.0565  	-0.0600  	0.00254  	-0.0321  	-0.0641  	0.00170  	0.00094  	-0.0048  	0.00851  	-0.0312  	0.00357  	0.16542  	0.02173  	0.33221  	0.21428  	-0.2797  	-0.0024  	-0.0580  	0.22758  	1.21986  	126.623  	120.662  	
0.30501  	0.54747  	0.03506  	-2.5164  	-1.5511  	-2.1063  	1.08489  	1.18494  	0.30635  	0.48119  	0.95556  	0.25240  	-0.1110  	0.11156  	0.99774  	0.47270  	0.16169  	0.31330  	0.84731  	0.96924  	1.03893  	-0.3781  	0.17367  	-0.1727  	1.07652  	-0.1827  	0.39631  	0.16246  	-0.6291  	-0.0332  	0.02322  	0.17707  	-0.3538  	-0.1014  	1.10029  	-0.3650  	0.71408  	-0.1063  	-0.9011  	0.39356  	0.19606  	-0.1771  	-0.3200  	0.75483  	0.26468  	-0.1369  	0.05183  	-0.0301  	-0.0075  	-0.1234  	-0.0404  	-0.0546  	-0.0577  	0.01055  	-0.0278  	-0.0579  	-0.0064  	-0.0008  	-0.0087  	0.01749  	-0.0237  	-0.0025  	0.17278  	0.02875  	0.33221  	0.21428  	-0.2797  	-0.0024  	-0.0580  	0.22758  	1.21986  	126.623  	120.662  	
0.30388  	0.54449  	0.01190  	-2.4569  	-1.4825  	-2.1115  	1.09075  	1.16207  	0.29097  	0.45629  	0.91666  	0.21357  	-0.0925  	0.13813  	1.02621  	0.46815  	0.15428  	0.30627  	0.83056  	0.96306  	1.01329  	-0.3807  	0.12021  	-0.1495  	1.11446  	-0.1862  	0.38144  	0.16071  	-0.6076  	-0.0284  	0.00810  	0.16494  	-0.3635  	-0.1032  	1.13009  	-0.3418  	0.68232  	-0.1197  	-0.8797  	0.40522  	0.17824  	-0.1658  	-0.3384  	0.74906  	0.27098  	-0.1327  	0.04720  	-0.0319  	-0.0071  	-0.1245  	-0.0281  	-0.0525  	-0.0548  	0.00536  	-0.0287  	-0.0556  	-0.0046  	0.00081  	-0.0036  	0.01796  	-0.0263  	-0.0056  	0.17392  	0.02729  	0.33221  	0.21428  	-0.2797  	-0.0024  	-0.0580  	0.22758  	1.21986  	126.623  	120.662  	
0.30088  	0.53433  	0.01479  	-2.4796  	-1.4849  	-2.1092  	1.08697  	1.17119  	0.29753  	0.49885  	0.91284  	0.21627  	-0.0900  	0.11859  	1.01446  	0.47039  	0.17053  	0.30562  	0.82738  	0.95939  	1.00973  	-0.3979  	0.14390  	-0.1390  	1.09961  	-0.1872  	0.40074  	0.15371  	-0.6229  	-0.0342  	0.00743  	0.16790  	-0.3671  	-0.1038  	1.12065  	-0.3457  	0.68361  	-0.1123  	-0.8790  	0.40216  	0.15330  	-0.1656  	-0.3386  	0.75419  	0.26996  	-0.1310  	0.04466  	-0.0304  	-0.0089  	-0.1281  	-0.0286  	-0.0524  	-0.0565  	0.00365  	-0.0260  	-0.0571  	-0.0017  	0.00050  	-0.0041  	0.01412  	-0.0229  	-0.0056  	0.17633  	0.03132  	0.33221  	0.21428  	-0.2797  	-0.0024  	-0.0580  	0.22758  	1.21986  	126.623  	120.662  	
0.29038  	0.54748  	-0.0128  	-2.4883  	-1.4974  	-2.1388  	1.08058  	1.1702  	0.29846  	0.47516  	0.92331  	0.21819  	-0.0918  	0.11390  	1.01785  	0.47574  	0.16425  	0.30822  	0.83449  	0.95070  	1.01554  	-0.3978  	0.14040  	-0.1320  	1.09721  	-0.1894  	0.39742  	0.13953  	-0.6412  	-0.0399  	0.00728  	0.16675  	-0.3610  	-0.1035  	1.13253  	-0.3568  	0.69148  	-0.1066  	-0.8800  	0.40029  	0.15632  	-0.1705  	-0.3415  	0.75193  	0.26807  	-0.1304  	0.04396  	-0.0340  	-0.0119  	-0.1258  	-0.0276  	-0.0526  	-0.0558  	0.00481  	-0.0279  	-0.0577  	-0.0044  	0.00127  	-0.0044  	0.01293  	-0.0241  	-0.0042  	0.17425  	0.02955  	0.33221  	0.21428  	-0.2797  	-0.0024  	-0.0580  	0.22758  	1.21986  	126.623  	120.662  	
0.28808  	0.54997  	-0.0060  	-2.4830  	-1.4954  	-2.1378  	1.08013  	1.17893  	0.30264  	0.47581  	0.93197  	0.22159  	-0.1004  	0.11102  	1.02284  	0.47688  	0.16397  	0.31096  	0.83279  	0.95699  	1.01132  	-0.4040  	0.14391  	-0.1421  	1.08780  	-0.1855  	0.38740  	0.15233  	-0.6397  	-0.0403  	0.00639  	0.16780  	-0.3591  	-0.1040  	1.12731  	-0.3565  	0.68913  	-0.1039  	-0.8798  	0.40233  	0.15727  	-0.1723  	-0.3399  	0.75536  	0.26941  	-0.1305  	0.04501  	-0.0366  	-0.0132  	-0.1254  	-0.0276  	-0.0525  	-0.0546  	0.00504  	-0.0270  	-0.0581  	-0.0047  	0.00148  	-0.0031  	0.01438  	-0.0244  	-0.0039  	0.17295  	0.02893  	0.33221  	0.21428  	-0.2797  	-0.0024  	-0.0580  	0.22758  	1.21986  	126.623  	120.662  	
0.28108  	0.54589  	-0.0166  	-2.4822  	-1.4842  	-2.1434  	1.07767  	1.16902  	0.30119  	0.47998  	0.92827  	0.22757  	-0.0998  	0.11101  	1.01686  	0.46224  	0.16939  	0.31451  	0.82246  	0.96584  	0.98955  	-0.4088  	0.14696  	-0.1423  	1.08033  	-0.1799  	0.37928  	0.17800  	-0.6269  	-0.0348  	0.00849  	0.16493  	-0.3567  	-0.1047  	1.12138  	-0.3582  	0.67826  	-0.1090  	-0.8762  	0.40153  	0.15899  	-0.1737  	-0.3378  	0.75396  	0.26795  	-0.1301  	0.04486  	-0.0383  	-0.0128  	-0.1270  	-0.0283  	-0.0511  	-0.0569  	0.00419  	-0.0264  	-0.0595  	-0.0033  	0.00049  	-0.0035  	0.01276  	-0.0256  	-0.0034  	0.17201  	0.02857  	0.33221  	0.21428  	-0.2797  	-0.0024  	-0.0580  	0.22758  	1.21986  	126.623  	120.662  	
0.28438  	0.54683  	-0.0367  	-2.4729  	-1.4818  	-2.1438  	1.08190  	1.16306  	0.30101  	0.46996  	0.92080  	0.23006  	-0.0958  	0.10820  	1.02654  	0.46405  	0.16792  	0.30628  	0.82097  	0.95852  	0.99485  	-0.3968  	0.14388  	-0.1369  	1.08696  	-0.1805  	0.38010  	0.16450  	-0.6299  	-0.0367  	0.00988  	0.16188  	-0.3554  	-0.1040  	1.12428  	-0.3603  	0.67972  	-0.1099  	-0.8787  	0.39961  	0.16273  	-0.1721  	-0.3378  	0.75213  	0.26681  	-0.1306  	0.04453  	-0.0383  	-0.0128  	-0.1282  	-0.0299  	-0.0509  	-0.0576  	0.00431  	-0.0274  	-0.0591  	-0.0036  	0.00014  	-0.0053  	0.01144  	-0.0251  	-0.0027  	0.17210  	0.03005  	0.33221  	0.21428  	-0.2797  	-0.0024  	-0.0580  	0.22758  	1.21986  	126.623  	120.662  	
0.23215  	0.54252  	-0.0600  	-2.4965  	-1.4936  	-2.1845  	1.08066  	1.15103  	0.29577  	0.49663  	0.95741  	0.24554  	-0.1250  	0.06737  	0.99880  	0.44459  	0.16635  	0.32209  	0.80652  	0.98753  	0.97120  	-0.4188  	0.13862  	-0.1667  	1.07319  	-0.1724  	0.34448  	0.21361  	-0.6064  	-0.0521  	0.01649  	0.15751  	-0.3454  	-0.1020  	1.09594  	-0.3566  	0.67038  	-0.1072  	-0.8794  	0.38285  	0.18633  	-0.1806  	-0.3278  	0.74947  	0.26406  	-0.1279  	0.04873  	-0.0452  	-0.0188  	-0.1238  	-0.0335  	-0.0493  	-0.0577  	0.00550  	-0.0288  	-0.0627  	-0.0029  	7.62213  	-0.0038  	0.00842  	-0.0247  	-0.0018  	0.16855  	0.02855  	0.33221  	0.21428  	-0.2797  	-0.0024  	-0.0580  	0.22758  	1.21986  	126.623  	120.662  	
-0.0638  	0.51920  	-0.1934  	-2.7378  	-1.5539  	-2.4003  	1.04618  	1.04079  	0.21841  	0.58330  	1.02085  	0.22803  	-0.1644  	-0.0458  	0.79160  	0.34288  	0.14845  	0.42742  	0.78765  	1.06321  	0.83967  	-0.4750  	0.08160  	-0.2790  	1.05078  	-0.1481  	0.23017  	0.42139  	-0.4638  	-0.0734  	0.06959  	0.09994  	-0.3467  	-0.0998  	0.99142  	-0.3192  	0.57916  	-0.1440  	-0.8433  	0.44498  	0.27858  	-0.1913  	-0.3295  	0.74338  	0.26609  	-0.1238  	0.04941  	-0.0548  	-0.0455  	-0.1121  	-0.0331  	-0.0531  	-0.0596  	-0.0069  	-0.0260  	-0.0732  	0.00676  	7.02255  	0.00555  	-0.0018  	-0.0291  	0.01019  	0.16984  	0.03168  	0.33221  	0.21428  	-0.2797  	-0.0024  	-0.0580  	0.22758  	1.21986  	126.623  	120.662  	
-0.4838  	0.34649  	-0.4158  	-3.0075  	-1.6236  	-2.7166  	1.03234  	0.78721  	0.11755  	0.71770  	1.02216  	0.13423  	-0.2509  	-0.3463  	0.51026  	0.24814  	0.13941  	0.51565  	0.78077  	1.15275  	0.52081  	-0.4739  	0.03811  	-0.3784  	1.06964  	-0.1099  	0.05495  	0.61835  	-0.2289  	-0.0627  	0.04319  	0.07792  	-0.3846  	-0.0929  	0.81785  	-0.1502  	0.36937  	-0.1876  	-0.7951  	0.49681  	0.34589  	-0.1807  	-0.3262  	0.76345  	0.27399  	-0.1304  	0.06315  	-0.0641  	-0.0412  	-0.1338  	-0.0364  	-0.0560  	-0.0622  	-0.0043  	-0.0273  	-0.0864  	0.01067  	-0.0076  	0.00432  	-0.0023  	-0.0238  	-0.0092  	0.16172  	0.02987  	0.33221  	0.21428  	-0.2797  	-0.0024  	-0.0580  	0.22758  	1.21986  	126.623  	120.662  	
-0.6123  	0.27676  	-0.5271  	-3.0029  	-1.6431  	-2.7631  	1.02362  	0.74385  	0.09836  	0.77877  	1.01331  	0.13990  	-0.2987  	-0.4887  	0.43385  	0.22191  	0.14084  	0.55861  	0.78245  	1.16894  	0.47018  	-0.4743  	0.03169  	-0.4016  	1.07838  	-0.0962  	0.02124  	0.69261  	-0.1576  	-0.0526  	0.04536  	0.08859  	-0.4340  	-0.0952  	0.76922  	-0.1149  	0.32560  	-0.1917  	-0.7631  	0.50249  	0.34259  	-0.1705  	-0.3284  	0.76857  	0.27070  	-0.1353  	0.06399  	-0.0704  	-0.0283  	-0.1355  	-0.0317  	-0.0524  	-0.0626  	-0.0005  	-0.0195  	-0.0894  	0.01686  	-0.0029  	0.00826  	0.00195  	-0.0254  	-0.0059  	0.16597  	0.02991  	0.33221  	0.21428  	-0.2797  	-0.0024  	-0.0580  	0.22758  	1.21986  	126.623  	120.662  	
-0.7647  	0.21407  	-0.5992  	-3.0282  	-1.6120  	-2.8363  	1.03473  	0.70127  	0.08341  	0.82092  	0.99645  	0.14505  	-0.2983  	-0.5557  	0.35359  	0.21136  	0.13611  	0.55407  	0.80109  	1.18653  	0.36456  	-0.4852  	0.02040  	-0.4436  	1.09033  	-0.0862  	-0.0121  	0.79763  	-0.1107  	-0.0492  	0.06090  	0.08210  	-0.4572  	-0.0797  	0.73258  	-0.0793  	0.25032  	-0.2186  	-0.7306  	0.47928  	0.34355  	-0.1737  	-0.3212  	0.76598  	0.27404  	-0.1370  	0.06355  	-0.0642  	-0.0271  	-0.1336  	-0.0268  	-0.0553  	-0.0587  	-0.0037  	-0.0176  	-0.0934  	0.01824  	0.00292  	0.00536  	-0.0030  	-0.0232  	-0.0115  	0.17056  	0.03214  	0.33221  	0.21428  	-0.2797  	-0.0024  	-0.0580  	0.22758  	1.21986  	126.623  	120.662  	
-0.8253  	0.20228  	-0.6300  	-3.0477  	-1.5922  	-2.8852  	1.02326  	0.67809  	0.07511  	0.86658  	0.98308  	0.17194  	-0.2935  	-0.5932  	0.30446  	0.22366  	0.12208  	0.55624  	0.82032  	1.19957  	0.34604  	-0.5096  	-0.0089  	-0.4770  	1.06748  	-0.0879  	-0.0392  	0.83284  	-0.1092  	-0.0477  	0.08388  	0.07589  	-0.4665  	-0.0761  	0.72530  	-0.0751  	0.22004  	-0.2365  	-0.7106  	0.47983  	0.34378  	-0.1768  	-0.3197  	0.76513  	0.27835  	-0.1359  	0.06298  	-0.0618  	-0.0325  	-0.1264  	-0.0267  	-0.0539  	-0.0576  	-0.0058  	-0.0174  	-0.0961  	0.01613  	0.00611  	0.00161  	-0.0086  	-0.0251  	-0.0126  	0.17107  	0.02996  	0.33221  	0.21428  	-0.2797  	-0.0024  	-0.0580  	0.22758  	1.21986  	126.623  	120.662  	
-0.8457  	0.22010  	-0.6582  	-3.0713  	-1.5511  	-2.8871  	1.01623  	0.68813  	0.08334  	0.83833  	0.98811  	0.18499  	-0.2953  	-0.5794  	0.31088  	0.22607  	0.11291  	0.56986  	0.82630  	1.22419  	0.33944  	-0.5325  	-0.0314  	-0.4732  	1.04532  	-0.0891  	-0.0581  	0.85607  	-0.0953  	-0.0612  	0.09642  	0.06149  	-0.4470  	-0.0747  	0.73028  	-0.0871  	0.20136  	-0.2622  	-0.6978  	0.47620  	0.33297  	-0.1827  	-0.3282  	0.76674  	0.28175  	-0.1381  	0.05655  	-0.0655  	-0.0324  	-0.1243  	-0.0189  	-0.0536  	-0.0559  	-0.0083  	-0.0169  	-0.0949  	0.01576  	0.00952  	0.00273  	-0.0100  	-0.0267  	-0.0112  	0.17453  	0.03106  	0.33221  	0.21428  	-0.2797  	-0.0024  	-0.0580  	0.22758  	1.21986  	126.623  	120.662  	
-0.6908  	0.26228  	-0.5740  	-2.9995  	-1.5322  	-2.8144  	1.00414  	0.72239  	0.09205  	0.79692  	0.98012  	0.20338  	-0.2652  	-0.4080  	0.39184  	0.20984  	0.12687  	0.57549  	0.79483  	1.23153  	0.40231  	-0.5323  	-0.0385  	-0.4196  	1.03040  	-0.1055  	-0.0561  	0.81128  	-0.1145  	-0.0611  	0.10028  	0.06507  	-0.4156  	-0.0725  	0.76765  	-0.1270  	0.22418  	-0.2572  	-0.7117  	0.50739  	0.32610  	-0.1842  	-0.3290  	0.75341  	0.27363  	-0.1362  	0.05823  	-0.0717  	-0.0281  	-0.1259  	-0.0212  	-0.0535  	-0.0572  	-0.0043  	-0.0234  	-0.0885  	0.01538  	0.00193  	0.00260  	0.00131  	-0.0249  	-0.0023  	0.17497  	0.02651  	0.33221  	0.21428  	-0.2797  	-0.0024  	-0.0580  	0.22758  	1.21986  	126.623  	120.662  	
-0.3636  	0.39051  	-0.3964  	-2.7486  	-1.4547  	-2.6004  	1.01030  	0.86682  	0.16814  	0.67089  	0.88896  	0.24155  	-0.1948  	-0.1738  	0.65988  	0.27528  	0.10034  	0.47511  	0.79193  	1.21592  	0.58300  	-0.5163  	-0.0317  	-0.3971  	1.0251  	-0.1091  	-0.0031  	0.71522  	-0.2326  	-0.0728  	0.07192  	0.05537  	-0.3519  	-0.0621  	0.87389  	-0.2255  	0.34643  	-0.2220  	-0.7813  	0.48290  	0.31450  	-0.1771  	-0.3497  	0.76838  	0.26995  	-0.1306  	0.06163  	-0.0737  	-0.0435  	-0.1233  	-0.0346  	-0.0578  	-0.0672  	-0.0010  	-0.0306  	-0.0829  	0.01550  	-0.0064  	0.00378  	-0.0056  	-0.0178  	-0.0058  	0.16114  	0.02538  	0.33221  	0.21428  	-0.2797  	-0.0024  	-0.0580  	0.22758  	1.21986  	126.623  	120.662  	
-0.5400  	0.26740  	-0.4862  	-2.8611  	-1.4644  	-2.7617  	0.97760  	0.75164  	0.14258  	0.79757  	0.92371  	0.31229  	-0.1931  	-0.3397  	0.44138  	0.32611  	0.10946  	0.58360  	0.79471  	1.29485  	0.42238  	-0.5748  	-0.0649  	-0.4486  	0.90314  	-0.0531  	-0.1899  	0.88418  	-0.1793  	-0.1351  	0.10833  	0.06591  	-0.3546  	-0.0849  	0.75034  	-0.1723  	0.18276  	-0.2647  	-0.6916  	0.54129  	0.36526  	-0.2112  	-0.3347  	0.77102  	0.25968  	-0.1335  	0.05201  	-0.0555  	-0.0348  	-0.1330  	-0.0285  	-0.0482  	-0.0706  	-0.0138  	-0.0205  	-0.0829  	0.00685  	-0.0078  	0.00291  	-0.0041  	-0.0210  	0.00125  	0.15874  	0.02319  	0.33221  	0.21428  	-0.2797  	-0.0024  	-0.0580  	0.22758  	1.21986  	126.623  	120.662  	
-1.3181  	0.09669  	-0.9808  	-3.4678  	-1.6509  	-3.1316  	1.02542  	0.60348  	0.06123  	0.89732  	1.35132  	0.20036  	-0.3240  	-0.6581  	-0.2287  	0.22995  	0.05791  	0.63948  	0.81403  	1.31144  	0.24006  	-0.5514  	-0.0609  	-0.4786  	0.84492  	0.02177  	-0.3415  	1.00338  	-0.1659  	-0.2099  	0.15849  	0.04539  	-0.3737  	-0.0960  	0.62587  	-0.0019  	0.11036  	-0.3317  	-0.6472  	0.40152  	0.37247  	-0.1722  	-0.3987  	0.72186  	0.24681  	-0.1256  	0.04831  	-0.0147  	-0.0075  	-0.1256  	-0.0378  	-0.0725  	-0.0681  	-0.0171  	-0.0110  	-0.0924  	0.01556  	0.01086  	0.01201  	0.00313  	-0.0089  	-0.0048  	0.17706  	0.03704  	0.33221  	0.21428  	-0.2797  	-0.0024  	-0.0580  	0.22758  	1.21986  	126.623  	120.662  	
-1.5420  	0.06585  	-0.9834  	-3.6934  	-1.6896  	-3.2749  	1.05474  	0.71638  	0.05018  	1.06081  	1.47270  	0.06185  	-0.3265  	-0.6024  	-0.2780  	-0.0509  	0.03767  	0.49739  	0.82405  	1.28066  	0.40987  	-0.4754  	-0.0126  	-0.4203  	0.97683  	-0.0153  	-0.2001  	0.82500  	-0.1534  	-0.1873  	0.11270  	-0.0059  	-0.3893  	-0.0846  	0.64028  	-0.0565  	0.14033  	-0.3125  	-0.6835  	0.44281  	0.27364  	-0.1806  	-0.3855  	0.69660  	0.29763  	-0.1699  	0.06147  	-0.0372  	-0.0465  	-0.1250  	-0.0488  	-0.0677  	-0.0572  	-0.0001  	-0.0299  	-0.1224  	0.03579  	-0.0026  	-0.0124  	0.01990  	-0.0298  	-0.0098  	0.18652  	0.04561  	0.33221  	0.21428  	-0.2797  	-0.0024  	-0.0580  	0.22758  	1.21986  	126.623  	120.662  	
-1.1871  	0.17303  	-0.6710  	-3.5440  	-1.7909  	-3.2656  	0.87704  	1.00289  	0.06414  	0.97117  	1.44682  	-0.0046  	-0.2653  	-0.5803  	0.03316  	-0.1774  	0.32781  	0.14515  	1.02825  	0.75094  	0.72435  	-0.7740  	-0.3026  	-0.2064  	0.99779  	0.07278  	0.10605  	0.33059  	-0.1928  	-0.1736  	0.27310  	-0.0357  	-0.5620  	-0.3507  	0.68009  	-0.2266  	0.23328  	-0.2532  	-0.9125  	0.35651  	0.36779  	0.03120  	-0.5834  	0.83259  	0.18438  	-0.0986  	0.02594  	-0.0155  	-0.0779  	-0.1524  	-0.0294  	-0.0520  	-0.0674  	0.02525  	-0.0260  	-0.1055  	0.01902  	-0.0119  	0.01153  	0.02108  	-0.0183  	-0.0215  	0.14592  	0.02259  	0.33221  	0.21428  	-0.2797  	-0.0024  	-0.0580  	0.22758  	1.21986  	126.623  	120.662  	
-0.5800  	0.35715  	-0.2300  	-2.9490  	-1.4493  	-2.9519  	0.94626  	1.11019  	0.14829  	0.73606  	1.07441  	0.27833  	-0.0542  	-0.1700  	0.85989  	-0.0649  	0.37765  	-0.0067  	0.98628  	0.52272  	0.93648  	-1.2305  	-0.7732  	-0.2005  	0.85912  	0.16451  	0.23329  	0.20319  	-0.0733  	-0.1130  	0.37379  	-0.0784  	-0.6252  	-0.5469  	0.71455  	-0.3649  	0.09150  	-0.2392  	-1.1555  	0.43163  	0.43145  	0.14482  	-0.7077  	0.94313  	0.13691  	-0.0907  	0.00371  	-0.0011  	-0.0747  	-0.1933  	0.01277  	-0.0389  	-0.1058  	0.03558  	-0.0380  	-0.0688  	-0.0167  	-0.0676  	-0.0076  	0.04630  	-0.0144  	-0.0168  	0.11345  	0.00762  	0.33221  	0.21428  	-0.2797  	-0.0024  	-0.0580  	0.22758  	1.21986  	126.623  	120.662  	
0.12716  	0.55010  	-0.0456  	-2.4763  	-1.3514  	-2.3808  	1.02522  	1.10536  	0.22846  	0.70616  	0.45218  	0.26974  	0.26213  	0.16492  	1.37496  	-0.1385  	0.41412  	-0.1304  	0.97861  	0.25959  	0.70254  	-0.9902  	-0.7559  	-0.2729  	0.88575  	0.21321  	0.11311  	0.19180  	-0.0086  	-0.0034  	0.46451  	-0.1041  	-0.6064  	-0.5912  	0.60170  	-0.4018  	0.05521  	-0.2674  	-1.1225  	0.35483  	0.49344  	0.20404  	-0.6307  	1.01598  	0.08819  	-0.0837  	-0.0200  	0.06425  	-0.0539  	-0.1626  	-0.0174  	-0.0387  	-0.0770  	0.04532  	-0.0274  	-0.0596  	-0.0190  	-0.0582  	-0.0027  	0.04902  	-0.0141  	-0.0084  	0.10400  	0.01144  	0.33221  	0.21428  	-0.2797  	-0.0024  	-0.0580  	0.22758  	1.21986  	126.623  	120.662  	
0.42230  	0.51906  	0.02372  	-2.0443  	-1.1656  	-2.0232  	1.17440  	1.19044  	0.14933  	0.48465  	0.21742  	0.18535  	0.25171  	0.31595  	1.65889  	-0.1129  	0.41781  	-0.1401  	0.98001  	0.20315  	0.71114  	-0.7876  	-0.6131  	-0.2212  	1.04888  	0.11289  	0.29198  	0.11080  	0.06919  	0.04372  	0.34489  	-0.0559  	-0.6311  	-0.5441  	0.74382  	-0.3534  	0.09174  	-0.2573  	-1.0308  	0.37563  	0.41152  	0.20785  	-0.6335  	0.99908  	0.08879  	-0.0720  	-0.0374  	0.09473  	-0.0250  	-0.1712  	0.00169  	-0.0392  	-0.0664  	0.02467  	-0.0160  	-0.0606  	-0.0111  	-0.0399  	-0.0081  	0.03348  	-0.0250  	-0.0053  	0.11537  	0.01913  	0.33221  	0.21428  	-0.2797  	-0.0024  	-0.0580  	0.22758  	1.21986  	126.623  	120.662  	
0.32806  	0.54215  	-0.1717  	-2.1099  	-1.1841  	-2.1929  	1.07393  	1.17136  	0.15789  	0.43867  	0.37420  	0.09950  	0.09183  	0.07301  	1.37395  	0.09505  	0.29431  	0.05810  	0.92290  	0.51623  	0.77022  	-0.6050  	-0.2934  	-0.1928  	1.26231  	-0.0318  	0.50506  	0.19315  	-0.1043  	0.07012  	0.19244  	0.04061  	-0.5490  	-0.3531  	0.94026  	-0.2849  	0.27944  	-0.2096  	-0.9640  	0.42686  	0.25146  	0.06478  	-0.5098  	0.90385  	0.16426  	-0.1039  	-0.0056  	0.03406  	-0.0183  	-0.1620  	-0.0060  	-0.0425  	-0.0564  	0.02325  	-0.0184  	-0.0693  	0.00994  	-0.0322  	0.00265  	0.02780  	-0.0265  	-0.0197  	0.13565  	0.01705  	0.33221  	0.21428  	-0.2797  	-0.0024  	-0.0580  	0.22758  	1.21986  	126.623  	120.662  	
-0.4593  	0.27873  	-0.5976  	-2.8065  	-1.3923  	-2.6969  	1.08099  	0.80388  	0.16997  	0.78177  	0.95839  	0.30644  	-0.0940  	-0.1799  	0.49012  	0.31925  	0.08231  	0.60231  	0.79093  	1.34477  	0.40906  	-0.5026  	-0.2020  	-0.3331  	1.04012  	-0.0834  	-0.0845  	0.81770  	-0.1481  	-0.0581  	0.05290  	0.07157  	-0.3558  	-0.0790  	0.80629  	-0.1339  	0.22363  	-0.2839  	-0.7104  	0.54172  	0.28854  	-0.1867  	-0.3622  	0.73402  	0.26049  	-0.1303  	0.05364  	-0.0474  	-0.0193  	-0.1306  	-0.0212  	-0.0529  	-0.0672  	-0.0119  	-0.0180  	-0.0725  	0.02003  	0.00245  	0.01019  	0.00570  	-0.0244  	0.00044  	0.15846  	0.02958  	0.33221  	0.21428  	-0.2797  	-0.0024  	-0.0580  	0.22758  	1.21986  	126.623  	120.662  	
-1.1424  	0.14022  	-0.9350  	-3.2940  	-1.5235  	-3.0493  	1.07030  	0.70023  	0.07212  	0.89567  	1.26972  	0.24655  	-0.2688  	-0.4859  	0.04909  	0.15522  	0.02311  	0.59133  	0.81769  	1.36688  	0.31873  	-0.4508  	-0.1336  	-0.4063  	1.00913  	-0.0750  	-0.2050  	0.95369  	-0.0880  	-0.1015  	0.10556  	0.01234  	-0.3883  	-0.0786  	0.74571  	-0.0294  	0.12533  	-0.3299  	-0.6849  	0.51021  	0.25617  	-0.1537  	-0.3959  	0.72765  	0.26203  	-0.1345  	0.05503  	-0.0324  	-0.0103  	-0.1329  	-0.0184  	-0.0648  	-0.0715  	-0.0156  	-0.0169  	-0.0869  	0.02335  	0.00500  	0.00211  	0.00440  	-0.0163  	-0.0227  	0.16834  	0.02451  	0.33221  	0.21428  	-0.2797  	-0.0024  	-0.0580  	0.22758  	1.21986  	126.623  	120.662  	
-1.3521  	0.12067  	-0.9280  	-3.5442  	-1.6121  	-3.2074  	1.05361  	0.74583  	0.05936  	1.03017  	1.39064  	0.13803  	-0.3290  	-0.4979  	-0.0689  	-0.0144  	0.04487  	0.47155  	0.82993  	1.27388  	0.45513  	-0.4271  	-0.0027  	-0.3575  	0.99767  	-0.0662  	-0.0787  	0.79260  	-0.1663  	-0.1268  	0.08808  	0.01296  	-0.3775  	-0.0770  	0.74269  	-0.1108  	0.17631  	-0.3142  	-0.7057  	0.49953  	0.24643  	-0.1634  	-0.4032  	0.72783  	0.28065  	-0.1602  	0.06162  	-0.0410  	-0.0424  	-0.1325  	-0.0302  	-0.0591  	-0.0640  	-3.6588  	-0.0320  	-0.1032  	0.02582  	-0.0066  	-0.0089  	0.01859  	-0.0215  	-0.0089  	0.16394  	0.02917  	0.33221  	0.21428  	-0.2797  	-0.0024  	-0.0580  	0.22758  	1.21986  	126.623  	120.662  	
-1.3789  	0.12157  	-0.8921  	-3.5872  	-1.6322  	-3.2472  	1.02682  	0.79411  	0.05459  	1.04219  	1.43190  	0.09402  	-0.3496  	-0.5197  	-0.1705  	-0.0503  	0.07434  	0.41722  	0.83960  	1.23197  	0.52984  	-0.4530  	0.03974  	-0.3163  	0.97968  	-0.0455  	-0.0054  	0.71106  	-0.2201  	-0.1425  	0.08790  	0.01491  	-0.3974  	-0.0762  	0.74466  	-0.1452  	0.22996  	-0.2946  	-0.7195  	0.47193  	0.27287  	-0.1595  	-0.4046  	0.72433  	0.27476  	-0.1640  	0.06053  	-0.0509  	-0.0493  	-0.1431  	-0.0425  	-0.0599  	-0.0610  	0.00164  	-0.0382  	-0.1111  	0.03004  	-0.0028  	-0.0110  	0.01078  	-0.0199  	-0.0056  	0.17208  	0.03468  	0.33221  	0.21428  	-0.2797  	-0.0024  	-0.0580  	0.22758  	1.21986  	126.623  	120.662  	
-1.1324  	0.16413  	-0.7239  	-3.5398  	-1.6716  	-3.2859  	0.92006  	0.96032  	0.12267  	0.99773  	1.47451  	0.01097  	-0.3672  	-0.4473  	-0.0530  	-0.1243  	0.16742  	0.36917  	0.91681  	1.17138  	0.65297  	-0.5036  	0.05155  	-0.1139  	1.09493  	-0.0975  	0.09530  	0.53573  	-0.3145  	-0.1281  	0.04155  	0.02493  	-0.4133  	-0.0840  	0.83387  	-0.2311  	0.37673  	-0.2582  	-0.7638  	0.50611  	0.21048  	-0.1447  	-0.4437  	0.71221  	0.27125  	-0.1379  	0.06357  	-0.0638  	-0.0704  	-0.1468  	-0.0413  	-0.0566  	-0.0786  	0.00127  	-0.0508  	-0.1013  	0.03083  	-0.0004  	0.00510  	0.00479  	-0.0218  	-0.0165  	0.15696  	0.02231  	0.33221  	0.21428  	-0.2797  	-0.0024  	-0.0580  	0.22758  	1.21986  	126.623  	120.662  	
-0.5303  	0.43878  	-0.3070  	-3.1197  	-1.5681  	-2.7067  	0.95418  	0.90416  	0.17337  	0.97062  	0.80169  	0.11721  	-0.0819  	0.05150  	0.47870  	0.09750  	0.09240  	0.40370  	0.91395  	1.12290  	0.57391  	-0.3676  	0.10803  	-0.2220  	1.14176  	-0.1064  	0.07429  	0.54123  	-0.3059  	-0.0158  	0.14261  	-0.0098  	-0.4199  	-0.0626  	0.73437  	-0.2513  	0.34223  	-0.2434  	-0.7741  	0.50683  	0.33534  	-0.2070  	-0.2983  	0.75982  	0.24192  	-0.1524  	0.05024  	-0.0321  	-0.0517  	-0.1107  	-0.0427  	-0.0608  	-0.0786  	-0.0006  	-0.0643  	-0.0861  	0.02324  	-0.0069  	-0.0030  	0.02889  	-0.0312  	0.00181  	0.13487  	0.02283  	0.33221  	0.21428  	-0.2797  	-0.0024  	-0.0580  	0.22758  	1.21986  	126.623  	120.662  	
-0.6165  	0.35237  	-0.4028  	-3.1846  	-1.6605  	-2.8094  	0.96617  	0.90326  	0.12734  	0.89204  	0.86520  	0.04440  	-0.1695  	-0.2642  	0.31722  	0.12614  	0.14945  	0.52007  	0.92943  	1.22745  	0.49386  	-0.4122  	0.12081  	-0.3186  	1.09549  	-0.1032  	0.00557  	0.63191  	-0.1884  	-0.0598  	0.10359  	0.02516  	-0.4709  	-0.1079  	0.67015  	-0.1597  	0.26703  	-0.2316  	-0.7492  	0.50789  	0.33423  	-0.2312  	-0.2764  	0.78326  	0.24285  	-0.1529  	0.05729  	-0.0431  	-0.0123  	-0.1551  	-0.0292  	-0.0680  	-0.0754  	0.00679  	-0.0328  	-0.0855  	0.01551  	-0.0087  	0.01775  	0.01092  	-0.0304  	0.00527  	0.15300  	0.02774  	0.33221  	0.21428  	-0.2797  	-0.0024  	-0.0580  	0.22758  	1.21986  	126.623  	120.662  	
-0.6246  	0.27759  	-0.5421  	-2.9933  	-1.5192  	-2.7762  	1.05731  	0.77859  	0.10838  	0.74097  	0.93469  	0.07884  	-0.2407  	-0.4774  	0.41737  	0.11125  	0.18663  	0.52853  	0.88218  	1.14051  	0.52964  	-0.5165  	0.04723  	-0.3390  	1.21696  	-0.1126  	0.20503  	0.61328  	-0.1934  	-0.0085  	0.04625  	0.07220  	-0.4169  	-0.0971  	0.79652  	-0.1371  	0.32495  	-0.2473  	-0.7664  	0.53449  	0.27952  	-0.1658  	-0.3477  	0.76620  	0.28868  	-0.1364  	0.05045  	-0.0767  	-0.0403  	-0.1367  	-0.0143  	-0.0610  	-0.0725  	0.00147  	-0.0336  	-0.0824  	0.01343  	-0.0081  	0.00835  	0.00547  	-0.0267  	-0.0001  	0.16992  	0.02856  	0.33221  	0.21428  	-0.2797  	-0.0024  	-0.0580  	0.22758  	1.21986  	126.623  	120.662  	
-0.5318  	0.25117  	-0.4611  	-2.8879  	-1.5204  	-2.6223  	0.99587  	0.74300  	0.10312  	0.73185  	0.86415  	0.13837  	-0.2976  	-0.5245  	0.39907  	0.26855  	0.14634  	0.51791  	0.86442  	1.19359  	0.45637  	-0.4965  	0.02742  	-0.3365  	1.22127  	-0.1296  	0.14128  	0.70233  	-0.1572  	0.03701  	0.02694  	0.10532  	-0.4527  	-0.0842  	0.74492  	-0.0613  	0.30429  	-0.2369  	-0.7514  	0.51057  	0.28221  	-0.1710  	-0.3483  	0.76646  	0.27276  	-0.1459  	0.05180  	-0.0522  	-0.0319  	-0.1326  	-0.0108  	-0.0499  	-0.0584  	0.00444  	-0.0261  	-0.0883  	0.02529  	-0.0004  	0.01005  	-0.0090  	-0.0315  	-0.0219  	0.17215  	0.02562  	0.33221  	0.21428  	-0.2797  	-0.0024  	-0.0580  	0.22758  	1.21986  	126.623  	120.662  	
-0.3691  	0.29409  	-0.4764  	-2.7329  	-1.4109  	-2.5558  	1.02297  	0.72758  	0.04267  	0.77501  	0.75608  	0.25384  	-0.2422  	-0.5844  	0.39725  	0.38228  	0.10000  	0.57304  	0.81767  	1.25318  	0.23470  	-0.4962  	-0.0899  	-0.4056  	1.23292  	-0.1386  	0.05426  	0.84485  	-0.0623  	0.04051  	0.04087  	0.08145  	-0.4434  	-0.0708  	0.76255  	-0.0190  	0.18482  	-0.2673  	-0.6879  	0.58454  	0.28266  	-0.1868  	-0.3127  	0.77600  	0.27030  	-0.1360  	0.05296  	-0.0515  	-0.0175  	-0.1379  	-0.0083  	-0.0554  	-0.0652  	-0.0098  	-0.0158  	-0.0902  	0.02896  	0.00529  	0.00560  	-0.0093  	-0.0419  	-0.0264  	0.17368  	0.02701  	0.33221  	0.21428  	-0.2797  	-0.0024  	-0.0580  	0.22758  	1.21986  	126.623  	120.662  	
-0.3119  	0.27867  	-0.4201  	-2.5734  	-1.3450  	-2.5169  	0.99408  	0.74998  	0.05442  	0.74651  	0.85983  	0.25472  	-0.2700  	-0.5538  	0.45152  	0.51238  	0.10491  	0.47867  	0.85893  	1.26074  	0.42007  	-0.5417  	-0.1325  	-0.2966  	1.27547  	-0.1783  	0.14040  	0.73126  	-0.1959  	0.05352  	-0.0078  	0.15320  	-0.4710  	-0.1192  	0.91177  	-0.0012  	0.32173  	-0.2457  	-0.7674  	0.52973  	0.19983  	-0.1631  	-0.3514  	0.76890  	0.28057  	-0.1277  	0.04289  	-0.0363  	-0.0177  	-0.1387  	0.00912  	-0.0634  	-0.0551  	-0.0080  	-0.0220  	-0.0803  	0.03457  	0.00813  	0.00870  	-0.0006  	-0.0493  	-0.0421  	0.17940  	0.02772  	0.33221  	0.21428  	-0.2797  	-0.0024  	-0.0580  	0.22758  	1.21986  	126.623  	120.662  	
0.30805  	0.47838  	-0.1318  	-2.2274  	-1.1400  	-2.2137  	1.12720  	1.01822  	0.17387  	0.61185  	0.58300  	0.22695  	-0.0342  	0.01963  	1.06654  	0.47477  	0.11677  	0.40613  	0.85679  	1.13369  	0.64561  	-0.4241  	-0.1656  	-0.2064  	1.36710  	-0.2074  	0.38465  	0.51312  	-0.2332  	0.07693  	-0.0754  	0.15314  	-0.4272  	-0.0959  	1.04987  	-0.1445  	0.38890  	-0.2337  	-0.7456  	0.56145  	0.14253  	-0.1429  	-0.3447  	0.77049  	0.27101  	-0.1397  	0.03649  	-0.0254  	0.00159  	-0.1424  	0.01302  	-0.0584  	-0.0672  	-0.0140  	-0.0214  	-0.0697  	0.01712  	0.00088  	0.00446  	-0.0015  	-0.0408  	-0.0223  	0.15856  	0.02677  	0.33221  	0.21428  	-0.2797  	-0.0024  	-0.0580  	0.22758  	1.21986  	126.623  	120.662  	
0.39423  	0.49808  	-0.0415  	-2.0568  	-1.0887  	-2.0861  	1.16583  	1.07847  	0.24468  	0.60774  	0.49052  	0.24584  	0.00531  	0.21171  	1.11285  	0.46516  	0.13724  	0.31670  	0.78113  	1.03794  	0.72323  	-0.3151  	-0.0824  	-0.2758  	1.40183  	-0.2363  	0.40559  	0.39927  	-0.2742  	0.11341  	-0.0690  	0.11900  	-0.3768  	-0.0842  	1.08386  	-0.1712  	0.38489  	-0.2094  	-0.7606  	0.56265  	0.16079  	-0.1342  	-0.3139  	0.78830  	0.26585  	-0.1403  	0.02423  	0.01602  	0.01850  	-0.1593  	-8.2091  	-0.0571  	-0.0566  	-0.0119  	-0.0262  	-0.0389  	0.02846  	-0.0058  	-0.0083  	-0.0039  	-0.0290  	-0.0144  	0.18202  	0.02314  	0.33221  	0.21428  	-0.2797  	-0.0024  	-0.0580  	0.22758  	1.21986  	126.623  	120.662  	
0.04044  	0.41696  	-0.2468  	-2.1330  	-1.1570  	-2.3735  	1.12836  	0.97618  	0.18179  	0.73199  	0.60955  	0.20726  	-0.0861  	0.19761  	1.13345  	0.38673  	0.13997  	0.39005  	0.82455  	1.13745  	0.59266  	-0.4014  	-0.1928  	-0.1258  	1.35495  	-0.1978  	0.41134  	0.36471  	-0.3579  	0.12257  	-0.0608  	0.17160  	-0.4191  	-0.0609  	1.11356  	-0.2111  	0.43762  	-0.2094  	-0.7969  	0.56817  	0.09568  	-0.1517  	-0.3690  	0.78524  	0.27705  	-0.1342  	0.03668  	-0.0221  	-0.0117  	-0.1286  	-0.0075  	-0.0551  	-0.0751  	0.00477  	-0.0358  	-0.0800  	0.02019  	0.00404  	0.00368  	-0.0070  	-0.0400  	-0.0216  	0.16207  	0.00461  	0.33221  	0.21428  	-0.2797  	-0.0024  	-0.0580  	0.22758  	1.21986  	126.623  	120.662  	
-0.3243  	0.32655  	-0.6264  	-2.5533  	-1.1929  	-2.6511  	0.96245  	0.77655  	0.10089  	0.61847  	0.79122  	0.31917  	-0.1597  	-0.1828  	1.13777  	0.13239  	0.17156  	0.35857  	0.84811  	1.02058  	0.65739  	-0.4377  	-0.0712  	-0.1103  	1.16338  	-0.1799  	0.38375  	0.39444  	-0.5479  	0.03831  	0.05670  	0.17898  	-0.3878  	-0.1171  	1.10620  	-0.2746  	0.50822  	-0.2323  	-0.8998  	0.51204  	0.12350  	-0.1087  	-0.4744  	0.78022  	0.27312  	-0.1139  	0.05963  	-0.0803  	-0.0442  	-0.0980  	-0.0023  	-0.0656  	-0.0947  	-0.0021  	-0.0363  	-0.0814  	0.03025  	0.02297  	-0.0095  	-0.0150  	-0.0354  	-0.0102  	0.15547  	0.00294  	0.33221  	0.21428  	-0.2797  	-0.0024  	-0.0580  	0.22758  	1.21986  	126.623  	120.662  	
0.42541  	0.51770  	0.04095  	-2.3887  	-1.2336  	-2.1476  	1.22383  	0.97710  	0.18569  	0.67497  	0.16301  	0.00910  	0.13342  	0.52919  	1.48842  	0.02795  	0.14988  	0.31758  	0.76309  	0.82944  	0.56605  	-0.3134  	0.07795  	-0.1734  	1.31138  	-0.1813  	0.49775  	0.32173  	-0.2508  	0.09414  	0.03349  	0.09610  	-0.3811  	-0.0861  	1.03286  	-0.2263  	0.32881  	-0.2361  	-0.7603  	0.56496  	0.16527  	-0.1439  	-0.3314  	0.76953  	0.26401  	-0.1275  	0.03334  	0.01950  	0.01835  	-0.1287  	-0.0072  	-0.0532  	-0.0722  	-0.0105  	-0.0268  	-0.0552  	0.00711  	-0.0096  	-0.0023  	-0.0006  	-0.0256  	0.00409  	0.17064  	0.00936  	0.33221  	0.21428  	-0.2797  	-0.0024  	-0.0580  	0.22758  	1.21986  	126.623  	120.662  	
0.36699  	0.52180  	-0.0309  	-2.3037  	-1.2868  	-2.2086  	1.21945  	0.95243  	0.17305  	0.76609  	0.09106  	-0.1574  	0.14686  	0.32454  	1.36303  	-0.0544  	0.18234  	0.32372  	0.77644  	0.87903  	0.46240  	-0.1984  	0.13609  	-0.2835  	1.45490  	-0.2069  	0.45660  	0.36948  	-0.1275  	0.15280  	0.02380  	0.08299  	-0.4510  	-0.0798  	0.86082  	-0.2353  	0.36326  	-0.2454  	-0.6840  	0.55876  	0.18371  	-0.1752  	-0.2805  	0.79618  	0.25513  	-0.1339  	0.02387  	0.03336  	0.02880  	-0.1462  	-0.0052  	-0.0575  	-0.0667  	-0.0102  	-0.0257  	-0.0498  	-0.0043  	-0.0100  	-0.0038  	0.01400  	-0.0218  	-0.0145  	0.17087  	0.00831  	0.33221  	0.21428  	-0.2797  	-0.0024  	-0.0580  	0.22758  	1.21986  	126.623  	120.662  	
0.12133  	0.42472  	-0.3853  	-2.1067  	-1.1480  	-2.3242  	1.04881  	0.88377  	0.11400  	0.62783  	0.31036  	0.01164  	-0.0246  	-0.0817  	1.37279  	0.25145  	0.22698  	0.27643  	0.86435  	0.92741  	0.64938  	-0.2843  	0.14308  	-0.2449  	1.33752  	-0.1711  	0.53466  	0.22522  	-0.3455  	0.11962  	-0.0201  	0.13952  	-0.4735  	-0.0896  	1.01075  	-0.2075  	0.47343  	-0.1995  	-0.7933  	0.54338  	0.12147  	-0.1500  	-0.3348  	0.78685  	0.26338  	-0.1398  	0.02236  	-0.0190  	-0.0075  	-0.1416  	-0.0072  	-0.0553  	-0.0746  	0.00032  	-0.0235  	-0.0529  	0.01338  	-0.0038  	-0.0051  	-0.0024  	-0.0294  	-0.0041  	0.15211  	0.01652  	0.33221  	0.21428  	-0.2797  	-0.0024  	-0.0580  	0.22758  	1.21986  	126.623  	120.662  	
0.01305  	0.40098  	-0.2510  	-2.3685  	-1.2810  	-2.2509  	1.01114  	0.90437  	0.12213  	0.61815  	0.73178  	0.12088  	-0.1977  	-0.3349  	0.73749  	0.47985  	0.13245  	0.37258  	0.86265  	1.13903  	0.60297  	-0.4059  	-0.1547  	-0.2374  	1.30052  	-0.2213  	0.28048  	0.47707  	-0.3269  	0.06145  	-0.0684  	0.14572  	-0.4505  	-0.1172  	0.98125  	-0.1222  	0.49406  	-0.2048  	-0.7705  	0.54605  	0.20770  	-0.1758  	-0.3182  	0.78277  	0.29158  	-0.1321  	0.03409  	-0.0606  	0.00344  	-0.1585  	-0.0096  	-0.0686  	-0.0649  	-0.0087  	-0.0362  	-0.0725  	0.03908  	-0.0017  	-0.0052  	-0.0003  	-0.0450  	-0.0149  	0.17635  	0.02852  	0.33221  	0.21428  	-0.2797  	-0.0024  	-0.0580  	0.22758  	1.21986  	126.623  	120.662  	
-0.1605  	0.31073  	-0.1991  	-2.7706  	-1.4475  	-2.4330  	1.05670  	0.78924  	0.09453  	0.74481  	0.92262  	0.17863  	-0.3108  	-0.4927  	0.27120  	0.62252  	0.03431  	0.54798  	0.85656  	1.22163  	0.49726  	-0.4964  	-0.1640  	-0.2472  	1.31159  	-0.1813  	0.21201  	0.62088  	-0.2164  	-0.0016  	-0.0035  	0.13043  	-0.4560  	-0.0938  	0.92713  	0.03875  	0.38979  	-0.2028  	-0.8067  	0.52044  	0.23158  	-0.1831  	-0.3424  	0.78595  	0.28377  	-0.1462  	0.03759  	-0.0437  	-0.0119  	-0.1459  	0.00535  	-0.0621  	-0.0512  	-0.0092  	-0.0099  	-0.0802  	0.03368  	0.00612  	0.00793  	0.01002  	-0.0442  	-0.0431  	0.18045  	0.03218  	0.33221  	0.21428  	-0.2797  	-0.0024  	-0.0580  	0.22758  	1.21986  	126.623  	120.662  	
-0.7388  	0.20096  	-0.5886  	-3.0475  	-1.6057  	-2.7446  	1.05401  	0.67316  	0.02972  	0.76947  	1.01637  	0.05136  	-0.3682  	-0.6078  	0.25733  	0.24277  	0.11218  	0.55332  	0.84671  	1.14810  	0.48142  	-0.5215  	-0.0485  	-0.2522  	1.32738  	-0.1686  	0.23771  	0.64952  	-0.1938  	-0.0150  	0.00274  	0.11849  	-0.4786  	-0.1190  	0.83557  	0.02941  	0.38342  	-0.2314  	-0.7635  	0.56747  	0.26852  	-0.1813  	-0.3564  	0.77056  	0.28860  	-0.1430  	0.05761  	-0.0823  	-0.0361  	-0.1189  	0.00341  	-0.0542  	-0.0554  	-0.0029  	-0.0160  	-0.0905  	0.02250  	0.01680  	0.01378  	0.01133  	-0.0441  	-0.0208  	0.17527  	0.02959  	0.33221  	0.21428  	-0.2797  	-0.0024  	-0.0580  	0.22758  	1.21986  	126.623  	120.662  	
-0.8333  	0.16157  	-0.6571  	-3.1860  	-1.6104  	-2.8448  	1.06154  	0.68659  	0.05919  	0.88017  	1.05129  	0.11402  	-0.2777  	-0.4543  	0.23092  	0.10191  	0.11611  	0.56030  	0.82880  	1.20750  	0.38290  	-0.5193  	-0.0640  	-0.3749  	1.22641  	-0.1216  	0.08998  	0.72274  	-0.1294  	-0.0097  	0.03836  	0.05531  	-0.4307  	-0.0768  	0.76488  	-0.0192  	0.23989  	-0.2558  	-0.7259  	0.52224  	0.28582  	-0.1573  	-0.3478  	0.74910  	0.28646  	-0.1301  	0.04761  	-0.0554  	-0.0330  	-0.1418  	-0.0140  	-0.0600  	-0.0735  	-0.0101  	-0.0276  	-0.0856  	0.01569  	0.00250  	0.00356  	0.00129  	-0.0261  	-0.0181  	0.16667  	0.02506  	0.33221  	0.21428  	-0.2797  	-0.0024  	-0.0580  	0.22758  	1.21986  	126.623  	120.662  	
-0.6960  	0.27853  	-0.5633  	-3.0492  	-1.5593  	-2.7616  	0.99326  	0.77215  	0.08386  	0.76509  	0.87145  	0.15025  	-0.2286  	-0.3784  	0.51125  	0.08031  	0.17243  	0.51217  	0.85287  	1.12628  	0.45551  	-0.4723  	0.05062  	-0.3451  	1.19254  	-0.1199  	0.16509  	0.59808  	-0.1542  	0.01703  	0.06385  	0.05050  	-0.4525  	-0.1035  	0.76435  	-0.0929  	0.28045  	-0.2564  	-0.7525  	0.55256  	0.30707  	-0.1733  	-0.3267  	0.75347  	0.27799  	-0.1331  	0.05934  	-0.0582  	-0.0257  	-0.1395  	-0.0140  	-0.0621  	-0.0733  	-0.0012  	-0.0324  	-0.0925  	0.01357  	-0.0042  	0.01046  	0.00586  	-0.0324  	-0.0078  	0.16994  	0.02063  	0.33221  	0.21428  	-0.2797  	-0.0024  	-0.0580  	0.22758  	1.21986  	126.623  	120.662  	
-0.4905  	0.29288  	-0.3970  	-3.0227  	-1.6137  	-2.6170  	0.98266  	0.82761  	0.14173  	0.74981  	0.90099  	0.11880  	-0.2645  	-0.4741  	0.33754  	0.24516  	0.13779  	0.50929  	0.87371  	1.15858  	0.49787  	-0.5140  	0.06818  	-0.3630  	1.12918  	-0.1189  	0.06904  	0.65535  	-0.1735  	-0.0329  	0.04862  	0.09321  	-0.4153  	-0.0954  	0.74168  	-0.1066  	0.34043  	-0.2268  	-0.7388  	0.50554  	0.35790  	-0.2161  	-0.3134  	0.77493  	0.27056  	-0.1436  	0.05329  	-0.0490  	-0.0282  	-0.1368  	-0.0133  	-0.0575  	-0.0698  	-0.0030  	-0.0296  	-0.0911  	0.02915  	-0.0021  	0.00970  	-0.0039  	-0.0332  	-0.0126  	0.17474  	0.02811  	0.33221  	0.21428  	-0.2797  	-0.0024  	-0.0580  	0.22758  	1.21986  	126.623  	120.662  	
-0.3731  	0.32664  	-0.3371  	-2.9312  	-1.5304  	-2.5173  	1.01655  	0.81171  	0.11071  	0.80068  	0.87280  	0.18521  	-0.2493  	-0.4612  	0.25101  	0.37664  	0.11227  	0.57562  	0.85100  	1.20239  	0.40188  	-0.5175  	-0.0535  	-0.4234  	1.14771  	-0.1305  	0.02563  	0.76583  	-0.1222  	-0.0089  	0.04890  	0.08462  	-0.4136  	-0.0901  	0.78164  	-0.0667  	0.30434  	-0.2512  	-0.7221  	0.53540  	0.32756  	-0.1856  	-0.3032  	0.77840  	0.26925  	-0.1325  	0.04672  	-0.0458  	-0.0205  	-0.1441  	-0.0063  	-0.0580  	-0.0616  	-0.0080  	-0.0209  	-0.0801  	0.02685  	-0.0079  	0.00613  	-0.0022  	-0.0372  	-0.0257  	0.16861  	0.03678  	0.33221  	0.21428  	-0.2797  	-0.0024  	-0.0580  	0.22758  	1.21986  	126.623  	120.662  	
-0.4743  	0.27387  	-0.4458  	-2.7709  	-1.4579  	-2.5610  	0.95097  	0.72825  	0.03303  	0.68735  	0.92439  	0.16845  	-0.3693  	-0.4893  	0.45752  	0.36081  	0.13138  	0.48085  	0.85269  	1.11453  	0.55048  	-0.4805  	-0.0503  	-0.2880  	1.20875  	-0.1911  	0.21782  	0.57426  	-0.2273  	0.02685  	-0.0161  	0.13918  	-0.4696  	-0.1266  	0.94314  	-0.0110  	0.40868  	-0.2213  	-0.8119  	0.51483  	0.26078  	-0.1691  	-0.3488  	0.75494  	0.26960  	-0.1280  	0.05137  	-0.0717  	-0.0342  	-0.1354  	0.00703  	-0.0571  	-0.0612  	-0.0103  	-0.0174  	-0.0720  	0.03626  	0.01047  	0.00866  	0.00136  	-0.0365  	-0.0331  	0.18053  	0.02724  	0.33221  	0.21428  	-0.2797  	-0.0024  	-0.0580  	0.22758  	1.21986  	126.623  	120.662  	
-0.3331  	0.26172  	-0.4496  	-2.7269  	-1.4365  	-2.5246  	1.02430  	0.70776  	0.05762  	0.74442  	0.87446  	0.09542  	-0.3214  	-0.5544  	0.48955  	0.39408  	0.10609  	0.50882  	0.84560  	1.16212  	0.45887  	-0.4926  	-0.0685  	-0.3422  	1.25883  	-0.1701  	0.16530  	0.67008  	-0.2408  	0.02744  	0.00691  	0.12953  	-0.4856  	-0.1006  	0.89791  	-0.0030  	0.38437  	-0.2332  	-0.7923  	0.51291  	0.23162  	-0.1755  	-0.3420  	0.76042  	0.28052  	-0.1386  	0.05024  	-0.0758  	-0.0299  	-0.1366  	0.00078  	-0.0558  	-0.0593  	-0.0078  	-0.0156  	-0.0722  	0.02839  	0.00720  	0.00275  	0.00432  	-0.0423  	-0.0331  	0.17507  	0.02786  	0.33221  	0.21428  	-0.2797  	-0.0024  	-0.0580  	0.22758  	1.21986  	126.623  	120.662  	
-0.2178  	0.27228  	-0.3471  	-2.5704  	-1.2766  	-2.5084  	1.10589  	0.71730  	0.05674  	0.86916  	0.82268  	0.15780  	-0.2914  	-0.5278  	0.41331  	0.54756  	0.05479  	0.56554  	0.84240  	1.25687  	0.30668  	-0.4920  	-0.2139  	-0.3283  	1.34594  	-0.1847  	0.18932  	0.80042  	-0.1565  	0.03643  	-0.0409  	0.14277  	-0.4797  	-0.0893  	0.88665  	0.06332  	0.29057  	-0.2322  	-0.7482  	0.57480  	0.23652  	-0.1558  	-0.3443  	0.76653  	0.28094  	-0.1382  	0.04096  	-0.0422  	-0.0219  	-0.1358  	0.01169  	-0.0552  	-0.0567  	-0.0109  	-0.0140  	-0.0806  	0.03215  	0.00167  	0.00013  	0.00732  	-0.0418  	-0.0409  	0.16973  	0.02489  	0.33221  	0.21428  	-0.2797  	-0.0024  	-0.0580  	0.22758  	1.21986  	126.623  	120.662  	
-0.1096  	0.30475  	-0.3123  	-2.4652  	-1.2177  	-2.4345  	1.11822  	0.72880  	0.08340  	0.85085  	0.76375  	0.24989  	-0.2615  	-0.4999  	0.35774  	0.62831  	0.03536  	0.57752  	0.83124  	1.25206  	0.26651  	-0.4591  	-0.3149  	-0.2767  	1.40091  	-0.2052  	0.25533  	0.77908  	-0.0775  	0.06675  	-0.0588  	0.14535  	-0.4741  	-0.0911  	0.88385  	0.12225  	0.24292  	-0.2370  	-0.7156  	0.59141  	0.22770  	-0.1316  	-0.3253  	0.76448  	0.26611  	-0.1437  	0.02866  	-0.0209  	0.00190  	-0.1642  	0.01122  	-0.0673  	-0.0605  	-0.0107  	-0.0132  	-0.0727  	0.03996  	0.00451  	0.01263  	0.00273  	-0.0432  	-0.0360  	0.18154  	0.03236  	0.33221  	0.21428  	-0.2797  	-0.0024  	-0.0580  	0.22758  	1.21986  	126.623  	120.662  	
-0.1486  	0.32029  	-0.2807  	-2.5448  	-1.2751  	-2.4677  	1.11239  	0.75125  	0.08400  	0.87950  	0.76729  	0.20485  	-0.2658  	-0.4520  	0.38312  	0.52946  	0.05003  	0.59915  	0.86032  	1.30671  	0.26627  	-0.4540  	-0.2996  	-0.3018  	1.38246  	-0.2145  	0.21782  	0.78711  	-0.0716  	0.06483  	-0.0425  	0.16397  	-0.4634  	-0.0811  	0.85789  	0.07105  	0.25462  	-0.2374  	-0.7288  	0.60274  	0.26312  	-0.1734  	-0.3263  	0.78326  	0.27905  	-0.1378  	0.02670  	-0.0205  	0.00328  	-0.1653  	0.00224  	-0.0606  	-0.0506  	-0.0078  	-0.0127  	-0.0781  	0.03702  	-0.0003  	0.00951  	0.00475  	-0.0327  	-0.0376  	0.17385  	0.02696  	0.33221  	0.21428  	-0.2797  	-0.0024  	-0.0580  	0.22758  	1.21986  	126.623  	120.662  	
-0.5043  	0.27466  	-0.4839  	-2.6239  	-1.3742  	-2.5463  	1.05401  	0.66603  	0.02481  	0.71115  	0.61647  	0.09708  	-0.2883  	-0.4341  	0.43784  	0.27450  	0.13557  	0.51876  	0.83715  	1.20727  	0.29287  	-0.4800  	-0.1508  	-0.2399  	1.43232  	-0.1725  	0.26957  	0.77348  	-0.0895  	0.09650  	-0.0475  	0.14714  	-0.4947  	-0.0958  	0.84956  	0.08378  	0.25761  	-0.2390  	-0.7130  	0.56343  	0.21450  	-0.1660  	-0.3461  	0.78041  	0.26585  	-0.1424  	0.04456  	-0.0473  	-0.0200  	-0.1571  	0.01706  	-0.0509  	-0.0532  	-0.0027  	-0.0168  	-0.0853  	0.03583  	0.00242  	0.01352  	0.00416  	-0.0484  	-0.0430  	0.17786  	0.03020  	0.33221  	0.21428  	-0.2797  	-0.0024  	-0.0580  	0.22758  	1.21986  	126.623  	120.662  	
-0.5303  	0.24696  	-0.5442  	-2.9342  	-1.5053  	-2.5903  	1.02244  	0.68013  	0.04397  	0.60893  	0.78511  	0.05332  	-0.2893  	-0.5204  	0.56009  	0.20273  	0.15549  	0.52272  	0.79120  	1.16508  	0.46269  	-0.4600  	0.07248  	-0.3294  	1.28338  	-0.1292  	0.20692  	0.70424  	-0.1229  	-0.0051  	0.01823  	0.11208  	-0.4743  	-0.0903  	0.82964  	-0.0662  	0.33551  	-0.2238  	-0.7642  	0.50811  	0.26807  	-0.1418  	-0.3581  	0.75083  	0.28891  	-0.1403  	0.05748  	-0.0812  	-0.0348  	-0.1496  	-0.0158  	-0.0462  	-0.0614  	-0.0121  	-0.0225  	-0.0908  	0.02123  	0.00075  	0.01032  	-0.0100  	-0.0321  	-0.0244  	0.17472  	0.03364  	0.33221  	0.21428  	-0.2797  	-0.0024  	-0.0580  	0.22758  	1.21986  	126.623  	120.662  	
-0.1756  	0.35966  	-0.3680  	-2.4466  	-1.3064  	-2.4192  	1.05466  	0.89152  	0.12760  	0.61245  	0.53104  	0.26485  	-0.1145  	-0.1437  	0.93354  	0.24355  	0.13073  	0.48826  	0.78430  	1.17746  	0.42082  	-0.3950  	-0.0874  	-0.2692  	1.22385  	-0.1402  	0.19005  	0.64900  	-0.1922  	0.02929  	0.00504  	0.07831  	-0.3967  	-0.0713  	0.91240  	-0.1441  	0.30413  	-0.2557  	-0.7304  	0.53775  	0.20056  	-0.1601  	-0.3273  	0.75331  	0.27016  	-0.1294  	0.06235  	-0.0367  	-0.0239  	-0.1321  	0.00530  	-0.0577  	-0.0630  	-0.0121  	-0.0333  	-0.0876  	0.02192  	0.00555  	0.01550  	0.00634  	-0.0365  	-0.0206  	0.15787  	0.02141  	0.33221  	0.21428  	-0.2797  	-0.0024  	-0.0580  	0.22758  	1.21986  	126.623  	120.662  	
0.31505  	0.53294  	-0.0703  	-2.1980  	-1.1763  	-2.0405  	1.09671  	1.08911  	0.25727  	0.61792  	0.35565  	0.15153  	0.04728  	0.24418  	1.12768  	0.28824  	0.16212  	0.41124  	0.84733  	1.01651  	0.58433  	-0.3539  	0.02227  	-0.3140  	1.33618  	-0.1870  	0.32994  	0.46439  	-0.2071  	0.09269  	-0.0064  	0.08715  	-0.3965  	-0.0999  	0.96716  	-0.2164  	0.34807  	-0.2556  	-0.6891  	0.58317  	0.16968  	-0.1560  	-0.2906  	0.79180  	0.25780  	-0.1364  	0.01999  	0.00701  	0.01805  	-0.1453  	-0.0056  	-0.0648  	-0.0700  	-0.0145  	-0.0267  	-0.0448  	0.00868  	-0.0096  	0.00013  	0.00842  	-0.0308  	0.00094  	0.16900  	0.01515  	0.33221  	0.21428  	-0.2797  	-0.0024  	-0.0580  	0.22758  	1.21986  	126.623  	120.662  	
0.29337  	0.57107  	-0.1684  	-2.1473  	-1.1144  	-2.2702  	1.20108  	1.06925  	0.17508  	0.69640  	0.28384  	0.01600  	0.12717  	0.55788  	1.25036  	0.06349  	0.12274  	0.38713  	0.81675  	0.94849  	0.54216  	-0.2579  	-0.1154  	-0.1796  	1.39422  	-0.2687  	0.43799  	0.37141  	-0.1198  	0.15362  	0.03663  	0.09225  	-0.3956  	-0.1288  	1.07375  	-0.2121  	0.39361  	-0.2993  	-0.7062  	0.62187  	0.09661  	-0.1526  	-0.3719  	0.79415  	0.24699  	-0.1183  	0.04121  	-0.0055  	0.01277  	-0.1330  	0.01045  	-0.0515  	-0.0715  	-0.0146  	-0.0288  	-0.0584  	-0.0039  	-0.0184  	0.00618  	0.03592  	-0.0371  	0.00934  	0.15695  	0.01022  	0.33221  	0.21428  	-0.2797  	-0.0024  	-0.0580  	0.22758  	1.21986  	126.623  	120.662  	
-0.6189  	0.34521  	-0.7028  	-3.1812  	-1.4606  	-2.8437  	1.06844  	0.69772  	0.10500  	0.74698  	1.05748  	0.08753  	-0.2226  	-0.4062  	0.67924  	0.11153  	0.05279  	0.42142  	0.78692  	1.09118  	0.75069  	-0.6200  	-0.0236  	-0.2433  	0.96248  	-0.0991  	0.26032  	0.36467  	-0.5220  	-0.0455  	0.05891  	0.15468  	-0.3817  	-0.1257  	1.05187  	-0.2974  	0.51573  	-0.2283  	-0.8814  	0.51279  	0.22570  	-0.1309  	-0.3944  	0.73447  	0.29776  	-0.1148  	0.07536  	-0.0832  	-0.0462  	-0.1375  	-0.0139  	-0.0618  	-0.0939  	-0.0020  	-0.0563  	-0.0964  	0.01103  	-0.0009  	-0.0029  	-0.0176  	-0.0381  	-0.0209  	0.14872  	0.00480  	0.33221  	0.21428  	-0.2797  	-0.0024  	-0.0580  	0.22758  	1.21986  	126.623  	120.662  	
-0.6360  	0.19943  	-0.4670  	-3.3490  	-1.6989  	-2.6676  	1.03916  	0.64461  	0.11328  	0.80899  	1.06161  	0.05691  	-0.3105  	-0.5621  	0.29286  	0.16308  	0.14066  	0.54617  	0.88868  	1.11802  	0.58327  	-0.4919  	0.03346  	-0.3133  	1.16181  	-0.1510  	0.14474  	0.55545  	-0.2721  	-0.0411  	0.05662  	0.08042  	-0.4079  	-0.0809  	0.79725  	-0.0943  	0.38738  	-0.2197  	-0.8217  	0.50630  	0.31548  	-0.1649  	-0.3431  	0.74210  	0.29393  	-0.1217  	0.04696  	-0.0897  	-0.0440  	-0.1294  	-0.0315  	-0.0666  	-0.0621  	-0.0016  	-0.0373  	-0.0868  	0.01892  	0.00497  	0.00903  	0.01119  	-0.0268  	-0.0121  	0.15666  	0.03128  	0.33221  	0.21428  	-0.2797  	-0.0024  	-0.0580  	0.22758  	1.21986  	126.623  	120.662  	
-0.8148  	0.20335  	-0.5278  	-3.1806  	-1.6081  	-2.8395  	1.13384  	0.68739  	0.10692  	0.84392  	0.99332  	0.05650  	-0.3050  	-0.4981  	0.24321  	0.19487  	0.13690  	0.57599  	0.86025  	1.20462  	0.35937  	-0.5052  	-0.0652  	-0.3520  	1.20318  	-0.1273  	0.10797  	0.71688  	-0.0976  	-0.0086  	0.06386  	0.05531  	-0.4372  	-0.0948  	0.70785  	-0.0269  	0.26405  	-0.2524  	-0.7485  	0.52703  	0.36544  	-0.1824  	-0.3377  	0.77747  	0.26539  	-0.1408  	0.06547  	-0.0489  	-0.0209  	-0.1302  	-0.0168  	-0.0619  	-0.0608  	0.00072  	-0.0210  	-0.0875  	0.00947  	-0.0006  	-0.0044  	0.01096  	-0.0202  	-0.0147  	0.16955  	0.02247  	0.33221  	0.21428  	-0.2797  	-0.0024  	-0.0580  	0.22758  	1.21986  	126.623  	120.662  	
-0.5555  	0.23752  	-0.5138  	-2.6911  	-1.2170  	-2.7526  	1.02715  	0.85604  	0.03629  	0.70064  	1.01900  	0.28506  	-0.1919  	-0.1314  	0.85756  	0.15061  	0.11233  	0.38548  	0.76579  	1.29293  	0.65169  	-0.5312  	-0.1919  	-0.2117  	0.98217  	-0.1322  	0.10857  	0.63237  	-0.3952  	-0.0425  	0.04395  	0.09563  	-0.3723  	-0.0993  	1.05508  	-0.1877  	0.36740  	-0.2422  	-0.7894  	0.54982  	0.18290  	-0.1573  	-0.3853  	0.71494  	0.29373  	-0.1363  	0.08343  	-0.0738  	-0.0404  	-0.1059  	-0.0054  	-0.0566  	-0.0788  	0.00078  	-0.0390  	-0.0971  	0.02409  	-0.0070  	-0.0131  	0.01183  	-0.0442  	-0.0230  	0.16777  	0.02259  	0.33221  	0.21428  	-0.2797  	-0.0024  	-0.0580  	0.22758  	1.21986  	126.623  	120.662  	
0.31504  	0.44562  	-0.2047  	-2.4613  	-1.2700  	-2.2674  	1.06525  	0.93434  	0.15089  	0.73054  	0.41215  	0.18899  	0.08160  	0.29039  	1.22939  	0.10917  	0.17101  	0.28948  	0.80739  	0.92453  	0.62536  	-0.3804  	-0.0035  	-0.1581  	1.07435  	-0.1645  	0.31464  	0.24409  	-0.3780  	0.03366  	0.06649  	0.11903  	-0.3747  	-0.1104  	1.06435  	-0.2779  	0.39194  	-0.2579  	-0.7632  	0.53694  	0.21345  	-0.1545  	-0.3632  	0.76702  	0.27228  	-0.1215  	0.04224  	-0.0308  	-0.0161  	-0.0956  	-0.0262  	-0.0458  	-0.0745  	-0.0023  	-0.0450  	-0.0750  	-0.0132  	-0.0080  	-0.0106  	0.00123  	-0.0317  	0.00751  	0.14068  	0.02303  	0.33221  	0.21428  	-0.2797  	-0.0024  	-0.0580  	0.22758  	1.21986  	126.623  	120.662  	
0.36016  	0.54295  	-0.0708  	-2.2759  	-1.2715  	-2.2238  	1.15487  	0.99739  	0.16394  	0.64399  	0.19218  	-0.0214  	0.12402  	0.31178  	1.33687  	0.08788  	0.14947  	0.30245  	0.80069  	0.92154  	0.56526  	-0.2690  	0.06605  	-0.2780  	1.35388  	-0.2111  	0.45276  	0.35417  	-0.1741  	0.14287  	0.02618  	0.11258  	-0.4206  	-0.0844  	0.99096  	-0.2379  	0.37370  	-0.2291  	-0.7501  	0.53923  	0.19818  	-0.1644  	-0.3005  	0.79818  	0.25791  	-0.1331  	0.03075  	0.02180  	0.01989  	-0.1454  	0.00051  	-0.0545  	-0.0725  	-0.0120  	-0.0257  	-0.0578  	0.00338  	-0.0021  	-0.0041  	0.00404  	-0.0325  	-0.0144  	0.15966  	0.00536  	0.33221  	0.21428  	-0.2797  	-0.0024  	-0.0580  	0.22758  	1.21986  	126.623  	120.662  	
0.20860  	0.50802  	-0.2107  	-2.1612  	-1.2364  	-2.3263  	1.15609  	0.96795  	0.12882  	0.72785  	0.27957  	-0.0976  	-0.0687  	0.15844  	1.32318  	0.13841  	0.20088  	0.29272  	0.83383  	0.91015  	0.59634  	-0.2446  	0.04127  	-0.1616  	1.57223  	-0.2038  	0.61682  	0.33829  	-0.1887  	0.17604  	-0.0748  	0.13364  	-0.5089  	-0.0946  	1.00231  	-0.2105  	0.43053  	-0.2492  	-0.7365  	0.57100  	0.10656  	-0.1315  	-0.3285  	0.76474  	0.26419  	-0.1368  	0.01990  	0.00673  	0.02034  	-0.1435  	-0.0044  	-0.0528  	-0.0724  	-0.0008  	-0.0216  	-0.0612  	0.00219  	-0.0109  	0.00683  	0.01011  	-0.0343  	-0.0173  	0.15974  	0.01622  	0.33221  	0.21428  	-0.2797  	-0.0024  	-0.0580  	0.22758  	1.21986  	126.623  	120.662  	
0.07411  	0.45866  	-0.2958  	-2.0738  	-1.0944  	-2.2336  	1.10103  	0.93308  	0.13297  	0.60983  	0.40034  	0.27890  	-0.0130  	0.07482  	1.08902  	0.26930  	0.10953  	0.47239  	0.78553  	1.13588  	0.49227  	-0.3609  	-0.1923  	-0.2889  	1.31729  	-0.1842  	0.22592  	0.73277  	-0.0697  	0.11121  	-0.0354  	0.09313  	-0.3929  	-0.1036  	0.96895  	-0.1919  	0.29481  	-0.2838  	-0.6952  	0.57188  	0.21800  	-0.1351  	-0.3531  	0.75630  	0.27223  	-0.1268  	0.03960  	-0.0297  	0.00882  	-0.1282  	-0.0032  	-0.0648  	-0.0688  	-0.0248  	-0.0196  	-0.0669  	0.03066  	-0.0094  	0.00711  	0.01240  	-0.0449  	0.00251  	0.17138  	0.02976  	0.33221  	0.21428  	-0.2797  	-0.0024  	-0.0580  	0.22758  	1.21986  	126.623  	120.662  	
-0.5217  	0.27384  	-0.6783  	-2.8435  	-1.3556  	-2.8622  	1.17529  	0.75571  	0.09187  	0.82319  	0.89285  	0.16101  	-0.0913  	-0.1289  	0.56111  	0.13829  	0.04870  	0.61846  	0.80275  	1.29612  	0.32701  	-0.5044  	-0.2726  	-0.3325  	1.30600  	-0.1701  	0.01441  	0.73052  	-0.1083  	-0.0027  	0.09871  	-0.0119  	-0.3720  	-0.1042  	0.92900  	-0.0351  	0.24081  	-0.3369  	-0.6875  	0.60534  	0.23777  	-0.1471  	-0.3587  	0.78839  	0.27495  	-0.1426  	0.05203  	-0.0692  	-0.0135  	-0.1103  	-0.0077  	-0.0774  	-0.0809  	-0.0043  	-0.0078  	-0.0682  	0.02134  	-0.0096  	-0.0049  	0.00723  	-0.0508  	0.00284  	0.15670  	0.02926  	0.33221  	0.21428  	-0.2797  	-0.0024  	-0.0580  	0.22758  	1.21986  	126.623  	120.662  	
-0.9261  	0.15805  	-0.8079  	-2.8107  	-1.2209  	-3.0139  	1.10031  	0.70773  	0.08822  	0.80888  	1.03655  	0.36504  	-0.1259  	-0.2152  	0.54224  	0.09155  	0.07705  	0.57204  	0.79960  	1.32468  	0.46051  	-0.5620  	-0.1188  	-0.2426  	1.11796  	-0.1069  	0.04813  	0.79689  	-0.1359  	0.00373  	0.10908  	0.02245  	-0.3449  	-0.0798  	0.90528  	-0.1030  	0.23039  	-0.3032  	-0.7146  	0.52106  	0.23874  	-0.0981  	-0.4238  	0.69632  	0.29051  	-0.1492  	0.04677  	-0.0728  	-0.0288  	-0.1434  	-0.0316  	-0.0582  	-0.0821  	-0.0064  	-0.0296  	-0.0793  	0.03180  	0.00815  	0.01813  	-0.0023  	-0.0253  	-0.0135  	0.15085  	0.02049  	0.33221  	0.21428  	-0.2797  	-0.0024  	-0.0580  	0.22758  	1.21986  	126.623  	120.662  	
-0.7923  	0.17849  	-0.6585  	-3.1053  	-1.4762  	-2.9590  	1.05992  	0.85657  	0.08675  	0.85400  	1.1173  	0.15886  	-0.2174  	-0.3092  	0.42514  	0.08010  	0.12674  	0.50386  	0.84974  	1.22425  	0.51708  	-0.5170  	-0.0468  	-0.3234  	1.15435  	-0.1193  	0.07029  	0.64237  	-0.2142  	-0.0308  	0.06487  	0.03106  	-0.4318  	-0.0946  	0.86288  	-0.1344  	0.32088  	-0.2582  	-0.7175  	0.47452  	0.27568  	-0.1561  	-0.3900  	0.72799  	0.27387  	-0.1320  	0.06046  	-0.0770  	-0.0306  	-0.1314  	-0.0129  	-0.0618  	-0.0749  	-0.0066  	-0.0340  	-0.0792  	0.01691  	-0.0040  	0.00597  	0.00702  	-0.0260  	-0.0218  	0.16464  	0.01457  	0.33221  	0.21428  	-0.2797  	-0.0024  	-0.0580  	0.22758  	1.21986  	126.623  	120.662  	
-0.5607  	0.25846  	-0.5030  	-3.1002  	-1.6583  	-2.6722  	1.02862  	0.86030  	0.09082  	0.70980  	0.97742  	0.06642  	-0.2052  	-0.4096  	0.38185  	0.19132  	0.14416  	0.58202  	0.86466  	1.18537  	0.52894  	-0.4814  	0.05438  	-0.3495  	1.21750  	-0.1482  	0.12823  	0.66020  	-0.1495  	-0.0279  	0.04848  	0.05468  	-0.4271  	-0.1227  	0.73955  	-0.1151  	0.27561  	-0.2342  	-0.7013  	0.53682  	0.30560  	-0.1986  	-0.3232  	0.75804  	0.28252  	-0.1453  	0.05760  	-0.0598  	-0.0373  	-0.1366  	-0.0093  	-0.0561  	-0.0682  	-0.0162  	-0.0184  	-0.0887  	0.02256  	-0.0142  	0.00856  	0.00645  	-0.0339  	-0.0167  	0.17176  	0.03571  	0.33221  	0.21428  	-0.2797  	-0.0024  	-0.0580  	0.22758  	1.21986  	126.623  	120.662  	
-0.2997  	0.35468  	-0.3811  	-2.6811  	-1.4218  	-2.4749  	0.98315  	0.86966  	0.06677  	0.65696  	0.76680  	0.21326  	-0.2438  	-0.4684  	0.50315  	0.38383  	0.10899  	0.57234  	0.84133  	1.27138  	0.40306  	-0.4987  	-0.0258  	-0.3766  	1.19281  	-0.1318  	0.05356  	0.74895  	-0.1242  	-0.0268  	0.03282  	0.07003  	-0.4259  	-0.0866  	0.79435  	-0.0794  	0.24628  	-0.2247  	-0.6797  	0.56025  	0.27393  	-0.1947  	-0.2804  	0.76841  	0.28388  	-0.1362  	0.05221  	-0.0399  	-0.0189  	-0.1432  	-0.0093  	-0.0501  	-0.0687  	-0.0083  	-0.0144  	-0.0835  	0.03034  	-0.0022  	0.01460  	-0.0007  	-0.0419  	-0.0254  	0.17074  	0.02607  	0.33221  	0.21428  	-0.2797  	-0.0024  	-0.0580  	0.22758  	1.21986  	126.623  	120.662  	
-0.2154  	0.36442  	-0.3542  	-2.6351  	-1.3793  	-2.4482  	1.03824  	0.75276  	0.11300  	0.71760  	0.69404  	0.28640  	-0.1825  	-0.4256  	0.58827  	0.37454  	0.11660  	0.59536  	0.78803  	1.28218  	0.30596  	-0.4931  	-0.1545  	-0.4237  	1.21286  	-0.1501  	-0.0385  	0.86813  	-0.0441  	-0.0027  	0.04323  	0.07995  	-0.4372  	-0.0659  	0.78076  	-0.0302  	0.19451  	-0.2736  	-0.6305  	0.58067  	0.30630  	-0.1918  	-0.2900  	0.74632  	0.27110  	-0.1261  	0.05689  	-0.0339  	-0.0138  	-0.1351  	9.60354  	-0.0527  	-0.0565  	-0.0180  	-0.0205  	-0.0878  	0.02911  	-0.0016  	0.01494  	0.00018  	-0.0440  	-0.0195  	0.17410  	0.03130  	0.33221  	0.21428  	-0.2797  	-0.0024  	-0.0580  	0.22758  	1.21986  	126.623  	120.662  	
-0.2753  	0.34420  	-0.4056  	-2.6112  	-1.3333  	-2.6000  	1.10789  	0.72325  	0.13743  	0.70119  	0.62797  	0.22790  	-0.1231  	-0.3433  	0.57908  	0.31863  	0.07444  	0.67030  	0.78843  	1.31709  	0.20336  	-0.4731  	-0.1736  	-0.4394  	1.17495  	-0.1636  	-0.1256  	0.93610  	0.10284  	0.01333  	-0.0070  	0.05329  	-0.4168  	-0.0565  	0.76489  	0.00436  	0.13478  	-0.2865  	-0.6481  	0.60514  	0.33713  	-0.1730  	-0.3233  	0.73942  	0.25592  	-0.1246  	0.05218  	-0.0111  	-0.0178  	-0.1407  	-0.0018  	-0.0506  	-0.0577  	-0.0037  	-0.0116  	-0.0815  	0.02588  	-0.0032  	0.01062  	0.00229  	-0.0318  	-0.0225  	0.16873  	0.02928  	0.33221  	0.21428  	-0.2797  	-0.0024  	-0.0580  	0.22758  	1.21986  	126.623  	120.662  	
-0.4054  	0.31736  	-0.5039  	-2.7085  	-1.3686  	-2.5065  	1.08552  	0.72968  	0.08002  	0.69339  	0.64217  	0.15501  	-0.1981  	-0.3677  	0.54475  	0.23460  	0.12651  	0.52712  	0.84109  	1.15942  	0.35852  	-0.4777  	-0.1125  	-0.3539  	1.36113  	-0.1631  	0.16988  	0.71306  	-0.0439  	0.04858  	0.00352  	0.09781  	-0.4425  	-0.0966  	0.82378  	-0.0269  	0.23553  	-0.2374  	-0.7109  	0.59871  	0.26316  	-0.1765  	-0.3113  	0.77452  	0.26343  	-0.1404  	0.03927  	-0.0493  	-0.0233  	-0.1576  	0.00713  	-0.0548  	-0.0629  	-0.0103  	-0.0105  	-0.0783  	0.03371  	-0.0070  	0.01500  	-0.0040  	-0.0347  	-0.0168  	0.16661  	0.03585  	0.33221  	0.21428  	-0.2797  	-0.0024  	-0.0580  	0.22758  	1.21986  	126.623  	120.662  	
-0.5439  	0.24667  	-0.4766  	-3.0144  	-1.5368  	-2.5464  	1.07817  	0.77650  	0.05882  	0.64297  	0.90409  	0.02226  	-0.2973  	-0.5032  	0.41692  	0.24059  	0.13231  	0.54271  	0.82762  	1.19292  	0.44023  	-0.4508  	-0.0499  	-0.3134  	1.30580  	-0.1551  	0.19048  	0.71882  	-0.1380  	-0.0037  	0.01482  	0.08188  	-0.4710  	-0.0941  	0.82201  	-0.0138  	0.32842  	-0.2329  	-0.7548  	0.51656  	0.29147  	-0.1784  	-0.3423  	0.76413  	0.27643  	-0.1368  	0.05699  	-0.0785  	-0.0283  	-0.1358  	-0.0059  	-0.0532  	-0.0566  	-3.7616  	-0.0167  	-0.0877  	0.02292  	0.00346  	0.00552  	0.00276  	-0.0396  	-0.0269  	0.16723  	0.02975  	0.33221  	0.21428  	-0.2797  	-0.0024  	-0.0580  	0.22758  	1.21986  	126.623  	120.662  	
-0.2995  	0.30235  	-0.4860  	-2.5848  	-1.2457  	-2.4918  	1.00214  	0.87310  	0.11141  	0.57831  	0.81838  	0.31876  	-0.2137  	-0.2620  	0.94150  	0.28526  	0.16319  	0.41601  	0.82511  	1.19701  	0.67018  	-0.5009  	-0.0259  	-0.1645  	1.10049  	-0.1379  	0.31990  	0.52008  	-0.4460  	-0.0261  	0.02363  	0.14171  	-0.4082  	-0.1061  	1.07252  	-0.2096  	0.44296  	-0.2244  	-0.8395  	0.53556  	0.21355  	-0.1440  	-0.4050  	0.76499  	0.28804  	-0.1333  	0.05534  	-0.0658  	-0.0391  	-0.1347  	-0.0172  	-0.0531  	-0.0689  	-0.0017  	-0.0363  	-0.0757  	0.02097  	-0.0102  	0.01201  	-0.0010  	-0.0288  	-0.0036  	0.16636  	0.01874  	0.33221  	0.21428  	-0.2797  	-0.0024  	-0.0580  	0.22758  	1.21986  	126.623  	120.662  	
0.14331  	0.52490  	-0.0143  	-2.4294  	-1.3164  	-2.2299  	1.07421  	1.06938  	0.23967  	0.55000  	0.64781  	0.31805  	-0.0649  	0.12655  	1.13934  	0.41503  	0.17517  	0.42682  	0.86709  	1.17664  	0.73933  	-0.4572  	-0.0718  	-0.2698  	1.08709  	-0.1535  	0.21853  	0.46413  	-0.3802  	-0.0402  	0.00274  	0.12920  	-0.3424  	-0.0945  	1.02279  	-0.2306  	0.48391  	-0.2106  	-0.7714  	0.52508  	0.19203  	-0.1600  	-0.3464  	0.78012  	0.27350  	-0.1258  	0.04477  	-0.0141  	-0.0156  	-0.1416  	-0.0106  	-0.0685  	-0.0707  	-0.0048  	-0.0257  	-0.0618  	0.01434  	-0.0144  	-0.0084  	0.00883  	-0.0295  	0.00060  	0.15944  	0.02534  	0.33221  	0.21428  	-0.2797  	-0.0024  	-0.0580  	0.22758  	1.21986  	126.623  	120.662  	
0.34275  	0.53771  	0.04692  	-2.5450  	-1.4360  	-2.3126  	1.09455  	1.12052  	0.21869  	0.47786  	0.81055  	0.23973  	-0.0269  	0.04959  	0.92569  	0.53451  	0.09616  	0.47645  	0.85697  	1.18527  	0.72709  	-0.5155  	-0.1114  	-0.3591  	1.20132  	-0.1843  	0.21316  	0.47258  	-0.3183  	0.00260  	0.03835  	0.13303  	-0.3491  	-0.0785  	1.05496  	-0.2173  	0.49019  	-0.1739  	-0.7492  	0.43473  	0.23025  	-0.1625  	-0.3191  	0.75599  	0.24956  	-0.1303  	0.02244  	-0.0074  	0.00472  	-0.1477  	-0.0049  	-0.0558  	-0.0545  	-0.0145  	-0.0214  	-0.0579  	0.00980  	-0.0080  	-0.0032  	0.00892  	-0.0366  	-0.0188  	0.16662  	0.00634  	0.33221  	0.21428  	-0.2797  	-0.0024  	-0.0580  	0.22758  	1.21986  	126.623  	120.662  	
0.25914  	0.56943  	-0.2575  	-1.7262  	-0.8993  	-2.1689  	1.13420  	1.03143  	0.20775  	0.52919  	0.30614  	0.39260  	0.09590  	0.30687  	1.40348  	0.41582  	0.13959  	0.33555  	0.78570  	1.09397  	0.56811  	-0.3400  	-0.1614  	-0.3247  	1.47239  	-0.2277  	0.35548  	0.62876  	-0.1076  	0.18806  	-0.0801  	0.05585  	-0.3836  	-0.0777  	1.05445  	-0.1711  	0.30734  	-0.2778  	-0.6691  	0.54641  	0.04969  	-0.1151  	-0.3666  	0.73391  	0.29198  	-0.1385  	0.03302  	-0.0124  	0.02653  	-0.1594  	0.01490  	-0.0645  	-0.0543  	-0.0122  	-0.0289  	-0.0493  	0.02779  	-0.0075  	0.00984  	0.01207  	-0.0349  	-0.0144  	0.18562  	0.02938  	0.33221  	0.21428  	-0.2797  	-0.0024  	-0.0580  	0.22758  	1.21986  	126.623  	120.662  	
-0.0137  	0.36988  	-0.4968  	-1.4297  	-0.6915  	-2.2863  	1.16777  	0.91754  	0.16505  	0.73124  	0.43434  	0.40729  	0.07266  	0.49136  	1.48922  	0.25522  	0.06489  	0.35667  	0.78382  	1.22242  	0.44186  	-0.3532  	-0.2906  	-0.2271  	1.41918  	-0.2086  	0.23659  	0.66915  	-0.1098  	0.18679  	-0.0511  	0.10314  	-0.3946  	-0.0621  	1.09682  	-0.1997  	0.26290  	-0.3241  	-0.7039  	0.58926  	0.05092  	-0.1211  	-0.4190  	0.72987  	0.30672  	-0.1245  	0.03065  	-0.0411  	-0.0146  	-0.1279  	-0.0283  	-0.0638  	-0.0657  	-0.0115  	-0.0368  	-0.0833  	0.04030  	0.00177  	-0.0033  	-0.0048  	-0.0354  	-0.0217  	0.16080  	0.01644  	0.33221  	0.21428  	-0.2797  	-0.0024  	-0.0580  	0.22758  	1.21986  	126.623  	120.662  	
-0.3270  	0.28101  	-0.5812  	-2.3813  	-1.1167  	-2.7291  	1.14687  	0.80315  	0.13730  	0.79035  	0.69775  	0.42721  	-0.1079  	-0.0678  	0.80963  	0.18958  	0.02591  	0.62732  	0.74941  	1.33750  	0.39627  	-0.4547  	-0.2473  	-0.2476  	1.16469  	-0.1832  	0.00329  	0.80492  	-0.1499  	0.03863  	0.02956  	0.08574  	-0.3744  	-0.0445  	0.94763  	-0.1451  	0.19051  	-0.2730  	-0.7013  	0.58668  	0.16604  	-0.1503  	-0.3786  	0.74626  	0.27787  	-0.1344  	0.04310  	-0.0369  	-0.0211  	-0.1462  	-0.0213  	-0.0616  	-0.0666  	-0.0089  	-0.0297  	-0.0932  	0.03660  	-3.3469  	0.00036  	-0.0060  	-0.0303  	-0.0115  	0.16221  	0.02403  	0.33221  	0.21428  	-0.2797  	-0.0024  	-0.0580  	0.22758  	1.21986  	126.623  	120.662  	
-0.4895  	0.27544  	-0.4856  	-2.9819  	-1.4360  	-2.5691  	1.08335  	0.77390  	0.10856  	0.76883  	0.84551  	0.13025  	-0.2213  	-0.4463  	0.47449  	0.21995  	0.06830  	0.62174  	0.81009  	1.27382  	0.44876  	-0.5369  	-0.0723  	-0.3057  	1.18814  	-0.1464  	0.06398  	0.75633  	-0.1077  	-0.0033  	0.03674  	0.05960  	-0.4277  	-0.0674  	0.78726  	-0.0981  	0.25169  	-0.2482  	-0.7271  	0.56185  	0.28388  	-0.1764  	-0.3406  	0.74095  	0.27578  	-0.1325  	0.05473  	-0.0783  	-0.0279  	-0.1394  	-0.0198  	-0.0574  	-0.0612  	-0.0156  	-0.0298  	-0.0958  	0.03142  	0.00458  	0.01392  	0.00401  	-0.0386  	-0.0232  	0.16602  	0.02916  	0.33221  	0.21428  	-0.2797  	-0.0024  	-0.0580  	0.22758  	1.21986  	126.623  	120.662  	
-0.6318  	0.19498  	-0.5513  	-3.0728  	-1.6024  	-2.5615  	1.02728  	0.62623  	0.04804  	0.72202  	0.89385  	0.06070  	-0.2913  	-0.7157  	0.21723  	0.27604  	0.17505  	0.62719  	0.81981  	1.22554  	0.35480  	-0.5697  	0.00615  	-0.4191  	1.16322  	-0.0962  	-0.0055  	0.83647  	-0.0765  	-0.0313  	0.05534  	0.07149  	-0.4913  	-0.0932  	0.68655  	-0.0099  	0.21643  	-0.2496  	-0.6891  	0.53134  	0.35977  	-0.1811  	-0.3243  	0.77154  	0.28041  	-0.1291  	0.05308  	-0.0733  	-0.0478  	-0.1257  	-0.0022  	-0.0503  	-0.0571  	-0.0138  	-0.0232  	-0.0898  	0.02661  	0.00664  	0.00498  	-0.0013  	-0.0328  	-0.0060  	0.16554  	0.03174  	0.33221  	0.21428  	-0.2797  	-0.0024  	-0.0580  	0.22758  	1.21986  	126.623  	120.662  	
-0.6770  	0.15292  	-0.5712  	-3.0152  	-1.4509  	-2.6738  	1.02108  	0.77495  	0.02757  	0.76939  	0.99491  	0.16400  	-0.2890  	-0.5250  	0.48263  	0.32446  	0.15298  	0.55090  	0.86139  	1.18354  	0.48216  	-0.5809  	-0.0870  	-0.2344  	1.12232  	-0.1215  	0.11406  	0.75799  	-0.1939  	-0.0735  	0.04324  	0.11037  	-0.4359  	-0.1268  	0.85414  	-0.0743  	0.31342  	-0.2393  	-0.7829  	0.55751  	0.29786  	-0.1732  	-0.3767  	0.74959  	0.27616  	-0.1336  	0.05865  	-0.0594  	-0.0240  	-0.1263  	-0.0122  	-0.0508  	-0.0650  	-0.0133  	-0.0241  	-0.0863  	0.01578  	-0.0070  	0.00139  	0.00347  	-0.0340  	-0.0163  	0.15810  	0.02816  	0.33221  	0.21428  	-0.2797  	-0.0024  	-0.0580  	0.22758  	1.21986  	126.623  	120.662  	
0.11861  	0.42737  	-0.1401  	-2.3288  	-1.1762  	-2.2823  	1.12313  	0.99012  	0.11870  	0.62426  	0.54868  	0.21758  	-0.0022  	0.14739  	1.21373  	0.28879  	0.08385  	0.43045  	0.77031  	1.16160  	0.63121  	-0.4226  	-0.1252  	-0.1352  	1.05320  	-0.1267  	0.24352  	0.52473  	-0.3735  	-0.0513  	0.05243  	0.11525  	-0.3434  	-0.1250  	1.03280  	-0.2115  	0.39823  	-0.2636  	-0.7747  	0.51995  	0.20307  	-0.1594  	-0.3239  	0.76092  	0.26911  	-0.1314  	0.04274  	-0.0150  	0.00491  	-0.1260  	-0.0243  	-0.0589  	-0.0786  	-0.0240  	-0.0299  	-0.0809  	0.02217  	-0.0171  	0.00443  	-0.0056  	-0.0443  	-0.0103  	0.13373  	0.02431  	0.33221  	0.21428  	-0.2797  	-0.0024  	-0.0580  	0.22758  	1.21986  	126.623  	120.662  	
0.30045  	0.45509  	-0.1276  	-2.1013  	-1.1882  	-2.1045  	1.17369  	0.93746  	0.15647  	0.69483  	0.30543  	0.11907  	0.08778  	0.28571  	1.32970  	0.10116  	0.12050  	0.37577  	0.79067  	1.03791  	0.50967  	-0.2929  	-0.0092  	-0.2762  	1.30295  	-0.1913  	0.33854  	0.38608  	-0.1632  	0.08146  	0.01863  	0.08099  	-0.4103  	-0.0800  	1.00236  	-0.2096  	0.33640  	-0.2632  	-0.6796  	0.58579  	0.16382  	-0.1504  	-0.3282  	0.79742  	0.27162  	-0.1344  	0.03105  	0.02261  	0.00552  	-0.1493  	0.00225  	-0.0487  	-0.0629  	-0.0115  	-0.0221  	-0.0558  	0.00710  	-0.0055  	-0.0059  	0.00322  	-0.0309  	-0.0058  	0.15518  	0.01921  	0.33221  	0.21428  	-0.2797  	-0.0024  	-0.0580  	0.22758  	1.21986  	126.623  	120.662  	
0.30506  	0.59561  	-0.0886  	-2.2973  	-1.2592  	-2.1767  	1.21292  	0.94495  	0.17984  	0.69791  	0.33502  	0.01509  	0.10449  	0.28202  	1.10802  	0.10914  	0.12604  	0.39683  	0.82515  	0.87234  	0.52871  	-0.2968  	-0.0010  	-0.2759  	1.36931  	-0.2043  	0.39356  	0.40366  	-0.1619  	0.11326  	0.00538  	0.08880  	-0.4298  	-0.1132  	0.91343  	-0.1862  	0.40250  	-0.2569  	-0.6991  	0.59157  	0.23638  	-0.1694  	-0.3006  	0.80011  	0.23537  	-0.1157  	0.00650  	0.02012  	0.00018  	-0.1511  	-0.0085  	-0.0506  	-0.0618  	-0.0131  	-0.0320  	-0.0568  	0.00504  	-0.0139  	0.00549  	0.01147  	-0.0216  	-0.0137  	0.15197  	0.00742  	0.33221  	0.21428  	-0.2797  	-0.0024  	-0.0580  	0.22758  	1.21986  	126.623  	120.662  	
-0.0099  	0.47110  	-0.3488  	-2.7481  	-1.4084  	-2.6103  	1.19250  	0.78641  	0.12588  	0.81417  	0.40484  	-0.0952  	0.02090  	0.13115  	0.99871  	-0.0828  	0.13339  	0.38076  	0.74863  	1.00767  	0.39824  	-0.3538  	-0.0674  	-0.1896  	1.38543  	-0.1522  	0.31394  	0.32289  	-0.2558  	0.07697  	0.05045  	0.05476  	-0.4190  	-0.0781  	0.97359  	-0.2176  	0.34955  	-0.2469  	-0.6875  	0.57841  	0.23115  	-0.1579  	-0.3471  	0.76779  	0.27070  	-0.1369  	0.02621  	-0.0092  	-0.0209  	-0.1206  	-0.0144  	-0.0595  	-0.0633  	-0.0088  	-0.0162  	-0.0860  	0.00665  	-0.0091  	-0.0069  	0.02413  	-0.0234  	-0.0191  	0.17471  	0.03447  	0.33221  	0.21428  	-0.2797  	-0.0024  	-0.0580  	0.22758  	1.21986  	126.623  	120.662  	
-0.5483  	0.23736  	-0.4674  	-3.2035  	-1.6196  	-2.6401  	1.05244  	0.81373  	0.09909  	0.72499  	0.97713  	-0.0043  	-0.2372  	-0.4670  	0.44703  	0.14831  	0.14312  	0.48901  	0.88759  	1.15602  	0.63965  	-0.5158  	0.00030  	-0.2725  	1.16491  	-0.1513  	0.23446  	0.52400  	-0.2518  	-0.0626  	0.01403  	0.08158  	-0.4374  	-0.1175  	0.90439  	-0.1689  	0.43208  	-0.2310  	-0.8330  	0.53664  	0.26563  	-0.1641  	-0.3579  	0.75068  	0.28124  	-0.1392  	0.05570  	-0.0708  	-0.0387  	-0.1393  	-0.0204  	-0.0611  	-0.0820  	-0.0035  	-0.0244  	-0.0782  	0.01500  	-0.0060  	0.01084  	-0.0059  	-0.0340  	-0.0195  	0.15853  	0.01690  	0.33221  	0.21428  	-0.2797  	-0.0024  	-0.0580  	0.22758  	1.21986  	126.623  	120.662  	
-0.3692  	0.22576  	-0.5034  	-2.8061  	-1.3121  	-2.6118  	1.01495  	0.91944  	0.10232  	0.68870  	0.90926  	0.20105  	-0.1953  	-0.3036  	0.71599  	0.26209  	0.11869  	0.47080  	0.80639  	1.20100  	0.59724  	-0.5605  	-0.0976  	-0.1939  	1.04991  	-0.1246  	0.27386  	0.56101  	-0.3738  	-0.0645  	0.04298  	0.13080  	-0.3782  	-0.1364  	1.03647  	-0.2235  	0.38998  	-0.2420  	-0.8227  	0.60153  	0.21644  	-0.1695  	-0.3839  	0.74321  	0.29339  	-0.1382  	0.07005  	-0.0688  	-0.0090  	-0.1338  	-0.0108  	-0.0642  	-0.0785  	-0.0074  	-0.0380  	-0.0805  	0.00355  	-0.0251  	0.00044  	0.01711  	-0.0371  	-0.0155  	0.15256  	0.01924  	0.33221  	0.21428  	-0.2797  	-0.0024  	-0.0580  	0.22758  	1.21986  	126.623  	120.662  	
0.27716  	0.51822  	-0.0438  	-2.2884  	-1.2250  	-2.2401  	1.10639  	1.06013  	0.12216  	0.65558  	0.32870  	0.23439  	0.11636  	0.24096  	1.48217  	0.01874  	0.27024  	0.16255  	0.90016  	0.54678  	0.65079  	-0.6592  	-0.4072  	-0.1450  	1.06147  	-0.0303  	0.33877  	0.19307  	-0.1516  	0.00680  	0.23226  	0.06477  	-0.5117  	-0.3384  	0.90976  	-0.2787  	0.22259  	-0.2665  	-0.9124  	0.50156  	0.30307  	0.02776  	-0.5415  	0.90210  	0.17828  	-0.1111  	0.00713  	0.02563  	-0.0255  	-0.1531  	0.00240  	-0.0594  	-0.0727  	0.01437  	-0.0286  	-0.0599  	0.01046  	-0.0240  	-0.0032  	0.02273  	-0.0137  	0.01123  	0.13150  	0.02358  	0.33221  	0.21428  	-0.2797  	-0.0024  	-0.0580  	0.22758  	1.21986  	126.623  	120.662  	
0.52475  	0.61092  	0.14083  	-2.2849  	-1.2444  	-2.1987  	1.15987  	1.15984  	0.14493  	0.64454  	0.31990  	0.12311  	0.22044  	0.25250  	1.46747  	-0.0693  	0.39206  	-0.0958  	1.02865  	0.12921  	0.74371  	-0.8006  	-0.5959  	-0.2301  	1.11210  	0.06255  	0.28074  	0.07938  	0.01717  	0.00364  	0.34964  	-0.0201  	-0.6535  	-0.5516  	0.68753  	-0.3438  	0.16924  	-0.2579  	-1.0131  	0.34405  	0.42899  	0.19394  	-0.6157  	1.01149  	0.08422  	-0.0834  	-0.0561  	0.10429  	-0.0143  	-0.1920  	0.00705  	-0.0372  	-0.0537  	0.03896  	-0.0166  	-0.0507  	-0.0033  	-0.0449  	0.00061  	0.03288  	-0.0168  	-0.0022  	0.11364  	0.01325  	0.33221  	0.21428  	-0.2797  	-0.0024  	-0.0580  	0.22758  	1.21986  	126.623  	120.662  	
0.26097  	0.63038  	0.00483  	-2.4154  	-1.2683  	-2.3108  	1.12074  	1.18782  	0.07275  	0.69956  	0.32659  	-0.1476  	0.29632  	0.33867  	1.46720  	-0.2404  	0.43988  	-0.2234  	1.01920  	0.00340  	0.72684  	-0.8757  	-0.7667  	-0.1218  	1.29830  	0.07609  	0.59662  	-0.0837  	0.02389  	0.10314  	0.38385  	-0.0421  	-0.7388  	-0.6298  	0.85530  	-0.2887  	0.15354  	-0.2833  	-1.0889  	0.34778  	0.36008  	0.27413  	-0.6872  	0.99938  	0.05585  	-0.0528  	-0.0605  	0.06636  	-0.0341  	-0.1862  	0.01045  	-0.0364  	-0.0706  	0.03407  	-0.0150  	-0.0639  	-0.0099  	-0.0454  	0.00244  	0.04352  	-0.0103  	-0.0087  	0.11775  	0.00561  	0.33221  	0.21428  	-0.2797  	-0.0024  	-0.0580  	0.22758  	1.21986  	126.623  	120.662  	
-0.4232  	0.31811  	-0.4789  	-2.3371  	-1.1486  	-2.7115  	1.02105  	1.01972  	0.06260  	0.68021  	0.85547  	0.28304  	0.04273  	-0.0939  	1.17389  	0.03410  	0.33527  	-0.0154  	0.96323  	0.52740  	0.77858  	-1.0295  	-0.8895  	-0.1365  	0.92088  	0.09680  	0.18578  	0.32005  	-0.0823  	-0.0406  	0.34126  	0.00215  	-0.6708  	-0.5091  	0.88272  	-0.2792  	0.09056  	-0.2456  	-1.1848  	0.34280  	0.37324  	0.19570  	-0.7336  	0.95277  	0.10427  	-0.0855  	-0.0027  	-0.0010  	-0.0817  	-0.1598  	0.03017  	-0.0326  	-0.0710  	0.04333  	-0.0062  	-0.0850  	-0.0019  	-0.0413  	0.01182  	0.03025  	-0.0116  	-0.0267  	0.10950  	0.00987  	0.33221  	0.21428  	-0.2797  	-0.0024  	-0.0580  	0.22758  	1.21986  	126.623  	120.662  	
-0.6961  	0.23011  	-0.6611  	-2.3823  	-1.0509  	-2.8042  	1.07372  	0.84053  	0.03261  	0.68683  	0.92195  	0.55677  	-0.1086  	-0.2567  	0.93589  	0.11949  	0.16637  	0.33362  	0.87943  	0.96598  	0.58454  	-0.8261  	-0.6289  	-0.2859  	0.97832  	0.02201  	-0.0460  	0.72110  	-0.0414  	-0.0445  	0.20113  	-0.0211  	-0.5260  	-0.3261  	0.86219  	-0.1883  	0.06042  	-0.3048  	-0.9099  	0.40831  	0.29661  	0.09455  	-0.5738  	0.81473  	0.22078  	-0.1028  	0.02519  	-0.0227  	-0.0693  	-0.1410  	0.01397  	-0.0489  	-0.0650  	0.01552  	-0.0216  	-0.0931  	0.02975  	-0.0302  	0.00981  	0.02534  	-0.0270  	-0.0129  	0.13708  	0.02532  	0.33221  	0.21428  	-0.2797  	-0.0024  	-0.0580  	0.22758  	1.21986  	126.623  	120.662  	
-0.5421  	0.26447  	-0.6878  	-2.4825  	-1.2055  	-2.6965  	1.05839  	0.88369  	0.12476  	0.66646  	0.96157  	0.46282  	-0.1152  	-0.0909  	0.80286  	0.17409  	0.03603  	0.56152  	0.81684  	1.38677  	0.45946  	-0.5116  	-0.2297  	-0.3072  	1.10534  	-0.1313  	-0.0085  	0.87682  	-0.1093  	-0.0037  	0.02999  	0.04818  	-0.3434  	-0.0782  	0.94412  	-0.1662  	0.16033  	-0.2838  	-0.7063  	0.57795  	0.15022  	-0.1282  	-0.3779  	0.70007  	0.30275  	-0.1282  	0.06159  	-0.0608  	-0.0327  	-0.1343  	-0.0066  	-0.0568  	-0.0790  	-0.0142  	-0.0337  	-0.0878  	0.03474  	-0.0056  	0.00535  	0.00650  	-0.0331  	-0.0220  	0.16450  	0.02657  	0.33221  	0.21428  	-0.2797  	-0.0024  	-0.0580  	0.22758  	1.21986  	126.623  	120.662  	
-0.2216  	0.43691  	-0.4318  	-2.393  	-1.2084  	-2.4896  	1.08665  	0.89763  	0.18487  	0.66469  	0.50384  	0.36969  	-0.0124  	0.07995  	1.13177  	0.17781  	0.08576  	0.51158  	0.78038  	1.21598  	0.45980  	-0.4476  	-0.1096  	-0.3017  	1.09579  	-0.1324  	0.03759  	0.69111  	-0.1670  	0.03124  	0.05143  	0.05244  	-0.3646  	-0.0676  	0.85718  	-0.2322  	0.22141  	-0.3077  	-0.6611  	0.57977  	0.23950  	-0.1853  	-0.3502  	0.75691  	0.27367  	-0.1293  	0.05227  	-0.0227  	-0.0367  	-0.1419  	-0.0184  	-0.0593  	-0.0700  	-0.0035  	-0.0319  	-0.0779  	0.02348  	-0.0080  	0.00069  	0.00517  	-0.0232  	-0.0165  	0.14806  	0.02344  	0.33221  	0.21428  	-0.2797  	-0.0024  	-0.0580  	0.22758  	1.21986  	126.623  	120.662  	
0.21599  	0.54073  	-0.0690  	-2.3731  	-1.3259  	-2.1674  	1.09211  	1.04708  	0.21923  	0.57044  	0.47317  	0.20073  	0.00694  	0.26729  	1.28477  	0.22760  	0.15000  	0.42265  	0.80983  	1.01773  	0.71620  	-0.3752  	0.05836  	-0.2298  	1.18868  	-0.1835  	0.30240  	0.39775  	-0.3220  	0.05117  	0.03690  	0.12747  	-0.3631  	-0.1001  	1.00377  	-0.2970  	0.42858  	-0.2126  	-0.7765  	0.52034  	0.20164  	-0.1581  	-0.3309  	0.76888  	0.27791  	-0.1272  	0.04501  	-0.0096  	-0.0079  	-0.1364  	-0.0354  	-0.0592  	-0.0673  	-0.0109  	-0.0313  	-0.0611  	0.00848  	-0.0076  	-0.0002  	0.00507  	-0.0264  	-0.0057  	0.15705  	0.01427  	0.33221  	0.21428  	-0.2797  	-0.0024  	-0.0580  	0.22758  	1.21986  	126.623  	120.662  	
0.27147  	0.53814  	-0.0101  	-2.4932  	-1.5105  	-2.1229  	1.06219  	1.15581  	0.22090  	0.52319  	0.77881  	0.14544  	-0.0786  	0.13197  	1.11079  	0.39410  	0.15569  	0.32637  	0.85976  	0.90214  	1.00558  	-0.3148  	0.17546  	-0.1507  	1.22401  	-0.2025  	0.43942  	0.14437  	-0.5616  	-0.0104  	0.01651  	0.15453  	-0.3963  	-0.1115  	1.07746  	-0.3307  	0.67102  	-0.1439  	-0.8584  	0.39548  	0.18049  	-0.1624  	-0.3256  	0.75639  	0.26419  	-0.1260  	0.03391  	-0.0221  	-0.0038  	-0.1188  	-0.0363  	-0.0548  	-0.0569  	0.00740  	-0.0338  	-0.0563  	-0.0004  	-0.0045  	-0.0046  	0.01116  	-0.0256  	-0.0033  	0.16480  	0.01717  	0.33221  	0.21428  	-0.2797  	-0.0024  	-0.0580  	0.22758  	1.21986  	126.623  	120.662  	
0.14981  	0.53464  	-0.0817  	-2.6235  	-1.5465  	-2.2327  	1.05517  	1.14251  	0.24792  	0.53309  	0.91560  	0.22485  	-0.1468  	0.02001  	0.95903  	0.40999  	0.16361  	0.38364  	0.84445  	1.01809  	0.95371  	-0.4179  	0.11780  	-0.1970  	1.12468  	-0.1889  	0.33942  	0.22417  	-0.5436  	-0.0484  	0.02196  	0.14689  	-0.3553  	-0.1122  	1.03709  	-0.3180  	0.65515  	-0.1069  	-0.8736  	0.38226  	0.23279  	-0.1955  	-0.3326  	0.76415  	0.25433  	-0.1231  	0.04756  	-0.0344  	-0.0190  	-0.1140  	-0.0381  	-0.0555  	-0.0537  	0.00443  	-0.0323  	-0.0633  	-0.0031  	-0.0002  	0.00256  	0.01001  	-0.0293  	-0.0074  	0.16830  	0.01698  	0.33221  	0.21428  	-0.2797  	-0.0024  	-0.0580  	0.22758  	1.21986  	126.623  	120.662  	
-0.3769  	0.39872  	-0.3673  	-2.9757  	-1.6141  	-2.6275  	1.03527  	0.84911  	0.14343  	0.67338  	1.03628  	0.16644  	-0.2361  	-0.2889  	0.59646  	0.27364  	0.13814  	0.49347  	0.78046  	1.14386  	0.60634  	-0.4755  	0.06296  	-0.3524  	1.05889  	-0.1095  	0.08931  	0.54657  	-0.2901  	-0.0676  	0.05544  	0.08035  	-0.3680  	-0.1033  	0.85578  	-0.2003  	0.41733  	-0.1818  	-0.7889  	0.49284  	0.35491  	-0.1906  	-0.3263  	0.76586  	0.27437  	-0.1280  	0.06112  	-0.0565  	-0.0460  	-0.1255  	-0.0436  	-0.0571  	-0.0613  	-0.0049  	-0.0237  	-0.0848  	0.00731  	-0.0053  	-0.0048  	-0.0074  	-0.0236  	-0.0056  	0.16258  	0.03318  	0.33221  	0.21428  	-0.2797  	-0.0024  	-0.0580  	0.22758  	1.21986  	126.623  	120.662  	
-0.5107  	0.32458  	-0.4290  	-2.9634  	-1.6459  	-2.6814  	1.03051  	0.77629  	0.09715  	0.71883  	1.08554  	0.13160  	-0.2997  	-0.4068  	0.50974  	0.25658  	0.15531  	0.49393  	0.77553  	1.13261  	0.56611  	-0.4624  	0.07319  	-0.3824  	1.06543  	-0.1024  	0.05664  	0.56894  	-0.2610  	-0.0649  	0.04845  	0.07987  	-0.4003  	-0.1007  	0.81947  	-0.1474  	0.39691  	-0.1798  	-0.8049  	0.47840  	0.34853  	-0.1828  	-0.3184  	0.76598  	0.28046  	-0.1330  	0.06291  	-0.0690  	-0.0485  	-0.1305  	-0.0360  	-0.0528  	-0.0638  	-0.0019  	-0.0223  	-0.0823  	0.00997  	-0.0059  	0.00283  	-0.0018  	-0.0245  	-0.0055  	0.16509  	0.02975  	0.33221  	0.21428  	-0.2797  	-0.0024  	-0.0580  	0.22758  	1.21986  	126.623  	120.662  	
-0.6746  	0.25887  	-0.5303  	-3.0304  	-1.6765  	-2.7787  	1.02028  	0.71613  	0.08516  	0.80891  	1.05477  	0.14448  	-0.3122  	-0.5328  	0.38957  	0.22245  	0.16480  	0.54095  	0.78939  	1.16794  	0.48794  	-0.4818  	0.04881  	-0.4224  	1.06494  	-0.0852  	0.00349  	0.67125  	-0.1908  	-0.0640  	0.06273  	0.07815  	-0.4395  	-0.1036  	0.77259  	-0.1237  	0.33916  	-0.1939  	-0.7694  	0.48915  	0.35133  	-0.1768  	-0.3251  	0.76920  	0.27669  	-0.1361  	0.06871  	-0.0746  	-0.0324  	-0.1350  	-0.0304  	-0.0500  	-0.0640  	-0.0031  	-0.0191  	-0.0877  	0.01176  	-0.0020  	0.00216  	-0.0009  	-0.0255  	-0.0042  	0.16916  	0.02826  	0.33221  	0.21428  	-0.2797  	-0.0024  	-0.0580  	0.22758  	1.21986  	126.623  	120.662  	
-0.7119  	0.26438  	-0.5047  	-3.0239  	-1.6546  	-2.8048  	0.98476  	0.72451  	0.08825  	0.82617  	1.05870  	0.16655  	-0.3056  	-0.5021  	0.35996  	0.25251  	0.15617  	0.53148  	0.79751  	1.16431  	0.50703  	-0.5048  	0.04950  	-0.4355  	1.03125  	-0.0887  	-0.0297  	0.65327  	-0.2184  	-0.0704  	0.07481  	0.07457  	-0.4314  	-0.1023  	0.78098  	-0.1439  	0.34209  	-0.1926  	-0.7616  	0.49248  	0.35243  	-0.1814  	-0.3224  	0.77026  	0.27502  	-0.1333  	0.06783  	-0.0689  	-0.0418  	-0.1342  	-0.0348  	-0.0505  	-0.0668  	-0.0034  	-0.0199  	-0.0848  	0.00518  	-0.0037  	-0.0027  	-0.0036  	-0.0233  	-0.0074  	0.16802  	0.02514  	0.33221  	0.21428  	-0.2797  	-0.0024  	-0.0580  	0.22758  	1.21986  	126.623  	120.662  	
-0.7706  	0.24913  	-0.5567  	-3.0743  	-1.6295  	-2.8436  	0.98754  	0.71146  	0.08351  	0.83074  	1.03679  	0.18317  	-0.2966  	-0.5358  	0.31188  	0.22841  	0.14646  	0.56557  	0.80280  	1.18550  	0.45343  	-0.5268  	0.03419  	-0.4511  	1.01542  	-0.0864  	-0.0514  	0.73814  	-0.1586  	-0.0756  	0.08379  	0.06963  	-0.4384  	-0.0847  	0.75919  	-0.1288  	0.28183  	-0.2079  	-0.7362  	0.48555  	0.35151  	-0.1790  	-0.3242  	0.76817  	0.27918  	-0.1358  	0.06527  	-0.0725  	-0.0390  	-0.1317  	-0.0353  	-0.0528  	-0.0605  	-0.0024  	-0.0179  	-0.0890  	0.00713  	-0.0013  	-0.0017  	-0.0037  	-0.0225  	-0.0072  	0.16808  	0.02808  	0.33221  	0.21428  	-0.2797  	-0.0024  	-0.0580  	0.22758  	1.21986  	126.623  	120.662  	
-0.7728  	0.25869  	-0.5562  	-3.0685  	-1.6125  	-2.8432  	0.99653  	0.72246  	0.10238  	0.81560  	1.02011  	0.17473  	-0.2796  	-0.4986  	0.31634  	0.23757  	0.14535  	0.55891  	0.81541  	1.20388  	0.42282  	-0.5379  	0.01243  	-0.4556  	0.98409  	-0.0751  	-0.0596  	0.75996  	-0.1468  	-0.0813  	0.10253  	0.06588  	-0.4101  	-0.0728  	0.75349  	-0.1376  	0.26300  	-0.2302  	-0.7334  	0.48295  	0.34661  	-0.1848  	-0.3303  	0.76669  	0.28028  	-0.1329  	0.06634  	-0.0762  	-0.0428  	-0.1229  	-0.0330  	-0.0516  	-0.0590  	-0.0032  	-0.0198  	-0.0911  	0.00430  	-0.0001  	-0.0054  	-0.0043  	-0.0214  	-0.0051  	0.16782  	0.02761  	0.33221  	0.21428  	-0.2797  	-0.0024  	-0.0580  	0.22758  	1.21986  	126.623  	120.662  	
-0.7341  	0.29884  	-0.5292  	-3.0189  	-1.5850  	-2.8237  	0.97268  	0.75663  	0.13474  	0.84359  	0.95973  	0.22411  	-0.2218  	-0.3888  	0.36642  	0.26993  	0.13647  	0.56879  	0.79659  	1.22545  	0.38825  	-0.5229  	0.00355  	-0.4819  	0.92810  	-0.0508  	-0.1178  	0.79583  	-0.1518  	-0.0964  	0.12614  	0.04428  	-0.3626  	-0.0645  	0.74432  	-0.1620  	0.22111  	-0.2552  	-0.7143  	0.49894  	0.36990  	-0.1961  	-0.3245  	0.76196  	0.26693  	-0.1274  	0.06770  	-0.0649  	-0.0460  	-0.1218  	-0.0340  	-0.0500  	-0.0630  	-0.0110  	-0.0233  	-0.0900  	0.00091  	-0.0043  	-0.0075  	-0.0082  	-0.0193  	-0.0024  	0.16538  	0.02705  	0.33221  	0.21428  	-0.2797  	-0.0024  	-0.0580  	0.22758  	1.21986  	126.623  	120.662  	
-0.9980  	0.15957  	-0.7246  	-3.3221  	-1.6536  	-3.0667  	0.96424  	0.64008  	0.10756  	0.91167  	1.07417  	0.20416  	-0.2674  	-0.5627  	-0.0634  	0.21601  	0.09887  	0.65232  	0.82129  	1.27182  	0.28767  	-0.5780  	0.03054  	-0.5073  	0.86656  	-0.0182  	-0.2402  	0.85050  	-0.2357  	-0.1762  	0.17879  	0.04770  	-0.3831  	-0.0868  	0.66372  	-0.1238  	0.14311  	-0.2962  	-0.6717  	0.46645  	0.37612  	-0.2063  	-0.3026  	0.76865  	0.26808  	-0.1417  	0.04919  	-0.0380  	-0.0287  	-0.1244  	-0.0298  	-0.0618  	-0.0610  	-0.0091  	-0.0151  	-0.0866  	0.01181  	0.00922  	-0.0026  	-0.0039  	-0.0197  	-0.0078  	0.18598  	0.03125  	0.33221  	0.21428  	-0.2797  	-0.0024  	-0.0580  	0.22758  	1.21986  	126.623  	120.662  	
-0.9927  	0.11223  	-0.7268  	-3.3871  	-1.6038  	-3.0838  	1.07001  	0.62174  	0.08523  	0.91593  	1.19342  	0.12115  	-0.2622  	-0.5741  	-0.0102  	0.07316  	0.08981  	0.59550  	0.81061  	1.23859  	0.31998  	-0.5391  	-0.0094  	-0.4064  	1.05022  	-0.0494  	-0.1495  	0.77769  	-0.1492  	-0.1065  	0.11338  	0.02004  	-0.3959  	-0.0860  	0.66400  	-0.0895  	0.18155  	-0.2794  	-0.6887  	0.47856  	0.36495  	-0.1690  	-0.3173  	0.73698  	0.27514  	-0.1444  	0.05071  	-0.0364  	-0.0214  	-0.1393  	-0.0198  	-0.0570  	-0.0644  	-0.0082  	-0.0329  	-0.0945  	0.01223  	-0.0051  	0.00608  	0.00917  	-0.0212  	-0.0144  	0.17334  	0.02637  	0.33221  	0.21428  	-0.2797  	-0.0024  	-0.0580  	0.22758  	1.21986  	126.623  	120.662  	
-0.9002  	0.22974  	-0.7086  	-3.3371  	-1.6585  	-3.0067  	0.99032  	0.70996  	0.08602  	0.95725  	1.10095  	0.14890  	-0.2300  	-0.4329  	0.00085  	0.07596  	0.07406  	0.55218  	0.84221  	1.23216  	0.33297  	-0.4728  	0.09561  	-0.3371  	1.04291  	-0.0888  	-0.0431  	0.72452  	-0.2120  	-0.0933  	0.09184  	0.04639  	-0.3794  	-0.0780  	0.70279  	-0.1273  	0.23007  	-0.2470  	-0.7147  	0.46715  	0.34948  	-0.1858  	-0.3042  	0.77701  	0.26408  	-0.1399  	0.05110  	-0.0201  	-0.0193  	-0.1354  	-0.0280  	-0.0673  	-0.0713  	-0.0087  	-0.0284  	-0.0999  	0.01996  	0.00594  	0.01000  	0.00615  	-0.0176  	-0.0199  	0.17485  	0.03139  	0.33221  	0.21428  	-0.2797  	-0.0024  	-0.0580  	0.22758  	1.21986  	126.623  	120.662  	
-1.0815  	0.13859  	-0.8402  	-3.3605  	-1.6295  	-3.1106  	1.09847  	0.64528  	0.02857  	0.92164  	1.15089  	0.09173  	-0.1989  	-0.4215  	0.14173  	-0.0273  	0.09649  	0.50366  	0.79648  	1.24279  	0.35990  	-0.4163  	-0.0178  	-0.3277  	1.18490  	-0.0765  	0.03794  	0.65679  	-0.1446  	-0.0480  	0.09940  	0.00748  	-0.4137  	-0.0902  	0.76117  	-0.0625  	0.20344  	-0.2705  	-0.7326  	0.50632  	0.27494  	-0.1527  	-0.3476  	0.74614  	0.29536  	-0.1483  	0.05196  	-0.0251  	-0.0324  	-0.1296  	-0.0160  	-0.0576  	-0.0670  	-0.0075  	-0.0272  	-0.0937  	0.02063  	-0.0012  	-0.0045  	0.00573  	-0.0254  	-0.0148  	0.18078  	0.02256  	0.33221  	0.21428  	-0.2797  	-0.0024  	-0.0580  	0.22758  	1.21986  	126.623  	120.662  	
-0.9193  	0.14987  	-0.7068  	-3.3179  	-1.5823  	-3.0457  	1.03749  	0.71160  	0.00264  	0.79488  	1.24887  	0.00627  	-0.3000  	-0.4812  	0.28594  	0.01402  	0.19109  	0.45363  	0.77297  	1.12344  	0.60564  	-0.6006  	-0.0885  	-0.1585  	1.18385  	-0.0921  	0.19596  	0.54390  	-0.3420  	-0.0517  	0.08806  	0.05101  	-0.4388  	-0.0995  	0.90112  	-0.1237  	0.36565  	-0.2661  	-0.7819  	0.50313  	0.20058  	-0.1336  	-0.4277  	0.69519  	0.31052  	-0.1404  	0.05064  	-0.0874  	-0.0568  	-0.1126  	-0.0241  	-0.0472  	-0.0681  	-0.0009  	-0.0376  	-0.0948  	0.02235  	-0.0071  	-0.0070  	-0.0007  	-0.0312  	-0.0111  	0.18480  	0.02743  	0.33221  	0.21428  	-0.2797  	-0.0024  	-0.0580  	0.22758  	1.21986  	126.623  	120.662  	
-0.0932  	0.37567  	-0.2570  	-2.6341  	-1.2847  	-2.5807  	1.06559  	1.05703  	0.12996  	0.64661  	0.83208  	0.22868  	-0.0183  	0.06231  	1.00440  	0.23605  	0.14428  	0.45235  	0.85801  	1.10431  	0.74731  	-0.5809  	-0.0465  	-0.0948  	0.93686  	-0.1018  	0.27902  	0.49054  	-0.5015  	-0.0282  	0.09012  	0.13272  	-0.3407  	-0.1172  	0.98425  	-0.3018  	0.38535  	-0.2332  	-0.8150  	0.54796  	0.19586  	-0.1473  	-0.3612  	0.75142  	0.28055  	-0.1342  	0.05983  	-0.0226  	-0.0283  	-0.1204  	-0.0403  	-0.0527  	-0.0865  	-0.0140  	-0.0554  	-0.0986  	0.02678  	-0.0072  	-0.0134  	-0.0104  	-0.0367  	-0.0123  	0.14090  	0.00764  	0.33221  	0.21428  	-0.2797  	-0.0024  	-0.0580  	0.22758  	1.21986  	126.623  	120.662  	
0.44706  	0.48875  	-0.0206  	-2.1812  	-1.2531  	-1.9537  	1.24788  	1.03266  	0.20638  	0.59195  	0.21731  	0.14395  	0.11229  	0.47022  	1.48937  	0.06161  	0.13109  	0.26894  	0.76292  	0.90285  	0.56621  	-0.1987  	0.13194  	-0.2274  	1.22428  	-0.1619  	0.32799  	0.30559  	-0.2399  	0.07797  	0.03601  	0.08340  	-0.3560  	-0.0953  	0.96755  	-0.2692  	0.35285  	-0.2384  	-0.7219  	0.56946  	0.18032  	-0.1515  	-0.3212  	0.79928  	0.25246  	-0.1289  	0.02989  	0.03953  	0.01297  	-0.1275  	-0.0034  	-0.0489  	-0.0663  	-0.0146  	-0.0384  	-0.0474  	-0.0025  	-0.0105  	-0.0120  	0.00530  	-0.0332  	0.00498  	0.16918  	0.01889  	0.33221  	0.21428  	-0.2797  	-0.0024  	-0.0580  	0.22758  	1.21986  	126.623  	120.662  	
0.42806  	0.55934  	-0.0483  	-2.1696  	-1.2925  	-2.0388  	1.23742  	1.03886  	0.22879  	0.67764  	0.22005  	-0.0782  	0.12032  	0.28133  	1.22735  	0.10835  	0.18588  	0.29210  	0.80199  	0.78303  	0.55999  	-0.1822  	0.11987  	-0.2157  	1.41625  	-0.2020  	0.44578  	0.27479  	-0.1862  	0.13518  	0.00536  	0.10461  	-0.4475  	-0.1028  	0.88950  	-0.2645  	0.43606  	-0.2323  	-0.6791  	0.55061  	0.20572  	-0.1392  	-0.2972  	0.78837  	0.23666  	-0.1324  	0.00795  	0.03954  	0.02292  	-0.1434  	-0.0134  	-0.0515  	-0.0566  	-0.0021  	-0.0207  	-0.0420  	-0.0079  	-0.0212  	-0.0063  	0.02132  	-0.0249  	-0.0041  	0.15355  	0.01651  	0.33221  	0.21428  	-0.2797  	-0.0024  	-0.0580  	0.22758  	1.21986  	126.623  	120.662  	
0.35842  	0.60294  	-0.0876  	-2.4102  	-1.2419  	-2.2271  	1.22339  	0.98623  	0.17893  	0.84888  	0.20556  	-0.2111  	0.12876  	0.30955  	1.29583  	0.01371  	0.16555  	0.28884  	0.80310  	0.81736  	0.46087  	-0.1693  	0.01653  	-0.2090  	1.57655  	-0.2157  	0.58140  	0.27663  	-0.1504  	0.17571  	0.01932  	0.11105  	-0.4796  	-0.0962  	0.93532  	-0.1661  	0.33886  	-0.2227  	-0.6533  	0.58432  	0.15733  	-0.1621  	-0.2931  	0.78277  	0.23591  	-0.1324  	0.01158  	0.04242  	0.03016  	-0.1434  	-0.0178  	-0.0569  	-0.0656  	-0.0081  	-0.0129  	-0.0619  	-0.0037  	-0.0204  	-0.0113  	0.02594  	-0.0260  	-0.0162  	0.16608  	0.02377  	0.33221  	0.21428  	-0.2797  	-0.0024  	-0.0580  	0.22758  	1.21986  	126.623  	120.662  	
-0.0405  	0.46237  	-0.2551  	-2.4747  	-1.3065  	-2.4868  	1.19913  	0.98997  	0.16457  	0.82281  	0.54572  	-0.0549  	0.06830  	0.38720  	1.09455  	0.17470  	0.04415  	0.41987  	0.77400  	1.13031  	0.64275  	-0.3303  	-0.2073  	-0.1473  	1.51530  	-0.2357  	0.50538  	0.41872  	-0.2675  	0.09116  	0.03316  	0.09296  	-0.3968  	-0.1145  	1.14163  	-0.2065  	0.38075  	-0.2731  	-0.8155  	0.60206  	0.10480  	-0.1288  	-0.3994  	0.78120  	0.27297  	-0.1322  	0.03263  	-0.0396  	-0.0028  	-0.1490  	-0.0024  	-0.0721  	-0.0659  	-0.0048  	-0.0400  	-0.0702  	0.01400  	-0.0069  	0.00385  	0.00604  	-0.0345  	-0.0016  	0.17754  	0.01947  	0.33221  	0.21428  	-0.2797  	-0.0024  	-0.0580  	0.22758  	1.21986  	126.623  	120.662  	
-0.4719  	0.20148  	-0.5855  	-2.6572  	-1.3604  	-2.8389  	1.10237  	0.88161  	0.08739  	0.79486  	0.98078  	0.19690  	-0.1094  	-0.0122  	0.69286  	0.22695  	0.07738  	0.52634  	0.78594  	1.32851  	0.59924  	-0.5168  	-0.2490  	-0.1957  	1.12303  	-0.1683  	0.19543  	0.48650  	-0.2646  	-0.0111  	0.05730  	0.05474  	-0.3861  	-0.0876  	0.99947  	-0.1785  	0.34091  	-0.2463  	-0.8331  	0.53879  	0.11300  	-0.1332  	-0.3931  	0.76247  	0.27878  	-0.1386  	0.07898  	-0.0796  	-0.0346  	-0.1370  	-0.0249  	-0.0617  	-0.0759  	0.00027  	-0.0191  	-0.0900  	0.01003  	-0.0159  	-0.0107  	0.01080  	-0.0400  	-0.0167  	0.14785  	0.01532  	0.33221  	0.21428  	-0.2797  	-0.0024  	-0.0580  	0.22758  	1.21986  	126.623  	120.662  	
-1.3866  	-0.0719  	-0.8521  	-3.5952  	-1.6554  	-3.2494  	0.95155  	0.74712  	0.00764  	0.95028  	1.47029  	0.01188  	-0.4053  	-0.6302  	0.06774  	-0.1105  	0.08897  	0.42149  	0.79026  	1.15800  	0.65213  	-0.4930  	0.08088  	-0.1938  	0.93482  	-0.0852  	0.06853  	0.46290  	-0.4338  	-0.1620  	0.08415  	0.04347  	-0.3845  	-0.1027  	0.90579  	-0.2487  	0.37515  	-0.2425  	-0.7783  	0.47405  	0.15450  	-0.1227  	-0.4321  	0.73005  	0.29387  	-0.1355  	0.06507  	-0.1080  	-0.0608  	-0.1141  	-0.0262  	-0.0510  	-0.0650  	-0.0020  	-0.0328  	-0.1039  	0.01181  	-0.0070  	-0.0146  	-0.0013  	-0.0368  	0.00783  	0.15717  	0.03163  	0.33221  	0.21428  	-0.2797  	-0.0024  	-0.0580  	0.22758  	1.21986  	126.623  	120.662  	
-1.0229  	0.16871  	-0.6506  	-3.2226  	-1.5297  	-3.1539  	1.00280  	0.92844  	0.12111  	0.90115  	1.32407  	0.13551  	-0.3117  	-0.3404  	0.31075  	-0.0785  	0.11933  	0.36640  	0.86541  	1.18733  	0.69721  	-0.5835  	-0.0378  	-0.1609  	1.10577  	-0.1134  	0.16008  	0.48181  	-0.3572  	-0.0761  	0.04677  	0.02791  	-0.4021  	-0.0787  	0.91688  	-0.2259  	0.40391  	-0.2704  	-0.7498  	0.48664  	0.20523  	-0.1310  	-0.4653  	0.73800  	0.28066  	-0.1189  	0.05979  	-0.0989  	-0.0645  	-0.1445  	-0.0327  	-0.0614  	-0.0842  	-0.0034  	-0.0498  	-0.0823  	0.01534  	0.00320  	-0.0003  	-0.0075  	-0.0140  	0.00083  	0.15507  	0.01447  	0.33221  	0.21428  	-0.2797  	-0.0024  	-0.0580  	0.22758  	1.21986  	126.623  	120.662  	
-0.4727  	0.37650  	-0.3340  	-2.9362  	-1.5466  	-2.5940  	1.04455  	1.02216  	0.17861  	0.71186  	0.89075  	0.21197  	-0.0804  	-0.0544  	0.75443  	0.20441  	0.11909  	0.42076  	0.88648  	1.10441  	0.66783  	-0.4516  	0.04690  	-0.2173  	1.09581  	-0.1222  	0.29552  	0.33905  	-0.4024  	-0.0350  	0.09458  	0.02112  	-0.3454  	-0.0956  	0.93101  	-0.2168  	0.42678  	-0.1915  	-0.7723  	0.54114  	0.27844  	-0.1952  	-0.3888  	0.75326  	0.25520  	-0.1297  	0.04329  	-0.0634  	-0.0508  	-0.1294  	-0.0128  	-0.0493  	-0.1004  	-0.0113  	-0.0448  	-0.0553  	0.00030  	-0.0091  	-0.0094  	0.00289  	0.00918  	0.00820  	0.15557  	0.01801  	0.33221  	0.21428  	-0.2797  	-0.0024  	-0.0580  	0.22758  	1.21986  	126.623  	120.662  	
-0.2285  	0.36776  	-0.2058  	-2.8127  	-1.5168  	-2.2619  	0.95935  	1.01398  	0.22524  	0.66306  	0.74638  	0.13026  	-0.0737  	-0.3025  	0.53953  	0.38394  	0.09919  	0.44990  	0.85873  	1.12077  	0.63103  	-0.4190  	0.08643  	-0.2818  	1.15692  	-0.1817  	0.19260  	0.46498  	-0.3503  	-0.0090  	0.05386  	0.10412  	-0.3793  	-0.0811  	0.84658  	-0.2652  	0.44571  	-0.1813  	-0.8206  	0.50772  	0.33128  	-0.2132  	-0.3277  	0.76584  	0.27548  	-0.1491  	0.03803  	-0.0550  	0.00211  	-0.1452  	-0.0443  	-0.0626  	-0.0781  	-0.0053  	-0.0331  	-0.0743  	0.00358  	0.00488  	-0.0070  	-0.0223  	-0.0229  	-0.0128  	0.18270  	0.01863  	0.33221  	0.21428  	-0.2797  	-0.0024  	-0.0580  	0.22758  	1.21986  	126.623  	120.662  	
-0.1535  	0.36068  	-0.2237  	-2.6242  	-1.3643  	-2.3788  	0.95287  	0.84540  	0.14422  	0.77764  	0.89565  	0.19224  	-0.2140  	-0.3895  	0.58091  	0.34369  	0.11556  	0.45558  	0.87407  	1.18304  	0.64049  	-0.4712  	-0.0562  	-0.3037  	1.24270  	-0.2049  	0.22389  	0.53238  	-0.2996  	0.01126  	0.02474  	0.11993  	-0.4267  	-0.1109  	0.92221  	-0.1121  	0.45895  	-0.1792  	-0.7850  	0.49646  	0.30716  	-0.2151  	-0.3284  	0.78180  	0.28222  	-0.1316  	0.03721  	-0.0387  	-0.0312  	-0.1407  	-0.0092  	-0.0624  	-0.0581  	-0.0219  	-0.0300  	-0.0727  	0.02781  	0.00359  	0.01042  	0.01637  	-0.0357  	-0.0256  	0.18797  	0.02372  	0.33221  	0.21428  	-0.2797  	-0.0024  	-0.0580  	0.22758  	1.21986  	126.623  	120.662  	
-0.3023  	0.30049  	-0.3971  	-2.8092  	-1.4332  	-2.4929  	0.97886  	0.71153  	0.08167  	0.72158  	0.87379  	0.07875  	-0.2858  	-0.5260  	0.45472  	0.41494  	0.12201  	0.49270  	0.91539  	1.12568  	0.54805  	-0.4603  	-0.0235  	-0.3228  	1.28113  	-0.1978  	0.24106  	0.55005  	-0.3268  	0.02434  	-0.0155  	0.13701  	-0.4641  	-0.1161  	0.96479  	0.01436  	0.47123  	-0.2035  	-0.8200  	0.46959  	0.20515  	-0.1716  	-0.3447  	0.76392  	0.28781  	-0.1267  	0.04825  	-0.0719  	-0.0258  	-0.1380  	0.00643  	-0.0548  	-0.0483  	-0.0013  	-0.0208  	-0.0712  	0.02108  	0.01193  	0.01178  	0.00131  	-0.0400  	-0.0312  	0.16732  	0.02721  	0.33221  	0.21428  	-0.2797  	-0.0024  	-0.0580  	0.22758  	1.21986  	126.623  	120.662  	
-0.2861  	0.32417  	-0.3101  	-2.9440  	-1.5523  	-2.5416  	1.04065  	0.72012  	0.10522  	0.85623  	1.01073  	0.13697  	-0.3448  	-0.6302  	0.18363  	0.57036  	0.05450  	0.54752  	0.85739  	1.21861  	0.40612  	-0.4839  	-0.1319  	-0.3729  	1.22079  	-0.1632  	0.09370  	0.71251  	-0.2088  	-0.0227  	-0.0095  	0.12876  	-0.4493  	-0.0928  	0.91167  	0.01499  	0.36577  	-0.2365  	-0.7613  	0.53991  	0.27788  	-0.1563  	-0.3297  	0.76322  	0.28174  	-0.1304  	0.05310  	-0.0586  	-0.0161  	-0.1358  	0.00074  	-0.0629  	-0.0587  	-0.0121  	-0.0130  	-0.0770  	0.02741  	0.00049  	0.00145  	-0.0012  	-0.0406  	-0.0332  	0.17059  	0.03356  	0.33221  	0.21428  	-0.2797  	-0.0024  	-0.0580  	0.22758  	1.21986  	126.623  	120.662  	
-0.4503  	0.27806  	-0.3897  	-3.0060  	-1.6130  	-2.7456  	1.03666  	0.70448  	0.00454  	0.91717  	0.88741  	0.09199  	-0.2720  	-0.5652  	0.14459  	0.45475  	0.03620  	0.57785  	0.84523  	1.19471  	0.29386  	-0.4839  	-0.1626  	-0.3924  	1.32915  	-0.1569  	0.11707  	0.70627  	-0.0904  	0.01067  	0.00880  	0.12063  	-0.4780  	-0.1103  	0.84660  	0.10309  	0.24531  	-0.2563  	-0.7422  	0.55744  	0.29632  	-0.1616  	-0.3447  	0.76060  	0.27073  	-0.1439  	0.05675  	-0.0519  	-0.0062  	-0.1420  	0.00915  	-0.0619  	-0.0592  	-0.0120  	-0.0193  	-0.1013  	0.02976  	-0.0040  	-0.0058  	-0.0003  	-0.0460  	-0.0270  	0.19333  	0.02964  	0.33221  	0.21428  	-0.2797  	-0.0024  	-0.0580  	0.22758  	1.21986  	126.623  	120.662  	
-0.9346  	0.19998  	-0.7028  	-3.0429  	-1.4751  	-2.9933  	1.09191  	0.61668  	-0.0102  	0.91585  	1.02883  	0.06674  	-0.2951  	-0.5188  	0.14692  	0.29860  	0.14547  	0.49433  	0.84000  	1.20760  	0.30503  	-0.4378  	-0.0997  	-0.2742  	1.30583  	-0.1146  	0.11634  	0.68541  	-0.1730  	0.02642  	0.02472  	0.07221  	-0.4689  	-0.1031  	0.85689  	0.11289  	0.29567  	-0.2967  	-0.7649  	0.47406  	0.28376  	-0.1300  	-0.4207  	0.70588  	0.29037  	-0.1464  	0.05742  	-0.0768  	-0.0134  	-0.1221  	0.00082  	-0.0529  	-0.0742  	-0.0049  	-0.0196  	-0.0721  	0.01702  	-0.0129  	0.02653  	0.00854  	-0.0318  	0.00376  	0.16597  	0.01996  	0.33221  	0.21428  	-0.2797  	-0.0024  	-0.0580  	0.22758  	1.21986  	126.623  	120.662  	
-1.1918  	0.08489  	-0.7334  	-3.2970  	-1.5405  	-3.0494  	0.98138  	0.70836  	0.05227  	0.92527  	1.23069  	0.11222  	-0.2869  	-0.3498  	0.35984  	-0.0056  	0.13565  	0.40712  	0.84296  	1.17125  	0.52581  	-0.5186  	0.02329  	-0.2293  	1.13907  	-0.0976  	0.11020  	0.61777  	-0.2339  	-0.0168  	0.09039  	0.05250  	-0.4007  	-0.0844  	0.84593  	-0.1200  	0.33168  	-0.2646  	-0.7908  	0.43738  	0.21876  	-0.1427  	-0.4095  	0.73084  	0.30510  	-0.1246  	0.05867  	-0.0879  	-0.0400  	-0.1323  	-0.0367  	-0.0587  	-0.0612  	-0.0052  	-0.0282  	-0.0935  	0.00916  	0.00318  	0.01560  	0.00436  	-0.0168  	0.00095  	0.14902  	0.00569  	0.33221  	0.21428  	-0.2797  	-0.0024  	-0.0580  	0.22758  	1.21986  	126.623  	120.662  	
-0.8444  	0.22000  	-0.6493  	-3.1384  	-1.5917  	-2.9719  	1.02009  	0.83519  	0.04856  	0.96039  	1.03949  	0.19627  	-0.2227  	-0.3129  	0.32387  	0.06192  	0.15698  	0.53461  	0.84177  	1.22048  	0.44861  	-0.4803  	-0.0499  	-0.3473  	1.20194  	-0.1381  	0.06329  	0.67652  	-0.1542  	-0.0304  	0.07529  	0.00299  	-0.4257  	-0.1113  	0.76694  	-0.0717  	0.25198  	-0.2791  	-0.6841  	0.50908  	0.25255  	-0.1565  	-0.3769  	0.72984  	0.28770  	-0.1281  	0.05712  	-0.0558  	-0.0309  	-0.1231  	-0.0151  	-0.0619  	-0.0687  	-0.0149  	-0.0298  	-0.0949  	0.02481  	0.00085  	0.00794  	-0.0032  	-0.0317  	-0.0133  	0.17125  	0.02067  	0.33221  	0.21428  	-0.2797  	-0.0024  	-0.0580  	0.22758  	1.21986  	126.623  	120.662  	
-0.7273  	0.25463  	-0.5477  	-3.2688  	-1.6742  	-2.8360  	1.10121  	0.80315  	0.10842  	0.94152  	0.89475  	0.03627  	-0.2401  	-0.4455  	0.35310  	0.08234  	0.15197  	0.54885  	0.85553  	1.15724  	0.44422  	-0.4541  	0.04305  	-0.3907  	1.22464  	-0.1290  	0.15016  	0.62945  	-0.1246  	-0.0222  	0.05764  	0.03809  	-0.4501  	-0.1112  	0.71652  	-0.1020  	0.26905  	-0.2590  	-0.6976  	0.58089  	0.34573  	-0.1912  	-0.3219  	0.78809  	0.28554  	-0.1479  	0.05908  	-0.0484  	-0.0271  	-0.1330  	-0.0205  	-0.0576  	-0.0656  	0.00084  	-0.0256  	-0.0942  	0.01720  	-0.0081  	0.00262  	0.01082  	-0.0320  	-0.0097  	0.17707  	0.02789  	0.33221  	0.21428  	-0.2797  	-0.0024  	-0.0580  	0.22758  	1.21986  	126.623  	120.662  	
-0.4849  	0.31030  	-0.5163  	-2.7308  	-1.4506  	-2.6118  	1.04367  	0.86352  	0.11155  	0.67910  	0.69745  	0.22492  	-0.2170  	-0.4071  	0.50427  	0.22802  	0.14978  	0.58400  	0.88442  	1.19033  	0.38577  	-0.4732  	-0.0095  	-0.3948  	1.19613  	-0.1163  	0.12847  	0.82175  	-0.1188  	0.03434  	0.02178  	0.07176  	-0.4078  	-0.1086  	0.73796  	-0.0744  	0.19669  	-0.2724  	-0.6744  	0.52297  	0.30201  	-0.1748  	-0.3247  	0.77140  	0.27404  	-0.1423  	0.04834  	-0.0397  	-0.0190  	-0.1408  	0.00471  	-0.0510  	-0.0589  	-0.0107  	-0.0340  	-0.0843  	0.02934  	-0.0083  	0.01526  	-0.0004  	-0.0298  	-0.0191  	0.17480  	0.02577  	0.33221  	0.21428  	-0.2797  	-0.0024  	-0.0580  	0.22758  	1.21986  	126.623  	120.662  	
-0.3643  	0.35711  	-0.4338  	-2.5756  	-1.3486  	-2.4643  	0.99739  	0.83871  	0.09561  	0.59169  	0.64088  	0.24617  	-0.1999  	-0.3408  	0.71661  	0.20150  	0.16456  	0.54749  	0.86259  	1.19313  	0.36984  	-0.4491  	-0.0460  	-0.3832  	1.24036  	-0.1229  	0.10304  	0.76325  	-0.0802  	0.03780  	-0.0036  	0.05936  	-0.3990  	-0.0936  	0.83037  	-0.0917  	0.24446  	-0.2568  	-0.7186  	0.54202  	0.26749  	-0.1956  	-0.2976  	0.77405  	0.26835  	-0.1453  	0.05561  	-0.0458  	-0.0131  	-0.1550  	0.00262  	-0.0620  	-0.0618  	-0.0088  	-0.0223  	-0.0732  	0.02197  	-0.0101  	0.00756  	0.01235  	-0.0330  	-0.0170  	0.16359  	0.02854  	0.33221  	0.21428  	-0.2797  	-0.0024  	-0.0580  	0.22758  	1.21986  	126.623  	120.662  	
-0.1484  	0.38375  	-0.3167  	-2.6180  	-1.3471  	-2.3939  	1.04635  	0.87640  	0.11199  	0.69250  	0.75594  	0.24586  	-0.1545  	-0.2250  	0.72339  	0.35118  	0.09558  	0.52637  	0.88336  	1.22897  	0.54904  	-0.4611  	-0.0944  	-0.4206  	1.27060  	-0.1890  	0.08782  	0.64921  	-0.1918  	-0.0076  	-0.0045  	0.08140  	-0.3775  	-0.0850  	0.90447  	-0.1412  	0.35835  	-0.2024  	-0.7236  	0.53187  	0.30003  	-0.1898  	-0.3237  	0.77837  	0.27844  	-0.1338  	0.04839  	-0.0379  	-0.0169  	-0.1307  	-0.0021  	-0.0562  	-0.0596  	-0.0079  	-0.0233  	-0.0652  	0.01122  	-0.0102  	0.00773  	0.00024  	-0.0342  	-0.0169  	0.16197  	0.01991  	0.33221  	0.21428  	-0.2797  	-0.0024  	-0.0580  	0.22758  	1.21986  	126.623  	120.662  	
-0.2994  	0.36253  	-0.3205  	-2.9708  	-1.5097  	-2.5964  	1.06224  	0.84302  	0.13108  	0.81708  	0.90567  	0.19543  	-0.2488  	-0.2544  	0.34022  	0.37514  	0.05222  	0.56993  	0.84264  	1.25204  	0.46811  	-0.5871  	-0.1225  	-0.4042  	1.25110  	-0.1913  	0.09826  	0.60575  	-0.2193  	-0.0278  	0.02846  	0.05820  	-0.3693  	-0.1056  	0.87036  	-0.1075  	0.36795  	-0.2208  	-0.7615  	0.49882  	0.30535  	-0.1610  	-0.2997  	0.76288  	0.29149  	-0.1305  	0.05983  	-0.0463  	-0.0262  	-0.1406  	-0.0080  	-0.0611  	-0.0604  	-0.0026  	-0.0266  	-0.0765  	0.01617  	-0.0001  	-0.0113  	0.00302  	-0.0336  	-0.0193  	0.17359  	0.03118  	0.33221  	0.21428  	-0.2797  	-0.0024  	-0.0580  	0.22758  	1.21986  	126.623  	120.662  	
-0.5139  	0.35179  	-0.4749  	-2.9214  	-1.4641  	-2.6551  	1.00823  	0.84915  	0.09950  	0.72544  	1.05247  	0.20870  	-0.1684  	-0.3661  	0.54894  	0.08071  	0.25294  	0.23593  	0.96318  	0.79639  	0.70653  	-0.8735  	-0.4151  	-0.2037  	1.13521  	-0.0267  	0.15478  	0.44545  	-0.1473  	-0.0781  	0.21916  	-0.0003  	-0.5391  	-0.3415  	0.85375  	-0.1753  	0.22560  	-0.2519  	-0.9566  	0.43279  	0.35300  	0.00467  	-0.5511  	0.87202  	0.19398  	-0.1106  	0.01745  	-0.0147  	-0.0653  	-0.1189  	0.01324  	-0.0573  	-0.0657  	0.02596  	-0.0220  	-0.0886  	0.01761  	-0.0130  	-0.0017  	0.01620  	-0.0334  	-0.0209  	0.15595  	0.02874  	0.33221  	0.21428  	-0.2797  	-0.0024  	-0.0580  	0.22758  	1.21986  	126.623  	120.662  	
-0.9254  	0.24241  	-0.5922  	-3.2189  	-1.5661  	-3.0105  	0.98002  	0.83123  	-0.0207  	0.78757  	1.08525  	0.20930  	-0.1004  	-0.6132  	0.37094  	-0.1022  	0.32237  	0.11016  	1.02174  	0.55068  	0.54737  	-1.1350  	-0.7513  	-0.3704  	1.04987  	0.16330  	0.01188  	0.45724  	0.09647  	-0.0737  	0.39057  	-0.1240  	-0.6415  	-0.5257  	0.57271  	-0.1073  	-0.0246  	-0.2573  	-1.0316  	0.28137  	0.47486  	0.20334  	-0.6750  	0.96550  	0.12473  	-0.0787  	-0.0095  	0.00035  	-0.0748  	-0.1708  	0.00238  	-0.0447  	-0.0726  	0.03398  	-0.0127  	-0.1004  	0.01841  	-0.0213  	-0.0002  	0.02805  	-0.0204  	-0.0302  	0.12535  	0.02280  	0.33221  	0.21428  	-0.2797  	-0.0024  	-0.0580  	0.22758  	1.21986  	126.623  	120.662  	
-0.9987  	0.17993  	-0.6225  	-3.1643  	-1.6003  	-3.1244  	0.88879  	0.88146  	-0.0166  	0.84738  	1.18291  	0.19871  	-0.1083  	-0.5549  	0.53492  	-0.1807  	0.42902  	0.01227  	1.04621  	0.38025  	0.70212  	-1.1878  	-0.8027  	-0.3335  	0.99624  	0.19402  	0.06996  	0.34161  	0.05259  	-0.0808  	0.42470  	-0.1015  	-0.7120  	-0.5955  	0.61213  	-0.1463  	0.00143  	-0.2348  	-1.0885  	0.25505  	0.47707  	0.23661  	-0.7282  	0.95721  	0.12054  	-0.0725  	-0.0082  	-0.0218  	-0.1037  	-0.1635  	-0.0114  	-0.0419  	-0.0554  	0.04610  	-0.0083  	-0.1034  	0.00661  	-0.0377  	0.00377  	0.03329  	-0.0168  	-0.0232  	0.12228  	0.02155  	0.33221  	0.21428  	-0.2797  	-0.0024  	-0.0580  	0.22758  	1.21986  	126.623  	120.662  	
-0.9905  	0.21759  	-0.5186  	-3.5486  	-1.8221  	-3.1377  	0.91514  	0.85325  	-0.0182  	0.89960  	1.20587  	0.03304  	-0.1403  	-0.6464  	0.39656  	-0.1803  	0.43542  	0.09646  	1.05485  	0.39729  	0.68048  	-1.1176  	-0.5633  	-0.3420  	0.97035  	0.17374  	0.10687  	0.29265  	0.01243  	-0.1244  	0.43655  	-0.1058  	-0.6833  	-0.5467  	0.53569  	-0.1767  	0.07191  	-0.2589  	-1.0311  	0.24702  	0.54341  	0.19308  	-0.6776  	0.97144  	0.11844  	-0.0762  	-0.0130  	-0.0094  	-0.0841  	-0.1598  	-0.0200  	-0.0482  	-0.0651  	0.03798  	-0.0121  	-0.1028  	0.01031  	-0.0294  	0.00662  	0.01886  	-0.0121  	-0.0170  	0.13465  	0.03172  	0.33221  	0.21428  	-0.2797  	-0.0024  	-0.0580  	0.22758  	1.21986  	126.623  	120.662  	
-0.8885  	0.30793  	-0.5041  	-3.4342  	-1.7332  	-2.7286  	0.98729  	0.79637  	0.04862  	0.79598  	0.93970  	0.02238  	-0.2117  	-0.7046  	0.36737  	0.04391  	0.29337  	0.32772  	0.95311  	0.72481  	0.42309  	-0.7905  	-0.2173  	-0.4177  	1.10561  	0.08564  	0.04489  	0.59189  	0.05181  	-0.0812  	0.31527  	-0.0563  	-0.5681  	-0.3697  	0.48008  	-0.1439  	0.09367  	-0.2941  	-0.8110  	0.41387  	0.48345  	-0.0024  	-0.4698  	0.92428  	0.19186  	-0.1184  	0.00888  	-0.0064  	-0.0681  	-0.1386  	-0.0113  	-0.0387  	-0.0663  	0.01745  	-0.0264  	-0.0873  	0.01600  	-0.0251  	0.00616  	0.00785  	-0.0196  	-0.0186  	0.15052  	0.01701  	0.33221  	0.21428  	-0.2797  	-0.0024  	-0.0580  	0.22758  	1.21986  	126.623  	120.662  	
-0.7396  	0.30153  	-0.6186  	-3.1229  	-1.5736  	-2.6680  	0.98626  	0.74043  	0.09439  	0.75348  	0.73372  	0.15215  	-0.2249  	-0.6062  	0.39135  	0.19726  	0.18375  	0.69144  	0.87931  	1.25445  	0.25544  	-0.4291  	0.04424  	-0.4810  	1.15597  	-0.0885  	-0.0729  	0.92644  	0.00089  	-0.0612  	0.14140  	0.01680  	-0.4016  	-0.0812  	0.52578  	-0.0962  	0.07866  	-0.3098  	-0.5902  	0.54867  	0.36280  	-0.2170  	-0.2986  	0.76632  	0.26017  	-0.1339  	0.04005  	-0.0337  	-0.0339  	-0.1402  	0.00409  	-0.0569  	-0.0808  	-0.0277  	-0.0264  	-0.0876  	0.03002  	-0.0045  	0.01744  	0.00248  	-0.0227  	0.00020  	0.17070  	0.03813  	0.33221  	0.21428  	-0.2797  	-0.0024  	-0.0580  	0.22758  	1.21986  	126.623  	120.662  	
-0.8996  	0.21745  	-0.7198  	-3.0406  	-1.5164  	-2.9942  	1.05405  	0.73300  	0.08505  	0.87396  	0.91357  	0.19327  	-0.1631  	-0.4414  	0.32320  	0.09317  	0.09358  	0.68557  	0.81294  	1.32222  	0.31113  	-0.4302  	-0.0676  	-0.3870  	1.14196  	-0.0983  	-0.0429  	0.86656  	-0.0296  	-0.0180  	0.09282  	0.01389  	-0.4042  	-0.0596  	0.73941  	-0.0589  	0.14961  	-0.3203  	-0.6468  	0.55446  	0.24640  	-0.1499  	-0.3636  	0.73186  	0.26650  	-0.1365  	0.03954  	-0.0351  	-0.0333  	-0.1305  	0.00068  	-0.0558  	-0.0809  	-0.0079  	-0.0185  	-0.0760  	0.01845  	-0.0002  	0.00920  	0.00376  	-0.0297  	-0.0018  	0.16058  	0.03453  	0.33221  	0.21428  	-0.2797  	-0.0024  	-0.0580  	0.22758  	1.21986  	126.623  	120.662  	
-0.7424  	0.19311  	-0.6908  	-2.8911  	-1.2917  	-3.0346  	1.08346  	0.85139  	0.06582  	0.63927  	1.19912  	0.31559  	-0.1802  	-0.2266  	0.68750  	0.07179  	0.06846  	0.49539  	0.74322  	1.25735  	0.56839  	-0.5573  	-0.1173  	-0.1466  	1.02609  	-0.1212  	0.05258  	0.75388  	-0.2432  	-0.0585  	0.04223  	0.03802  	-0.3281  	-0.0791  	0.93802  	-0.2195  	0.30387  	-0.2892  	-0.7716  	0.54579  	0.22029  	-0.1217  	-0.4107  	0.69795  	0.28860  	-0.1276  	0.07819  	-0.0736  	-0.0241  	-0.1331  	-0.0369  	-0.0602  	-0.0640  	-0.0104  	-0.0400  	-0.0995  	0.01576  	-0.0138  	-0.0049  	0.00144  	-0.0373  	-0.0201  	0.15194  	0.01876  	0.33221  	0.21428  	-0.2797  	-0.0024  	-0.0580  	0.22758  	1.21986  	126.623  	120.662  	
0.15249  	0.44491  	-0.2348  	-2.4983  	-1.2762  	-2.5018  	1.15385  	0.92675  	0.14266  	0.69936  	0.58868  	0.28963  	0.04210  	0.29809  	1.26002  	0.12484  	0.09118  	0.34075  	0.75975  	1.03193  	0.66229  	-0.3998  	-0.0535  	-0.1361  	0.98197  	-0.1644  	0.24636  	0.38440  	-0.3176  	0.03408  	0.05137  	0.10415  	-0.3468  	-0.1149  	0.99453  	-0.3428  	0.31923  	-0.2983  	-0.7850  	0.55828  	0.18630  	-0.1312  	-0.3737  	0.72714  	0.30190  	-0.1250  	0.04585  	-0.0156  	-0.0126  	-0.1070  	-0.0203  	-0.0642  	-0.0666  	-0.0122  	-0.0493  	-0.0639  	0.01101  	-0.0205  	0.00388  	0.01412  	-0.0275  	0.00394  	0.13375  	0.01915  	0.33221  	0.21428  	-0.2797  	-0.0024  	-0.0580  	0.22758  	1.21986  	126.623  	120.662  	
0.36351  	0.52370  	-0.0703  	-2.3356  	-1.3255  	-2.0653  	1.16883  	1.09006  	0.23109  	0.50455  	0.27535  	0.01515  	0.08680  	0.32296  	1.29457  	0.15205  	0.17832  	0.32249  	0.80495  	0.88665  	0.64703  	-0.2388  	0.14593  	-0.2741  	1.23924  	-0.1691  	0.35524  	0.33276  	-0.2174  	0.06143  	0.02697  	0.08085  	-0.3690  	-0.0761  	0.97759  	-0.2862  	0.38190  	-0.2318  	-0.7160  	0.54695  	0.17262  	-0.1708  	-0.2931  	0.79190  	0.25029  	-0.1394  	0.03521  	0.01237  	0.02091  	-0.1554  	-0.0122  	-0.0506  	-0.0691  	-0.0111  	-0.0289  	-0.0451  	-0.0013  	-0.0086  	-0.0128  	0.00353  	-0.0296  	0.00154  	0.16421  	0.01106  	0.33221  	0.21428  	-0.2797  	-0.0024  	-0.0580  	0.22758  	1.21986  	126.623  	120.662  	
0.38074  	0.51746  	-0.0528  	-2.3894  	-1.3989  	-2.1658  	1.19881  	1.12053  	0.19570  	0.64732  	0.46931  	-0.0561  	-0.0296  	0.04782  	1.19909  	0.22475  	0.19703  	0.28942  	0.84505  	0.86227  	0.78639  	-0.2439  	0.13037  	-0.1857  	1.41806  	-0.1913  	0.58736  	0.19710  	-0.3583  	0.06257  	0.00667  	0.12374  	-0.4572  	-0.1021  	1.06248  	-0.2255  	0.51063  	-0.1667  	-0.8023  	0.51351  	0.12098  	-0.1555  	-0.3072  	0.78263  	0.24999  	-0.1405  	0.02216  	0.02769  	0.01822  	-0.1438  	-0.0099  	-0.0593  	-0.0649  	0.00178  	-0.0159  	-0.0564  	0.00408  	-0.0149  	-0.0023  	0.01538  	-0.0333  	-0.0134  	0.16794  	0.01663  	0.33221  	0.21428  	-0.2797  	-0.0024  	-0.0580  	0.22758  	1.21986  	126.623  	120.662  	
0.39051  	0.51745  	-0.0237  	-2.4645  	-1.3633  	-2.2807  	1.13524  	1.07845  	0.21961  	0.63047  	0.66507  	-0.0245  	-0.0891  	0.00553  	1.10878  	0.32892  	0.15201  	0.29254  	0.86716  	1.02475  	0.83326  	-0.2930  	-0.0325  	-0.1389  	1.40592  	-0.2123  	0.48613  	0.20805  	-0.4133  	0.04094  	-0.0408  	0.15742  	-0.4321  	-0.1064  	1.10915  	-0.2128  	0.53756  	-0.1800  	-0.8251  	0.50561  	0.12526  	-0.1313  	-0.3340  	0.76804  	0.25833  	-0.1391  	0.03146  	0.01365  	0.02092  	-0.1372  	0.00669  	-0.0613  	-0.0650  	0.00407  	-0.0189  	-0.0549  	0.01046  	0.00116  	-0.0029  	0.01005  	-0.0421  	-0.0229  	0.16152  	0.01577  	0.33221  	0.21428  	-0.2797  	-0.0024  	-0.0580  	0.22758  	1.21986  	126.623  	120.662  	
0.36982  	0.49529  	-0.1084  	-2.2972  	-1.2898  	-2.1515  	1.12206  	1.05628  	0.22957  	0.57477  	0.53507  	0.09701  	-0.0003  	0.14143  	1.08595  	0.31612  	0.14399  	0.31319  	0.84231  	0.99227  	0.73405  	-0.3096  	0.02329  	-0.2234  	1.33707  	-0.1970  	0.41759  	0.27280  	-0.3666  	0.04744  	-0.0309  	0.12433  	-0.3876  	-0.0993  	1.04857  	-0.2601  	0.46635  	-0.2041  	-0.7983  	0.50643  	0.14156  	-0.1376  	-0.3203  	0.78341  	0.26842  	-0.1400  	0.03154  	-0.0054  	0.01919  	-0.1419  	-0.0036  	-0.0585  	-0.0604  	0.00123  	-0.0274  	-0.0543  	0.01094  	-0.0085  	-0.0047  	-0.0032  	-0.0321  	-0.0151  	0.16185  	0.01520  	0.33221  	0.21428  	-0.2797  	-0.0024  	-0.0580  	0.22758  	1.21986  	126.623  	120.662  	
0.24249  	0.47421  	-0.1341  	-2.3442  	-1.2390  	-2.2060  	1.21839  	1.02329  	0.20127  	0.71136  	0.53506  	0.01226  	0.03350  	0.35615  	1.14544  	0.24912  	0.13990  	0.33605  	0.83237  	1.07386  	0.75728  	-0.3167  	-0.1188  	-0.1992  	1.46908  	-0.2655  	0.47749  	0.34189  	-0.2646  	0.08211  	-0.0351  	0.11482  	-0.4167  	-0.0928  	1.08455  	-0.1689  	0.40593  	-0.2426  	-0.7730  	0.60272  	0.12585  	-0.1343  	-0.3652  	0.79081  	0.28078  	-0.1426  	0.03461  	-0.0105  	0.01621  	-0.1412  	-0.0009  	-0.0539  	-0.0637  	-0.0051  	-0.0256  	-0.0605  	0.01359  	-0.0081  	0.00556  	0.01325  	-0.0317  	-0.0152  	0.16362  	0.01112  	0.33221  	0.21428  	-0.2797  	-0.0024  	-0.0580  	0.22758  	1.21986  	126.623  	120.662  	
-0.3140  	0.31751  	-0.5211  	-2.3152  	-1.1922  	-2.4737  	0.98014  	0.89910  	0.08993  	0.60330  	0.69180  	0.33066  	-0.1268  	-0.0995  	1.06495  	0.27938  	0.14995  	0.40373  	0.83834  	1.05684  	0.69078  	-0.3777  	-0.0098  	-0.1038  	1.17021  	-0.1720  	0.33937  	0.42174  	-0.3534  	0.02008  	0.00808  	0.12970  	-0.4468  	-0.1196  	1.05831  	-0.2581  	0.44747  	-0.2183  	-0.8337  	0.52786  	0.12018  	-0.1382  	-0.4320  	0.75671  	0.28652  	-0.1354  	0.04460  	-0.0742  	-0.0354  	-0.1348  	-0.0095  	-0.0521  	-0.0612  	-0.0156  	-0.0336  	-0.0774  	0.01615  	0.00235  	0.01416  	0.01817  	-0.0377  	-0.0063  	0.15909  	0.02869  	0.33221  	0.21428  	-0.2797  	-0.0024  	-0.0580  	0.22758  	1.21986  	126.623  	120.662  	
0.16020  	0.59175  	-0.0406  	-2.6421  	-1.4591  	-2.2586  	1.05855  	1.07067  	0.21034  	0.58709  	0.74857  	0.20018  	-0.0982  	0.09074  	0.96487  	0.35104  	0.16983  	0.33721  	0.85275  	1.03275  	0.90931  	-0.4436  	0.10098  	-0.1299  	1.16282  	-0.1869  	0.45842  	0.19416  	-0.5691  	-0.0256  	-0.0006  	0.15870  	-0.3847  	-0.1493  	1.09136  	-0.3209  	0.63681  	-0.1469  	-0.8446  	0.48831  	0.16488  	-0.1640  	-0.3404  	0.78151  	0.26358  	-0.1208  	0.03892  	-0.0469  	-0.0157  	-0.1112  	-0.0330  	-0.0507  	-0.0620  	-0.0001  	-0.0261  	-0.0612  	-0.0080  	-0.0153  	-0.0109  	0.01091  	-0.0273  	-0.0034  	0.15508  	0.01809  	0.33221  	0.21428  	-0.2797  	-0.0024  	-0.0580  	0.22758  	1.21986  	126.623  	120.662  	
0.22858  	0.53436  	0.05554  	-2.6425  	-1.5333  	-2.2741  	1.06078  	1.10081  	0.23250  	0.60094  	0.94532  	0.24759  	-0.1309  	0.02754  	0.85424  	0.46630  	0.10803  	0.40252  	0.85737  	1.05378  	0.90785  	-0.4223  	0.10375  	-0.2237  	1.15720  	-0.1701  	0.28353  	0.24892  	-0.5243  	-0.0297  	0.01871  	0.14572  	-0.3526  	-0.1053  	1.03888  	-0.2996  	0.59831  	-0.1436  	-0.8158  	0.41528  	0.19308  	-0.1606  	-0.2904  	0.76522  	0.27399  	-0.1259  	0.04647  	-0.0301  	-0.0015  	-0.1280  	-0.0313  	-0.0551  	-0.0558  	-0.0026  	-0.0270  	-0.0653  	-0.0051  	-0.0045  	-0.0115  	0.00597  	-0.0353  	-0.0075  	0.16715  	0.01696  	0.33221  	0.21428  	-0.2797  	-0.0024  	-0.0580  	0.22758  	1.21986  	126.623  	120.662  	
0.37077  	0.51912  	0.13745  	-2.6590  	-1.4946  	-2.2309  	1.06554  	1.13899  	0.29194  	0.69738  	1.07961  	0.38335  	-0.1633  	-0.0303  	0.56622  	0.65351  	0.09909  	0.37524  	0.88068  	1.13570  	0.94530  	-0.4824  	0.08506  	-0.3202  	1.13508  	-0.2019  	0.20801  	0.29587  	-0.5996  	-0.0407  	0.02291  	0.14996  	-0.3578  	-0.1148  	0.97516  	-0.3072  	0.67235  	-0.1136  	-0.7912  	0.36832  	0.24063  	-0.1977  	-0.2536  	0.76910  	0.28137  	-0.1221  	0.03727  	-0.0069  	0.00439  	-0.1329  	-0.0506  	-0.0567  	-0.0519  	0.00178  	-0.0289  	-0.0588  	-0.0023  	-0.0104  	-0.0095  	0.00840  	-0.0336  	-0.0107  	0.16749  	0.02007  	0.33221  	0.21428  	-0.2797  	-0.0024  	-0.0580  	0.22758  	1.21986  	126.623  	120.662  	
-0.0041  	0.51249  	-0.0283  	-3.0484  	-1.6129  	-2.4204  	1.14127  	1.07551  	0.30062  	0.91664  	1.00806  	0.17250  	-0.1101  	0.16016  	0.45873  	0.60809  	0.04350  	0.43612  	0.88758  	1.24874  	0.76515  	-0.5440  	-0.1417  	-0.3025  	1.36709  	-0.2724  	0.28789  	0.38279  	-0.3775  	-0.0792  	0.04161  	0.13922  	-0.3464  	-0.0877  	0.97400  	-0.2238  	0.46765  	-0.2181  	-0.6980  	0.52890  	0.22202  	-0.1977  	-0.3308  	0.78901  	0.27671  	-0.1283  	0.03136  	-0.0171  	-0.0160  	-0.1378  	-0.0073  	-0.0678  	-0.0696  	-0.0036  	-0.0413  	-0.0621  	0.01581  	-0.0106  	-0.0044  	0.00205  	-0.0144  	-0.0166  	0.16869  	0.03432  	0.33221  	0.21428  	-0.2797  	-0.0024  	-0.0580  	0.22758  	1.21986  	126.623  	120.662  	
-0.9003  	0.17787  	-0.6272  	-3.0922  	-1.5882  	-2.9093  	1.04405  	0.72516  	0.05742  	0.90403  	1.25093  	0.15249  	-0.2037  	-0.3717  	0.37583  	0.06731  	0.08672  	0.42107  	0.80631  	1.32291  	0.64059  	-0.5099  	-0.0877  	-0.2669  	1.04724  	-0.0954  	0.11250  	0.44404  	-0.3474  	-0.0492  	0.07438  	0.04150  	-0.4029  	-0.0426  	0.87875  	-0.1297  	0.37499  	-0.2354  	-0.7659  	0.48953  	0.14047  	-0.1248  	-0.4050  	0.72996  	0.30106  	-0.1341  	0.06469  	-0.0575  	-0.0437  	-0.1386  	-0.0223  	-0.0569  	-0.0642  	0.00678  	-0.0418  	-0.0842  	0.02087  	0.00327  	0.00788  	-0.0085  	-0.0332  	-0.0267  	0.15323  	0.00455  	0.33221  	0.21428  	-0.2797  	-0.0024  	-0.0580  	0.22758  	1.21986  	126.623  	120.662  	
-1.3802  	0.14652  	-0.7210  	-3.7525  	-1.7753  	-3.2537  	1.01991  	0.61513  	0.00337  	0.94266  	1.44600  	-0.0626  	-0.4084  	-0.6101  	-0.0347  	-0.1131  	0.11695  	0.42466  	0.82828  	1.11327  	0.59014  	-0.5048  	0.01674  	-0.2689  	1.03757  	-0.0643  	0.11022  	0.46300  	-0.3636  	-0.1195  	0.05541  	0.05001  	-0.4230  	-0.0736  	0.77962  	-0.1064  	0.36583  	-0.2434  	-0.7479  	0.47985  	0.29848  	-0.1390  	-0.4181  	0.73200  	0.25856  	-0.1527  	0.05831  	-0.0837  	-0.0428  	-0.1407  	-0.0336  	-0.0659  	-0.0644  	0.01895  	-0.0377  	-0.0924  	0.02840  	-2.6607  	0.00158  	0.01287  	-0.0132  	0.00521  	0.17234  	0.01767  	0.33221  	0.21428  	-0.2797  	-0.0024  	-0.0580  	0.22758  	1.21986  	126.623  	120.662  	
-0.7314  	0.17584  	-0.5103  	-3.2278  	-1.5343  	-3.0063  	0.98607  	0.87034  	0.12288  	0.84035  	1.35368  	0.17487  	-0.2560  	-0.2696  	0.46613  	-0.0065  	0.13229  	0.41487  	0.79567  	1.18898  	0.74170  	-0.5798  	-0.0523  	-0.1469  	1.01234  	-0.1155  	0.15900  	0.49249  	-0.3961  	-0.0896  	0.05568  	0.03080  	-0.3838  	-0.1067  	0.91510  	-0.2256  	0.40235  	-0.2806  	-0.8206  	0.53932  	0.20155  	-0.1347  	-0.3939  	0.72277  	0.27862  	-0.1342  	0.06947  	-0.0882  	-0.0397  	-0.1415  	-0.0186  	-0.0686  	-0.0900  	-0.0055  	-0.0484  	-0.0887  	0.02411  	-0.0093  	-0.0244  	0.00620  	-0.0380  	-0.0039  	0.16458  	0.02277  	0.33221  	0.21428  	-0.2797  	-0.0024  	-0.0580  	0.22758  	1.21986  	126.623  	120.662  	
0.20805  	0.50760  	-0.0826  	-2.6114  	-1.3741  	-2.3430  	1.13804  	0.97707  	0.23274  	0.77582  	0.36023  	0.12121  	0.07619  	0.40070  	1.29904  	0.06805  	0.20093  	0.37812  	0.79681  	0.99884  	0.52017  	-0.3723  	-0.0401  	-0.1903  	1.14260  	-0.1444  	0.26200  	0.36135  	-0.2863  	0.07591  	0.04732  	0.09097  	-0.3420  	-0.0999  	0.89209  	-0.3078  	0.35117  	-0.2542  	-0.7712  	0.54783  	0.27378  	-0.1496  	-0.3346  	0.75950  	0.26352  	-0.1294  	0.04777  	-0.0210  	-0.0088  	-0.1099  	-0.0585  	-0.0431  	-0.0823  	0.01757  	-0.0420  	-0.0778  	-0.0156  	-0.0145  	-0.0097  	0.00064  	-0.0251  	0.00942  	0.16124  	0.01587  	0.33221  	0.21428  	-0.2797  	-0.0024  	-0.0580  	0.22758  	1.21986  	126.623  	120.662  	
0.22509  	0.56871  	-0.1721  	-2.0398  	-1.1283  	-2.0799  	1.22260  	1.02991  	0.20433  	0.59867  	-0.0945  	0.02286  	0.16517  	0.50560  	1.55528  	0.01364  	0.17405  	0.32247  	0.79102  	0.86764  	0.43590  	-0.1979  	0.08130  	-0.3751  	1.41893  	-0.1706  	0.35303  	0.44855  	-0.0059  	0.17069  	0.04534  	0.04011  	-0.4489  	-0.0954  	0.86475  	-0.2988  	0.27770  	-0.3088  	-0.6619  	0.54795  	0.18517  	-0.1704  	-0.2872  	0.78155  	0.25701  	-0.1411  	0.02193  	0.01407  	0.03084  	-0.1263  	-0.0132  	-0.0571  	-0.0783  	-0.0099  	-0.0212  	-0.0439  	-0.0029  	-0.0128  	-0.0087  	0.00767  	-0.0292  	0.01381  	0.16838  	0.01574  	0.33221  	0.21428  	-0.2797  	-0.0024  	-0.0580  	0.22758  	1.21986  	126.623  	120.662  	
-0.1751  	0.36911  	-0.4649  	-1.9504  	-0.9576  	-2.4082  	1.17673  	0.85773  	0.10561  	0.73338  	0.34707  	0.14935  	0.02093  	0.22315  	1.42476  	0.12966  	0.09544  	0.29684  	0.82321  	1.06426  	0.44247  	-0.3448  	-0.1163  	-0.2027  	1.44254  	-0.1867  	0.35788  	0.47512  	-0.1832  	0.12879  	0.00343  	0.08746  	-0.3989  	-0.0967  	1.12568  	-0.1860  	0.32096  	-0.3139  	-0.7394  	0.62257  	0.05724  	-0.0685  	-0.4100  	0.75629  	0.28269  	-0.1240  	0.02129  	-0.0441  	-0.0132  	-0.1541  	-0.0215  	-0.0610  	-0.0748  	-0.0184  	-0.0371  	-0.0638  	0.02263  	0.00102  	0.02700  	0.00098  	-0.0385  	0.00293  	0.15386  	0.01374  	0.33221  	0.21428  	-0.2797  	-0.0024  	-0.0580  	0.22758  	1.21986  	126.623  	120.662  	
-0.5755  	0.21025  	-0.5116  	-2.9968  	-1.4920  	-2.6243  	1.11188  	0.75067  	0.10949  	0.68227  	0.95625  	0.10990  	-0.2720  	-0.4586  	0.60709  	0.19649  	0.14269  	0.50892  	0.81023  	1.19948  	0.59821  	-0.5843  	-0.0816  	-0.2637  	1.13593  	-0.1665  	0.25229  	0.55104  	-0.2952  	-0.0299  	0.01376  	0.09253  	-0.4350  	-0.1143  	0.98887  	-0.1771  	0.44397  	-0.2053  	-0.8499  	0.52541  	0.20782  	-0.1686  	-0.3770  	0.73785  	0.32146  	-0.1313  	0.05764  	-0.0649  	-0.0421  	-0.1285  	-0.0394  	-0.0534  	-0.0738  	-0.0094  	-0.0195  	-0.0955  	0.01928  	-0.0036  	-0.0099  	0.00278  	-0.0253  	-0.0182  	0.14856  	0.02535  	0.33221  	0.21428  	-0.2797  	-0.0024  	-0.0580  	0.22758  	1.21986  	126.623  	120.662  	
-0.2531  	0.32859  	-0.4687  	-2.7549  	-1.3350  	-2.4006  	0.91650  	0.89621  	0.07374  	0.62382  	0.87413  	0.17907  	-0.1772  	-0.2285  	0.93560  	0.18958  	0.14208  	0.36663  	0.89105  	1.08399  	0.75626  	-0.4464  	-0.0426  	-0.1525  	1.15012  	-0.1814  	0.43262  	0.28530  	-0.5517  	-0.0162  	0.04535  	0.17971  	-0.4443  	-0.1383  	1.13744  	-0.2140  	0.55581  	-0.1909  	-0.8858  	0.46892  	0.23575  	-0.1776  	-0.4145  	0.75249  	0.31697  	-0.1225  	0.04980  	-0.0571  	-0.0511  	-0.1101  	-0.0261  	-0.0454  	-0.0732  	-0.0053  	-0.0419  	-0.0845  	0.01799  	-0.0025  	-0.0041  	0.00668  	-0.0183  	-0.0145  	0.16900  	0.02086  	0.33221  	0.21428  	-0.2797  	-0.0024  	-0.0580  	0.22758  	1.21986  	126.623  	120.662  	
0.12137  	0.48153  	-0.1105  	-2.3030  	-1.2252  	-2.1938  	1.09385  	1.04304  	0.17723  	0.57674  	0.53368  	0.27269  	-0.0207  	0.16409  	1.23491  	0.31439  	0.14819  	0.43761  	0.84905  	1.13806  	0.67376  	-0.3987  	-0.0997  	-0.2505  	1.09133  	-0.1664  	0.25084  	0.49486  	-0.3119  	-0.0041  	-0.0004  	0.15832  	-0.3610  	-0.0922  	1.04616  	-0.2072  	0.39270  	-0.2517  	-0.7604  	0.55886  	0.20157  	-0.1628  	-0.3600  	0.77280  	0.27072  	-0.1275  	0.04308  	-0.0099  	-0.0100  	-0.1558  	-0.0174  	-0.0667  	-0.0743  	-0.0104  	-0.0294  	-0.0672  	0.02135  	-0.0151  	0.00258  	0.00677  	-0.0285  	-0.0034  	0.14752  	0.02174  	0.33221  	0.21428  	-0.2797  	-0.0024  	-0.0580  	0.22758  	1.21986  	126.623  	120.662  	
0.33120  	0.52928  	-0.0213  	-2.3484  	-1.3510  	-2.2573  	1.11614  	1.09522  	0.21181  	0.48869  	0.56149  	0.19761  	0.04779  	0.17198  	1.13043  	0.39545  	0.10912  	0.42929  	0.81343  	1.12427  	0.63116  	-0.4073  	-0.0893  	-0.3548  	1.26449  	-0.1759  	0.25019  	0.44575  	-0.2579  	0.08825  	0.02715  	0.11368  	-0.3704  	-0.0692  	1.00612  	-0.2359  	0.42072  	-0.1938  	-0.7207  	0.47004  	0.21976  	-0.1510  	-0.3115  	0.76489  	0.24026  	-0.1230  	0.02708  	0.01099  	0.01388  	-0.1547  	-0.0090  	-0.0485  	-0.0588  	-0.0080  	-0.0238  	-0.0579  	0.00515  	-0.0104  	-0.0027  	-0.0030  	-0.0338  	-0.0131  	0.16249  	0.00204  	0.33221  	0.21428  	-0.2797  	-0.0024  	-0.0580  	0.22758  	1.21986  	126.623  	120.662  	
0.18914  	0.53007  	-0.2235  	-1.9036  	-1.0320  	-2.1881  	1.12220  	0.99933  	0.19477  	0.61307  	0.45574  	0.37431  	0.01534  	0.25191  	1.25210  	0.43309  	0.14421  	0.33195  	0.81184  	1.09921  	0.66507  	-0.3444  	-0.1187  	-0.2823  	1.44985  	-0.2243  	0.37127  	0.52113  	-0.2392  	0.13077  	-0.0762  	0.07856  	-0.3873  	-0.0675  	1.05580  	-0.1785  	0.38363  	-0.2442  	-0.7126  	0.53945  	0.07331  	-0.1201  	-0.3516  	0.73153  	0.27747  	-0.1371  	0.03928  	-0.0204  	0.01585  	-0.1473  	-0.0006  	-0.0645  	-0.0556  	-0.0054  	-0.0296  	-0.0508  	0.01681  	-0.0082  	0.00603  	0.01291  	-0.0362  	-0.0161  	0.17549  	0.02111  	0.33221  	0.21428  	-0.2797  	-0.0024  	-0.0580  	0.22758  	1.21986  	126.623  	120.662  	
-0.0880  	0.31192  	-0.4427  	-1.9078  	-0.9270  	-2.4457  	1.16319  	0.87549  	0.15052  	0.77060  	0.51568  	0.42076  	-0.0017  	0.30021  	1.20566  	0.32621  	0.04852  	0.41590  	0.77809  	1.21645  	0.50490  	-0.3804  	-0.2208  	-0.2305  	1.34570  	-0.2035  	0.27266  	0.63530  	-0.1524  	0.14131  	-0.0653  	0.09346  	-0.4106  	-0.0647  	1.04936  	-0.2082  	0.29645  	-0.2924  	-0.7336  	0.57709  	0.10686  	-0.1281  	-0.3888  	0.75084  	0.30106  	-0.1401  	0.03841  	-0.0434  	0.00107  	-0.1402  	-0.0206  	-0.0737  	-0.0664  	-0.0134  	-0.0342  	-0.0791  	0.02163  	-0.0070  	0.01145  	0.00693  	-0.0478  	-0.0127  	0.16380  	0.02703  	0.33221  	0.21428  	-0.2797  	-0.0024  	-0.0580  	0.22758  	1.21986  	126.623  	120.662  	
-0.3666  	0.34110  	-0.4715  	-2.6464  	-1.2595  	-2.5977  	1.10513  	0.83568  	0.13162  	0.68559  	0.76812  	0.20723  	-0.2151  	-0.2380  	0.78758  	0.22180  	0.10564  	0.59637  	0.79612  	1.26197  	0.53064  	-0.4481  	-0.0721  	-0.2139  	1.19755  	-0.1596  	0.10643  	0.71552  	-0.2266  	-0.0128  	0.01823  	0.07505  	-0.3909  	-0.0806  	0.95437  	-0.1526  	0.33425  	-0.2645  	-0.7637  	0.55101  	0.17755  	-0.1396  	-0.3644  	0.75985  	0.27771  	-0.1187  	0.05214  	-0.0650  	-0.0313  	-0.1294  	-0.0117  	-0.0618  	-0.0660  	-0.0091  	-0.0240  	-0.0861  	0.03840  	-0.0018  	0.00224  	0.00149  	-0.0346  	-0.0125  	0.16128  	0.02808  	0.33221  	0.21428  	-0.2797  	-0.0024  	-0.0580  	0.22758  	1.21986  	126.623  	120.662  	
-0.5527  	0.21991  	-0.5223  	-2.9092  	-1.4576  	-2.5373  	1.08269  	0.73764  	0.10304  	0.69424  	0.79899  	0.10861  	-0.2324  	-0.4837  	0.49525  	0.19171  	0.12221  	0.60169  	0.79966  	1.24584  	0.37808  	-0.5077  	-0.0156  	-0.3790  	1.17643  	-0.1247  	0.00598  	0.84648  	-0.0398  	-0.0003  	0.05462  	0.05030  	-0.4359  	-0.0683  	0.72196  	-0.0910  	0.21033  	-0.2714  	-0.6950  	0.54702  	0.32085  	-0.1910  	-0.3285  	0.75812  	0.28457  	-0.1338  	0.05640  	-0.0696  	-0.0388  	-0.1270  	-0.0100  	-0.0505  	-0.0622  	-0.0160  	-0.0256  	-0.0929  	0.02859  	0.00154  	0.00932  	0.00282  	-0.0316  	-0.0221  	0.16908  	0.03302  	0.33221  	0.21428  	-0.2797  	-0.0024  	-0.0580  	0.22758  	1.21986  	126.623  	120.662  	
-0.4714  	0.29897  	-0.4848  	-2.7373  	-1.4468  	-2.5020  	1.03786  	0.76510  	0.11368  	0.63448  	0.58750  	0.16503  	-0.2113  	-0.4402  	0.63624  	0.14441  	0.14079  	0.59489  	0.81249  	1.20881  	0.31000  	-0.4354  	-0.0231  	-0.4837  	1.18800  	-0.1183  	0.00613  	0.86609  	-0.0103  	0.01646  	0.05054  	0.04587  	-0.4278  	-0.0634  	0.65528  	-0.0968  	0.19769  	-0.2556  	-0.6662  	0.56112  	0.35840  	-0.2026  	-0.2917  	0.79032  	0.27953  	-0.1417  	0.05479  	-0.0589  	-0.0296  	-0.1291  	-0.0220  	-0.0533  	-0.0674  	-0.0075  	-0.0229  	-0.0921  	0.02401  	0.00433  	0.00304  	-0.0053  	-0.0341  	-0.0109  	0.17284  	0.02935  	0.33221  	0.21428  	-0.2797  	-0.0024  	-0.0580  	0.22758  	1.21986  	126.623  	120.662  	
-0.5041  	0.27178  	-0.4924  	-2.6524  	-1.3585  	-2.5811  	1.03197  	0.75266  	0.11074  	0.67266  	0.72843  	0.25646  	-0.2262  	-0.3557  	0.62796  	0.20565  	0.11567  	0.56161  	0.80734  	1.16081  	0.37293  	-0.4442  	-0.0689  	-0.4406  	1.18319  	-0.1202  	0.02635  	0.79706  	-0.0508  	0.01435  	0.02264  	0.04683  	-0.4196  	-0.0548  	0.77771  	-0.0838  	0.23464  	-0.2401  	-0.7147  	0.53131  	0.33545  	-0.1778  	-0.3088  	0.77987  	0.27723  	-0.1359  	0.06081  	-0.0533  	-0.0396  	-0.1367  	-0.0165  	-0.0538  	-0.0607  	-0.0009  	-0.0200  	-0.0871  	0.02801  	0.00147  	0.00432  	-0.0014  	-0.0331  	-0.0189  	0.16874  	0.03069  	0.33221  	0.21428  	-0.2797  	-0.0024  	-0.0580  	0.22758  	1.21986  	126.623  	120.662  	
-0.5461  	0.26769  	-0.5190  	-2.6909  	-1.3593  	-2.5949  	1.00854  	0.73929  	0.10813  	0.68352  	0.75154  	0.23310  	-0.2473  	-0.3863  	0.63416  	0.17955  	0.13148  	0.54016  	0.79395  	1.13803  	0.44051  	-0.4513  	-0.0452  	-0.4198  	1.19335  	-0.1249  	0.07471  	0.75364  	-0.0910  	0.01470  	0.02109  	0.05559  	-0.4391  	-0.0650  	0.80096  	-0.0927  	0.27608  	-0.2302  	-0.7243  	0.51585  	0.31452  	-0.1722  	-0.3222  	0.76880  	0.28267  	-0.1360  	0.06095  	-0.0678  	-0.0420  	-0.1385  	-0.0112  	-0.0528  	-0.0589  	-0.0014  	-0.0172  	-0.0880  	0.02921  	0.00432  	0.00984  	-0.0012  	-0.0374  	-0.0171  	0.17026  	0.03316  	0.33221  	0.21428  	-0.2797  	-0.0024  	-0.0580  	0.22758  	1.21986  	126.623  	120.662  	
-0.6194  	0.24256  	-0.5526  	-2.8004  	-1.4170  	-2.6291  	1.02712  	0.71914  	0.10203  	0.71703  	0.81520  	0.19729  	-0.2568  	-0.4612  	0.56770  	0.18687  	0.15262  	0.54375  	0.78933  	1.16204  	0.41087  	-0.4753  	-0.0111  	-0.4397  	1.18883  	-0.1180  	0.05265  	0.79228  	-0.0788  	0.00896  	0.03518  	0.05425  	-0.4500  	-0.0683  	0.76985  	-0.0817  	0.26659  	-0.2350  	-0.7188  	0.50673  	0.32402  	-0.1734  	-0.3124  	0.76584  	0.28448  	-0.1354  	0.05874  	-0.0747  	-0.0386  	-0.1338  	-0.0148  	-0.0528  	-0.0603  	-0.0025  	-0.0155  	-0.0886  	0.02196  	0.00238  	0.01202  	-0.0034  	-0.0359  	-0.0135  	0.17514  	0.03551  	0.33221  	0.21428  	-0.2797  	-0.0024  	-0.0580  	0.22758  	1.21986  	126.623  	120.662  	
