-0.0901  	-0.1637  	-1.1098  	-0.2470  	0.19347  	-0.7078  	0.50054  	-0.5394  	-0.0386  	-0.5064  	-0.8672  	1.17795  	0.47362  	0.83197  	0.04925  	0.64271  	-0.5388  	0.42215  	0.50974  	0.79653  	0.19961  	0.36885  	-0.9280  	0.79791  	0.06212  	0.00717  	-0.1147  	0.28467  	-0.0459  	0.15638  	0.02593  	0.21626  	-0.0968  	-0.1086  	0.14887  	-0.0060  	-0.5585  	-0.0918  	-0.3395  	-0.4187  	0.42342  	-0.0063  	-0.1346  	0.72861  	0.37260  	-0.1231  	-0.0255  	0.00949  	0.03158  	-0.1478  	-0.0970  	-0.0556  	0.03326  	-0.0244  	-0.0529  	0.04762  	0.00821  	0.01596  	0.01013  	-0.0101  	-0.0579  	0.02283  	0.16574  	0.02849  	0.09875  	-0.0151  	0.00168  	0.00054  	-0.0089  	-0.3021  	0.46675  	259.293  	237.676  	
0.04478  	-0.1551  	-1.0566  	-0.2034  	0.19184  	-0.6414  	0.55214  	-0.5925  	-0.0552  	-0.4113  	-0.9102  	1.16591  	0.48109  	0.76553  	-0.0261  	0.75856  	-0.5691  	0.48370  	0.52895  	0.82085  	0.13618  	0.37721  	-0.9951  	0.73095  	0.12508  	-0.0183  	-0.1316  	0.30256  	-0.0157  	0.16580  	0.00844  	0.22398  	-0.1230  	-0.0961  	0.15992  	0.09780  	-0.5853  	-0.0763  	-0.3217  	-0.3868  	0.43598  	-0.0084  	-0.1175  	0.74657  	0.37565  	-0.1333  	-0.0263  	0.01262  	0.04393  	-0.1544  	-0.0913  	-0.0571  	0.03999  	-0.0227  	-0.0460  	0.04773  	0.00801  	0.02396  	0.01134  	-0.0039  	-0.0621  	0.01993  	0.17180  	0.02495  	0.09967  	-0.0134  	0.00367  	-0.0006  	-0.0082  	-0.2997  	0.46675  	259.293  	237.676  	
0.07349  	-0.1556  	-1.0441  	-0.1589  	0.23010  	-0.6603  	0.56816  	-0.6116  	-0.0456  	-0.3242  	-0.8980  	1.14519  	0.45869  	0.72853  	-0.1288  	0.81125  	-0.5823  	0.49528  	0.51294  	0.87122  	0.07389  	0.36216  	-1.0562  	0.71913  	0.19373  	-0.0305  	-0.1059  	0.37963  	0.00452  	0.19290  	-0.0062  	0.23781  	-0.1450  	-0.0913  	0.16438  	0.14691  	-0.6221  	-0.1004  	-0.2993  	-0.3908  	0.40726  	-0.0034  	-0.1261  	0.74433  	0.37474  	-0.1261  	-0.0296  	0.02962  	0.04867  	-0.1554  	-0.0766  	-0.0556  	0.04391  	-0.0273  	-0.0445  	0.04658  	0.01362  	0.02746  	0.01423  	-0.0073  	-0.0650  	0.00726  	0.17552  	0.02701  	0.10044  	-0.0122  	0.00528  	-0.0016  	-0.0077  	-0.2972  	0.46675  	259.293  	237.676  	
0.05959  	-0.1893  	-1.0734  	-0.1435  	0.26682  	-0.6513  	0.56925  	-0.6222  	-0.0878  	-0.2946  	-0.8634  	1.13477  	0.43334  	0.68729  	-0.2048  	0.83791  	-0.6097  	0.48105  	0.52523  	0.86661  	0.05511  	0.36935  	-1.0958  	0.73797  	0.26956  	-0.0521  	-0.0409  	0.38952  	0.02507  	0.22406  	-0.0179  	0.26327  	-0.1775  	-0.0936  	0.16117  	0.21693  	-0.5998  	-0.0890  	-0.3037  	-0.3930  	0.39797  	-0.0054  	-0.1380  	0.75030  	0.36909  	-0.1214  	-0.0340  	0.03766  	0.05018  	-0.1668  	-0.0789  	-0.0532  	0.04792  	-0.0229  	-0.0377  	0.04380  	0.01464  	0.03217  	0.01412  	-0.0058  	-0.0652  	0.00239  	0.17985  	0.02328  	0.10105  	-0.0115  	0.00651  	-0.0026  	-0.0075  	-0.2946  	0.46675  	259.293  	237.676  	
0.01860  	-0.2027  	-1.0874  	-0.2127  	0.25385  	-0.6610  	0.57780  	-0.6721  	-0.1125  	-0.2731  	-0.8379  	1.11717  	0.42464  	0.63981  	-0.2598  	0.83542  	-0.6114  	0.45807  	0.52502  	0.82622  	0.01315  	0.37793  	-1.0944  	0.74178  	0.28865  	-0.0520  	-0.0331  	0.38679  	0.03022  	0.22997  	-0.0068  	0.26257  	-0.1971  	-0.0947  	0.15062  	0.24615  	-0.6077  	-0.0876  	-0.3022  	-0.3882  	0.40673  	-0.0018  	-0.1379  	0.75455  	0.36919  	-0.1245  	-0.0412  	0.03779  	0.04706  	-0.1616  	-0.0759  	-0.0504  	0.05164  	-0.0262  	-0.0372  	0.04242  	0.01356  	0.02853  	0.01558  	-0.0069  	-0.0658  	0.00496  	0.17911  	0.02163  	0.10151  	-0.0114  	0.00735  	-0.0036  	-0.0074  	-0.2920  	0.46675  	259.293  	237.676  	
-0.0103  	-0.2143  	-1.1115  	-0.2505  	0.20942  	-0.6610  	0.56651  	-0.6765  	-0.1119  	-0.3233  	-0.8517  	1.09247  	0.42099  	0.64127  	-0.2152  	0.79683  	-0.5837  	0.44909  	0.53040  	0.80057  	0.04727  	0.37407  	-1.0322  	0.74684  	0.26586  	-0.0436  	-0.0489  	0.37170  	0.02829  	0.21760  	-0.0026  	0.26501  	-0.1996  	-0.0958  	0.13820  	0.23895  	-0.5994  	-0.0818  	-0.3044  	-0.3911  	0.43046  	0.00226  	-0.1356  	0.74725  	0.35965  	-0.1229  	-0.0371  	0.02977  	0.04583  	-0.1615  	-0.0796  	-0.0511  	0.05402  	-0.0198  	-0.0368  	0.04155  	0.01148  	0.02635  	0.01889  	-0.0045  	-0.0648  	0.00928  	0.17831  	0.02447  	0.10182  	-0.0118  	0.00782  	-0.0044  	-0.0075  	-0.2894  	0.46675  	259.293  	237.676  	
-0.0287  	-0.1994  	-1.1241  	-0.3101  	0.15421  	-0.6546  	0.55444  	-0.6673  	-0.1161  	-0.3993  	-0.8406  	1.07426  	0.41788  	0.63437  	-0.1705  	0.73801  	-0.5688  	0.43588  	0.52573  	0.79590  	0.09092  	0.37759  	-0.9673  	0.72202  	0.19426  	-0.0248  	-0.0909  	0.33520  	0.01874  	0.19625  	0.01332  	0.24587  	-0.1913  	-0.0928  	0.14308  	0.21075  	-0.5878  	-0.0729  	-0.3174  	-0.4154  	0.44627  	0.00563  	-0.1228  	0.73662  	0.36441  	-0.1245  	-0.0315  	0.01631  	0.04222  	-0.1561  	-0.0806  	-0.0527  	0.05822  	-0.0167  	-0.0393  	0.03926  	0.00768  	0.02618  	0.01502  	-0.0068  	-0.0652  	0.01126  	0.17995  	0.02725  	0.10198  	-0.0128  	0.00790  	-0.0052  	-0.0078  	-0.2867  	0.46675  	259.293  	237.676  	
0.05918  	-0.1511  	-1.0844  	-0.2886  	0.11231  	-0.6200  	0.54787  	-0.5973  	-0.1004  	-0.4914  	-0.7752  	1.07555  	0.42140  	0.72809  	-0.0067  	0.64766  	-0.5549  	0.39874  	0.53709  	0.76774  	0.25397  	0.36970  	-0.9106  	0.78894  	0.14579  	-0.0266  	-0.0660  	0.17295  	-0.1235  	0.16934  	0.01783  	0.25947  	-0.1505  	-0.1053  	0.21209  	0.08452  	-0.4868  	-0.0362  	-0.3862  	-0.4434  	0.44257  	-0.0124  	-0.1400  	0.72657  	0.36368  	-0.1223  	-0.0282  	0.01319  	0.02845  	-0.1569  	-0.1040  	-0.0485  	0.04485  	-0.0159  	-0.0411  	0.03640  	0.00845  	0.02470  	0.00711  	-0.0089  	-0.0592  	0.00962  	0.18142  	0.02021  	0.10198  	-0.0155  	0.00761  	-0.0053  	-0.0093  	-0.2834  	0.46675  	259.293  	237.676  	
0.16898  	-0.0725  	-0.9784  	-0.2215  	0.08410  	-0.5853  	0.55311  	-0.4617  	-0.0297  	-0.5500  	-0.7312  	1.13371  	0.47725  	0.92953  	0.11385  	0.70813  	-0.5465  	0.35922  	0.51700  	0.69250  	0.40245  	0.38438  	-0.8915  	0.82773  	0.08120  	-0.0368  	0.02507  	0.01308  	-0.2365  	0.13847  	0.01932  	0.25693  	-0.1136  	-0.0992  	0.30076  	-0.0281  	-0.4016  	-0.0067  	-0.4205  	-0.4592  	0.41128  	-0.0147  	-0.1429  	0.73150  	0.36413  	-0.1228  	-0.0244  	0.00990  	0.03196  	-0.1394  	-0.1096  	-0.0469  	0.04717  	-0.0145  	-0.0471  	0.04481  	-0.0121  	0.02459  	0.00619  	-0.0101  	-0.0537  	0.02282  	0.17298  	0.01768  	0.10061  	-0.0177  	0.00679  	-0.0059  	-0.0098  	-0.2830  	0.46675  	259.293  	237.676  	
0.33589  	0.00818  	-0.8395  	-0.1490  	0.06405  	-0.4437  	0.54945  	-0.3202  	0.06685  	-0.5789  	-0.7128  	1.20795  	0.51616  	1.06406  	0.21193  	0.81940  	-0.5149  	0.28158  	0.52989  	0.61003  	0.55102  	0.42989  	-0.8003  	0.91228  	0.02241  	-0.0391  	0.12914  	-0.1379  	-0.4002  	0.14225  	0.02691  	0.28147  	-0.0868  	-0.1208  	0.34386  	-0.1153  	-0.2846  	0.01935  	-0.4466  	-0.5120  	0.37130  	-0.0155  	-0.1264  	0.72596  	0.36188  	-0.1249  	-0.0333  	0.02807  	0.04952  	-0.1446  	-0.1153  	-0.0476  	0.04457  	-0.0113  	-0.0505  	0.06133  	-0.0173  	0.02425  	0.00503  	0.00077  	-0.0525  	0.02914  	0.17318  	0.02025  	0.10057  	-0.0203  	0.00560  	-0.0068  	-0.0100  	-0.2800  	0.46675  	259.293  	237.676  	
0.35072  	-0.0029  	-0.8232  	-0.1399  	0.08000  	-0.4351  	0.55067  	-0.3125  	0.06695  	-0.5689  	-0.7076  	1.21236  	0.51826  	1.06416  	0.19111  	0.83538  	-0.5076  	0.28603  	0.52887  	0.62441  	0.54131  	0.42184  	-0.7991  	0.91354  	0.02702  	-0.0384  	0.12908  	-0.1320  	-0.3959  	0.14148  	0.01837  	0.27998  	-0.0845  	-0.1166  	0.33732  	-0.1108  	-0.2902  	0.02582  	-0.4357  	-0.5168  	0.35782  	-0.0147  	-0.1244  	0.72653  	0.36387  	-0.1247  	-0.0328  	0.03028  	0.05128  	-0.1461  	-0.1134  	-0.0467  	0.04564  	-0.0114  	-0.0503  	0.06209  	-0.0166  	0.02433  	0.00393  	0.00065  	-0.0523  	0.02725  	0.17441  	0.02221  	0.10066  	-0.0226  	0.00423  	-0.0076  	-0.0108  	-0.2680  	0.46675  	259.293  	237.676  	
0.31716  	-0.0098  	-0.8465  	-0.1577  	0.05889  	-0.4684  	0.54206  	-0.3213  	0.06271  	-0.5535  	-0.6880  	1.22486  	0.49989  	1.0445  	0.18929  	0.81422  	-0.5001  	0.29426  	0.52325  	0.62985  	0.53689  	0.41017  	-0.7907  	0.89746  	0.02017  	-0.0308  	0.10071  	-0.1056  	-0.3858  	0.12401  	0.02452  	0.27122  	-0.0836  	-0.1183  	0.31672  	-0.1176  	-0.2960  	0.02288  	-0.4420  	-0.5263  	0.37596  	-0.0228  	-0.1194  	0.72865  	0.36736  	-0.1233  	-0.0315  	0.02534  	0.04517  	-0.1386  	-0.1155  	-0.0462  	0.04539  	-0.0127  	-0.0521  	0.05991  	-0.0176  	0.02460  	0.00728  	-0.0015  	-0.0522  	0.02999  	0.17021  	0.02070  	0.10154  	-0.0259  	0.00293  	-0.0082  	-0.0117  	-0.2598  	0.46675  	259.293  	237.676  	
0.25697  	-0.0068  	-0.8813  	-0.1837  	0.05794  	-0.5164  	0.52480  	-0.3556  	0.04553  	-0.5456  	-0.6665  	1.22448  	0.48811  	1.01553  	0.16310  	0.79395  	-0.4909  	0.30083  	0.51044  	0.63790  	0.53448  	0.39965  	-0.8002  	0.88361  	0.00810  	-0.0271  	0.08768  	-0.0931  	-0.3850  	0.12634  	0.03301  	0.26921  	-0.0916  	-0.1207  	0.31172  	-0.1281  	-0.2978  	0.02497  	-0.4615  	-0.5158  	0.38543  	-0.0260  	-0.1318  	0.72709  	0.35981  	-0.1200  	-0.0318  	0.01813  	0.03578  	-0.1323  	-0.1137  	-0.0476  	0.04730  	-0.0146  	-0.0535  	0.05911  	-0.0159  	0.02193  	0.01110  	-0.0041  	-0.0520  	0.03468  	0.17008  	0.01824  	0.10244  	-0.0274  	0.00139  	-0.0087  	-0.0126  	-0.2514  	0.46675  	259.293  	237.676  	
0.21258  	-0.0189  	-0.9097  	-0.2213  	0.05515  	-0.5648  	0.52485  	-0.3873  	0.01893  	-0.5343  	-0.6414  	1.21367  	0.48004  	0.98774  	0.09996  	0.80214  	-0.4982  	0.31417  	0.50666  	0.64547  	0.51267  	0.39730  	-0.8235  	0.86411  	0.00405  	-0.0194  	0.06903  	-0.0669  	-0.3694  	0.12696  	0.03815  	0.26557  	-0.1021  	-0.1207  	0.29732  	-0.1176  	-0.3086  	0.02338  	-0.4502  	-0.5147  	0.39450  	-0.0181  	-0.1315  	0.72290  	0.36328  	-0.1180  	-0.0306  	0.01299  	0.03091  	-0.1289  	-0.1151  	-0.0476  	0.04868  	-0.0137  	-0.0480  	0.05531  	-0.0167  	0.02115  	0.01077  	-0.0074  	-0.0517  	0.03287  	0.16971  	0.01880  	0.10314  	-0.0290  	0.00022  	-0.0092  	-0.0130  	-0.2550  	0.46675  	259.293  	237.676  	
0.20007  	-0.0224  	-0.9146  	-0.2221  	0.06172  	-0.5767  	0.52685  	-0.3935  	0.01674  	-0.5291  	-0.6579  	1.20428  	0.48287  	0.99135  	0.09115  	0.79884  	-0.5052  	0.31823  	0.50791  	0.65223  	0.50032  	0.39181  	-0.8340  	0.85731  	-0.0014  	-0.0202  	0.05563  	-0.0591  	-0.3567  	0.12729  	0.03597  	0.26448  	-0.1038  	-0.1218  	0.29769  	-0.1147  	-0.3262  	0.02018  	-0.4477  	-0.5098  	0.39873  	-0.0172  	-0.1339  	0.72201  	0.36423  	-0.1183  	-0.0299  	0.01297  	0.03087  	-0.1292  	-0.1141  	-0.0469  	0.04761  	-0.0142  	-0.0485  	0.05400  	-0.0170  	0.02117  	0.01025  	-0.0097  	-0.0509  	0.03298  	0.16968  	0.01710  	0.10304  	-0.0292  	-0.0003  	-0.0096  	-0.0138  	-0.2558  	0.46675  	259.293  	237.676  	
0.19625  	-0.0240  	-0.9305  	-0.2020  	0.07541  	-0.5858  	0.53111  	-0.3999  	0.01573  	-0.5317  	-0.6904  	1.19799  	0.49405  	0.99972  	0.10838  	0.77972  	-0.5106  	0.32501  	0.50914  	0.66793  	0.48905  	0.38458  	-0.8517  	0.84554  	-0.0025  	-0.0179  	0.04248  	-0.0352  	-0.3328  	0.12713  	0.03127  	0.25904  	-0.1043  	-0.1203  	0.29515  	-0.1127  	-0.3555  	0.00889  	-0.4412  	-0.4995  	0.39183  	-0.0167  	-0.1411  	0.72295  	0.36589  	-0.1197  	-0.0281  	0.01126  	0.03232  	-0.1310  	-0.1115  	-0.0473  	0.04699  	-0.0150  	-0.0494  	0.05461  	-0.0162  	0.02094  	0.01010  	-0.0117  	-0.0508  	0.03231  	0.16816  	0.01693  	0.10238  	-0.0299  	-0.0006  	-0.0100  	-0.0148  	-0.2498  	0.46675  	259.293  	237.676  	
0.28016  	0.00468  	-0.8850  	-0.1590  	0.07072  	-0.5129  	0.54302  	-0.3543  	0.05726  	-0.5543  	-0.6952  	1.21563  	0.50149  	1.03150  	0.16762  	0.80117  	-0.5212  	0.29515  	0.51699  	0.65473  	0.53756  	0.40255  	-0.8240  	0.87523  	0.00478  	-0.0280  	0.07239  	-0.0902  	-0.3805  	0.12118  	0.02719  	0.26496  	-0.0874  	-0.1239  	0.32758  	-0.1215  	-0.3222  	0.01382  	-0.4524  	-0.5026  	0.37810  	-0.0201  	-0.1435  	0.72782  	0.36301  	-0.1229  	-0.0325  	0.01936  	0.03852  	-0.1304  	-0.1110  	-0.0491  	0.04560  	-0.0134  	-0.0537  	0.06149  	-0.0154  	0.02243  	0.00996  	-0.0056  	-0.0513  	0.03600  	0.16794  	0.01593  	0.10021  	-0.0295  	-0.0008  	-0.0103  	-0.0146  	-0.2579  	0.46675  	259.293  	237.676  	
0.34472  	0.00722  	-0.8357  	-0.1453  	0.07573  	-0.4575  	0.54896  	-0.3269  	0.05949  	-0.5852  	-0.7247  	1.20562  	0.50703  	1.06600  	0.22331  	0.81465  	-0.5119  	0.28947  	0.53290  	0.62412  	0.53817  	0.42105  	-0.8050  	0.90518  	0.03718  	-0.0375  	0.11970  	-0.1314  	-0.3840  	0.13710  	0.02179  	0.27430  	-0.0896  	-0.1201  	0.34226  	-0.1146  	-0.2987  	0.01975  	-0.4430  	-0.5113  	0.36336  	-0.0153  	-0.1265  	0.72685  	0.36499  	-0.1264  	-0.0309  	0.03210  	0.04985  	-0.1419  	-0.1152  	-0.0474  	0.04342  	-0.0129  	-0.0503  	0.06248  	-0.0132  	0.02360  	0.00408  	-0.0016  	-0.0536  	0.02776  	0.17089  	0.02013  	0.09828  	-0.0304  	-0.0008  	-0.0104  	-0.0139  	-0.2679  	0.46675  	259.293  	237.676  	
0.38982  	-0.0115  	-0.7846  	-0.0313  	0.20343  	-0.3451  	0.56625  	-0.3376  	0.01633  	-0.5375  	-0.8974  	1.16000  	0.58431  	1.15622  	0.17431  	0.84420  	-0.5148  	0.31407  	0.52885  	0.63956  	0.42121  	0.42208  	-0.8759  	0.89549  	0.13780  	-0.0508  	0.15519  	-0.0450  	-0.2720  	0.18442  	0.01521  	0.26189  	-0.1034  	-0.1166  	0.31594  	-0.0588  	-0.3867  	-0.0307  	-0.4036  	-0.4807  	0.34493  	-0.0091  	-0.1148  	0.74636  	0.36837  	-0.1241  	-0.0391  	0.04864  	0.06285  	-0.1443  	-0.1060  	-0.0500  	0.04357  	-0.0185  	-0.0474  	0.06350  	-0.0172  	0.02004  	0.00509  	-0.0001  	-0.0513  	0.02981  	0.18311  	0.01943  	0.09521  	-0.0314  	-0.0013  	-0.0107  	-0.0136  	-0.2669  	0.46675  	259.293  	237.676  	
0.39218  	-0.0605  	-0.8339  	0.02960  	0.26253  	-0.3783  	0.59153  	-0.4226  	-0.0032  	-0.4119  	-1.1967  	1.04945  	0.71543  	1.22569  	0.23014  	0.65112  	-0.5378  	0.38026  	0.49638  	0.65775  	0.17050  	0.46011  	-0.9424  	0.77764  	0.25123  	-0.0588  	0.06350  	0.08135  	-0.0480  	0.26149  	0.03423  	0.22483  	-0.1202  	-0.1054  	0.18714  	-0.0062  	-0.5603  	-0.0936  	-0.2969  	-0.4105  	0.35734  	0.00507  	-0.0960  	0.75155  	0.36067  	-0.1201  	-0.0581  	0.07058  	0.06497  	-0.1540  	-0.0902  	-0.0553  	0.04048  	-0.0321  	-0.0474  	0.07118  	-0.0062  	0.01379  	0.00581  	-0.0025  	-0.0470  	0.03014  	0.17356  	0.02019  	0.09282  	-0.0330  	-0.0018  	-0.0108  	-0.0136  	-0.2758  	0.46675  	259.293  	237.676  	
0.20160  	-0.1078  	-1.0680  	-0.1987  	0.19334  	-0.7003  	0.62363  	-0.4596  	-0.0164  	-0.3846  	-1.0287  	1.07378  	0.69645  	1.27450  	0.17191  	0.55803  	-0.5912  	0.39120  	0.46391  	0.74724  	0.19567  	0.46093  	-1.0586  	0.86892  	0.21560  	-0.0692  	0.06670  	0.06032  	-0.1526  	0.21010  	0.06278  	0.21544  	-0.0871  	-0.1119  	0.26262  	-0.0518  	-0.5527  	-0.0977  	-0.3627  	-0.3688  	0.41326  	0.00698  	-0.1232  	0.72844  	0.36990  	-0.1213  	-0.0526  	0.04905  	0.06125  	-0.1531  	-0.0937  	-0.0584  	0.03455  	-0.0319  	-0.0544  	0.06001  	0.00036  	0.02257  	-0.0037  	-0.0048  	-0.0512  	0.03138  	0.16213  	0.02464  	0.09097  	-0.0331  	-0.0019  	-0.0108  	-0.0131  	-0.2838  	0.46675  	259.293  	237.676  	
-0.3292  	-0.2392  	-1.3432  	-0.3653  	0.16645  	-0.9792  	0.54519  	-0.5836  	-0.0840  	-0.4104  	-0.6585  	1.14526  	0.54747  	0.95129  	-0.0725  	0.56277  	-0.5978  	0.39794  	0.50804  	0.91204  	0.29826  	0.35600  	-1.0504  	0.88917  	0.08526  	-0.0185  	-0.0212  	0.17034  	-0.2043  	0.16352  	0.08946  	0.19145  	-0.0836  	-0.0939  	0.29953  	0.04405  	-0.5028  	-0.0989  	-0.3952  	-0.4038  	0.38685  	0.01762  	-0.2033  	0.71163  	0.37700  	-0.1298  	-0.0161  	2.95713  	0.05292  	-0.1546  	-0.0903  	-0.0591  	0.03215  	-0.0149  	-0.0609  	0.05824  	-0.0015  	0.02290  	0.01853  	0.01025  	-0.0585  	0.03837  	0.16148  	0.01129  	0.09078  	-0.0338  	-0.0021  	-0.0109  	-0.0126  	-0.2815  	0.46675  	259.293  	237.676  	
-0.7422  	-0.3992  	-1.5139  	-0.8133  	0.05726  	-1.2056  	0.53538  	-0.6574  	-0.1227  	-0.2638  	-0.4074  	1.11831  	0.40045  	0.58697  	-0.3897  	0.49457  	-0.5765  	0.43562  	0.46442  	0.90380  	0.15769  	0.33987  	-0.9255  	0.78203  	0.01982  	0.02755  	-0.1129  	0.24720  	-0.0986  	0.12190  	0.09237  	0.16422  	-0.0974  	-0.1091  	0.17719  	0.04558  	-0.5786  	-0.0928  	-0.3393  	-0.4351  	0.39139  	-0.0002  	-0.1964  	0.69955  	0.39751  	-0.1388  	-0.0257  	-0.0112  	0.03358  	-0.1502  	-0.0925  	-0.0455  	0.03584  	-0.0291  	-0.0497  	0.03973  	-0.0077  	0.02521  	-0.0022  	-0.0097  	-0.0552  	0.02984  	0.17015  	0.02375  	0.09190  	-0.0338  	-0.0024  	-0.0109  	-0.0134  	-0.2717  	0.46675  	259.293  	237.676  	
-0.6650  	-0.3589  	-1.4373  	-0.8257  	-0.0343  	-1.2379  	0.47585  	-0.6080  	-0.1274  	-0.2432  	-0.4283  	1.06297  	0.39861  	0.62861  	-0.3923  	0.47090  	-0.5297  	0.42244  	0.53284  	0.86148  	0.21757  	0.33011  	-0.8799  	0.75936  	0.06532  	0.02961  	-0.0984  	0.20595  	-0.0804  	0.11194  	0.06370  	0.17243  	-0.1143  	-0.1198  	0.13563  	0.05492  	-0.5622  	-0.1047  	-0.3322  	-0.4454  	0.41116  	-0.0111  	-0.1868  	0.71443  	0.39141  	-0.1212  	-0.0230  	-0.0077  	0.03859  	-0.1510  	-0.0960  	-0.0576  	0.03815  	-0.0314  	-0.0539  	0.04421  	-0.0101  	0.02718  	0.01162  	0.00226  	-0.0530  	0.02223  	0.16620  	0.01827  	0.09429  	-0.0335  	-0.0024  	-0.0113  	-0.0144  	-0.2600  	0.46675  	259.293  	237.676  	
-0.3980  	-0.2990  	-1.2032  	-0.7532  	-0.0763  	-0.9984  	0.56700  	-0.6148  	-0.1232  	-0.3617  	-0.6175  	0.97993  	0.43414  	0.59732  	-0.4277  	0.59286  	-0.4742  	0.45148  	0.54941  	0.77926  	0.13524  	0.33414  	-0.9159  	0.76867  	0.16175  	0.00985  	-0.0498  	0.20553  	-0.0459  	0.15021  	0.06702  	0.19697  	-0.1283  	-0.1178  	0.05517  	0.10646  	-0.5743  	-0.0896  	-0.2973  	-0.4424  	0.47139  	-0.0097  	-0.1419  	0.72081  	0.38546  	-0.1257  	-0.0244  	0.01337  	0.03002  	-0.1557  	-0.0970  	-0.0480  	0.04337  	-0.0198  	-0.0405  	0.04918  	-0.0079  	0.01570  	0.01955  	0.00645  	-0.0543  	0.02383  	0.16422  	0.02470  	0.09663  	-0.0308  	-0.0023  	-0.0114  	-0.0147  	-0.2629  	0.46675  	259.293  	237.676  	
-0.1470  	-0.2628  	-1.1174  	-0.4084  	0.04077  	-0.7131  	0.53532  	-0.5798  	-0.0773  	-0.4006  	-0.8737  	1.10152  	0.42484  	0.56137  	-0.3427  	0.78777  	-0.5159  	0.52314  	0.55112  	0.83470  	0.01860  	0.33006  	-0.9876  	0.73597  	0.17699  	0.00045  	-0.1210  	0.35007  	0.01583  	0.17280  	0.02539  	0.21849  	-0.1561  	-0.1129  	0.05048  	0.14243  	-0.6769  	-0.1023  	-0.2652  	-0.3730  	0.47478  	-0.0413  	-0.1226  	0.74743  	0.37508  	-0.1305  	-0.0355  	0.02647  	0.04794  	-0.1481  	-0.0806  	-0.0493  	0.04088  	-0.0230  	-0.0397  	0.04202  	0.00599  	0.02674  	0.00898  	-0.0136  	-0.0665  	0.03428  	0.18073  	0.02758  	0.09849  	-0.0283  	-0.0014  	-0.0116  	-0.0145  	-0.2794  	0.46675  	259.293  	237.676  	
0.02693  	-0.1800  	-1.0347  	-0.1929  	0.23325  	-0.7117  	0.55867  	-0.6588  	-0.0848  	-0.2825  	-0.8696  	1.24919  	0.43824  	0.62074  	-0.2707  	0.85864  	-0.5723  	0.51091  	0.53417  	0.89523  	0.00321  	0.35461  	-1.1003  	0.73850  	0.19210  	-0.0196  	-0.1145  	0.39441  	0.05322  	0.19416  	-0.0066  	0.23035  	-0.1656  	-0.0990  	0.10475  	0.20446  	-0.6628  	-0.0915  	-0.2954  	-0.3664  	0.44895  	-0.0125  	-0.1146  	0.75314  	0.37598  	-0.1317  	-0.0272  	0.04511  	0.05505  	-0.1589  	-0.0800  	-0.0501  	0.04704  	-0.0279  	-0.0417  	0.03840  	0.00953  	0.02451  	0.01565  	-0.0054  	-0.0652  	0.00639  	0.17978  	0.02077  	0.09834  	-0.0254  	-0.0005  	-0.0113  	-0.0147  	-0.2800  	0.46675  	259.293  	237.676  	
0.02128  	-0.2082  	-1.0887  	-0.0781  	0.30925  	-0.6849  	0.54806  	-0.6624  	-0.1458  	-0.2917  	-0.8772  	1.19272  	0.38984  	0.55383  	-0.3113  	0.90173  	-0.5983  	0.47416  	0.53966  	0.84089  	-0.0459  	0.38989  	-1.1122  	0.78988  	0.32190  	-0.0583  	0.02570  	0.37844  	0.05688  	0.24651  	-0.0424  	0.26897  	-0.2009  	-0.1116  	0.12177  	0.28034  	-0.6551  	-0.0896  	-0.2794  	-0.3841  	0.38713  	0.00674  	-0.1209  	0.74165  	0.37071  	-0.1306  	-0.0457  	0.04196  	0.06387  	-0.1779  	-0.0814  	-0.0546  	0.05132  	-0.0218  	-0.0387  	0.05019  	0.01418  	0.03401  	0.02092  	-0.0020  	-0.0678  	0.00674  	0.18952  	0.02375  	0.09525  	-0.0228  	-6.6864  	-0.0112  	-0.0151  	-0.2765  	0.46675  	259.293  	237.676  	
0.04049  	-0.2526  	-1.0453  	-0.0258  	0.31141  	-0.7026  	0.52204  	-0.6453  	-0.1708  	-0.3115  	-0.8182  	1.25684  	0.46947  	0.44146  	-0.2904  	0.88286  	-0.5050  	0.25326  	0.63602  	0.52086  	0.00925  	0.12174  	-1.4836  	0.79562  	0.27828  	0.06586  	0.04549  	0.28093  	0.14779  	0.24682  	0.10916  	0.22061  	-0.3305  	-0.3092  	0.04854  	0.25306  	-0.7596  	-0.0668  	-0.4264  	-0.4933  	0.48427  	0.17749  	-0.2564  	0.83558  	0.30620  	-0.1099  	-0.0823  	0.07212  	0.04989  	-0.1948  	-0.0623  	-0.0503  	0.05329  	-0.0004  	-0.0313  	0.04936  	0.01095  	0.01119  	0.02334  	0.01275  	-0.0642  	-0.0051  	0.17242  	0.02543  	0.09170  	-0.0195  	0.00067  	-0.0102  	-0.0146  	-0.2741  	0.46675  	259.293  	237.676  	
-0.0565  	-0.1684  	-1.1072  	-0.1831  	0.28849  	-0.7263  	0.48234  	-0.5766  	-0.1738  	-0.3436  	-0.9586  	1.20025  	0.50309  	0.43207  	-0.1882  	0.70222  	-0.3456  	0.12604  	0.71578  	0.27048  	0.07320  	-0.0913  	-1.6599  	0.75102  	0.22368  	0.16478  	-0.0214  	0.26522  	0.33180  	0.22900  	0.19558  	0.15370  	-0.4341  	-0.4687  	-0.0882  	0.22266  	-0.8964  	-0.1072  	-0.4986  	-0.5500  	0.58316  	0.28663  	-0.3662  	0.92442  	0.24285  	-0.0838  	-0.1046  	0.07803  	0.02586  	-0.1960  	-0.0630  	-0.0479  	0.04889  	0.01492  	-0.0213  	0.04904  	0.01069  	0.00318  	0.01999  	0.01623  	-0.0570  	-0.0078  	0.14605  	0.02436  	0.08968  	-0.0187  	0.00125  	-0.0092  	-0.0132  	-0.2796  	0.46675  	259.293  	237.676  	
-0.1842  	-0.1872  	-1.1547  	-0.0952  	0.27448  	-0.7774  	0.46515  	-0.5893  	-0.2288  	-0.4802  	-0.9963  	1.16393  	0.53798  	0.56411  	-0.0751  	0.50027  	-0.3088  	0.06619  	0.71139  	0.19183  	0.12612  	-0.1633  	-1.6644  	0.84637  	0.17250  	0.20204  	0.00216  	0.19507  	0.31998  	0.20773  	0.23824  	0.11903  	-0.4509  	-0.5071  	-0.0575  	0.17684  	-0.8932  	-0.0989  	-0.5735  	-0.5732  	0.58539  	0.31424  	-0.4226  	0.94209  	0.22983  	-0.0857  	-0.1029  	0.07116  	0.00906  	-0.2127  	-0.0651  	-0.0385  	0.05281  	0.01605  	-0.0270  	0.04117  	0.01845  	0.00075  	0.02530  	0.01773  	-0.0597  	-0.0139  	0.14133  	0.02520  	0.08911  	-0.0205  	0.00188  	-0.0081  	-0.0123  	-0.2605  	0.46675  	259.293  	237.676  	
-0.1467  	-0.1806  	-1.1591  	0.01170  	0.31447  	-0.7098  	0.44698  	-0.5413  	-0.2033  	-0.5555  	-1.0086  	1.20634  	0.55151  	0.63894  	0.13713  	0.46907  	-0.3219  	0.08142  	0.68772  	0.24495  	0.21183  	-0.0824  	-1.5675  	0.82601  	0.14827  	0.15865  	-0.0072  	0.20179  	0.28159  	0.20425  	0.23181  	0.12179  	-0.4102  	-0.4473  	-0.0206  	0.09759  	-0.8394  	-0.1190  	-0.5572  	-0.5767  	0.55386  	0.27031  	-0.4020  	0.89739  	0.26339  	-0.0883  	-0.0985  	0.05129  	0.01018  	-0.1985  	-0.0770  	-0.0513  	0.04283  	0.00698  	-0.0270  	0.04669  	0.02027  	0.00641  	0.03189  	0.01311  	-0.0618  	0.00790  	0.13867  	0.02782  	0.09092  	-0.0254  	0.00261  	-0.0067  	-0.0113  	-0.2571  	0.46675  	259.293  	237.676  	
0.06082  	-0.1261  	-1.0959  	0.17787  	0.46337  	-0.6133  	0.52761  	-0.4803  	-0.0666  	-0.5371  	-1.1095  	1.32856  	0.63822  	0.91317  	0.28607  	0.60058  	-0.4609  	0.26676  	0.55078  	0.57976  	0.15968  	0.12551  	-1.4135  	0.73059  	0.17088  	0.10744  	-0.0895  	0.34560  	0.21614  	0.20530  	0.14669  	0.13430  	-0.2223  	-0.2709  	0.06785  	0.05042  	-0.8182  	-0.1422  	-0.3936  	-0.4591  	0.45167  	0.15852  	-0.2696  	0.83037  	0.30197  	-0.1114  	-0.0608  	0.05744  	0.02633  	-0.1701  	-0.0734  	-0.0527  	0.03959  	-0.0030  	-0.0376  	0.05485  	0.01518  	0.00891  	0.01731  	0.00495  	-0.0540  	0.01848  	0.15191  	0.02481  	0.09444  	-0.0309  	0.00442  	-0.0052  	-0.0104  	-0.2562  	0.46675  	259.293  	237.676  	
-0.0346  	-0.1681  	-1.2104  	0.15896  	0.41071  	-0.5820  	0.53549  	-0.5287  	-0.0457  	-0.5123  	-1.0978  	1.31176  	0.57011  	0.97907  	0.23864  	0.67040  	-0.5621  	0.45604  	0.47508  	0.85226  	0.08308  	0.40189  	-1.0875  	0.74037  	0.21308  	-0.0189  	-0.0610  	0.44430  	0.09809  	0.24692  	0.01162  	0.19000  	-0.1185  	-0.0849  	0.16885  	0.06753  	-0.6675  	-0.1428  	-0.2552  	-0.3782  	0.33282  	0.00698  	-0.1534  	0.72029  	0.37546  	-0.1323  	-0.0348  	0.01695  	0.04356  	-0.1472  	-0.0820  	-0.0596  	0.03983  	-0.0220  	-0.0419  	0.05368  	0.01692  	0.02231  	0.02351  	-0.0030  	-0.0610  	0.02607  	0.17043  	0.02676  	0.09830  	-0.0366  	0.00655  	-0.0041  	-0.0101  	-0.2418  	0.46675  	259.293  	237.676  	
0.01591  	-0.1863  	-1.1774  	0.15223  	0.38123  	-0.5610  	0.49011  	-0.4837  	-0.0450  	-0.5347  	-1.1167  	1.29181  	0.60763  	1.03533  	0.39693  	0.64006  	-0.5316  	0.34871  	0.51484  	0.77338  	0.15370  	0.42011  	-0.9594  	0.85985  	0.14323  	0.00431  	0.03819  	0.22810  	-0.0633  	0.23764  	-0.0029  	0.22454  	-0.1164  	-0.1059  	0.22215  	-0.0069  	-0.5784  	-0.1119  	-0.3328  	-0.3911  	0.30666  	0.02236  	-0.1512  	0.74257  	0.38627  	-0.1333  	-0.0213  	0.01673  	0.04230  	-0.1450  	-0.1011  	-0.0490  	0.03906  	-0.0239  	-0.0465  	0.04805  	0.00812  	0.01630  	0.02071  	-0.0080  	-0.0626  	0.02334  	0.16021  	0.01991  	0.10134  	-0.0400  	0.00990  	-0.0032  	-0.0108  	-0.2475  	0.46675  	259.293  	237.676  	
0.34496  	-0.0202  	-0.8019  	-0.0552  	0.18578  	-0.4452  	0.57535  	-0.3970  	0.00528  	-0.5068  	-0.9689  	1.15790  	0.55619  	1.12938  	0.34430  	0.75210  	-0.5232  	0.34813  	0.54172  	0.66434  	0.44359  	0.45207  	-0.8899  	0.93868  	0.13712  	-0.0458  	0.12782  	-0.0692  	-0.2800  	0.16786  	-0.0195  	0.27240  	-0.1212  	-0.1245  	0.31098  	-0.0626  	-0.4095  	-0.0334  	-0.3932  	-0.4378  	0.33469  	0.01480  	-0.1397  	0.74463  	0.37156  	-0.1268  	-0.0408  	0.04200  	0.05944  	-0.1421  	-0.1032  	-0.0539  	0.04330  	-0.0189  	-0.0475  	0.06294  	-0.0058  	0.01928  	0.00284  	-0.0009  	-0.0613  	0.02555  	0.17045  	0.01126  	0.10255  	-0.0409  	0.01401  	-0.0030  	-0.0122  	-0.2469  	0.46675  	259.293  	237.676  	
0.39841  	-0.0440  	-0.7209  	-0.1540  	0.11770  	-0.4634  	0.56348  	-0.3348  	0.02370  	-0.4658  	-0.7541  	1.19128  	0.49497  	1.05814  	0.12890  	0.88531  	-0.5417  	0.32109  	0.55364  	0.67976  	0.52465  	0.42220  	-0.8445  	0.90584  	0.14986  	-0.0538  	0.13338  	-0.0893  	-0.3285  	0.15342  	0.00041  	0.27356  	-0.1029  	-0.1067  	0.32202  	-0.0638  	-0.3427  	-0.0215  	-0.3879  	-0.4849  	0.32570  	0.00277  	-0.1329  	0.73885  	0.38065  	-0.1243  	-0.0474  	0.04092  	0.06314  	-0.1400  	-0.0966  	-0.0508  	0.04807  	-0.0174  	-0.0513  	0.06399  	-0.0168  	0.02321  	0.00596  	-0.0027  	-0.0599  	0.02113  	0.18183  	0.01432  	0.10022  	-0.0377  	0.01865  	-0.0029  	-0.0133  	-0.2590  	0.46675  	259.293  	237.676  	
0.44133  	-0.0082  	-0.7045  	-0.3220  	0.10626  	-0.4987  	0.64905  	-0.3580  	0.03984  	-0.3818  	-0.7837  	1.18401  	0.53860  	1.04049  	-0.0483  	0.84660  	-0.5385  	0.38343  	0.55794  	0.71197  	0.42207  	0.41095  	-0.8988  	0.78508  	0.23204  	-0.0865  	0.07721  	0.01794  	-0.2044  	0.13776  	0.01722  	0.23945  	-0.0928  	-0.1098  	0.23266  	0.00624  	-0.4153  	-0.0373  	-0.3143  	-0.4265  	0.38997  	-0.0306  	-0.0985  	0.77146  	0.37569  	-0.1323  	-0.0465  	0.06432  	0.07889  	-0.1536  	-0.0957  	-0.0566  	0.04229  	-0.0199  	-0.0458  	0.06901  	-0.0105  	0.02144  	0.00388  	-0.0005  	-0.0543  	0.02345  	0.17905  	0.01739  	0.09384  	-0.0309  	0.02305  	-0.0033  	-0.0146  	-0.2602  	0.46675  	259.293  	237.676  	
0.11944  	-0.1341  	-0.8420  	-0.2193  	0.12089  	-0.6409  	0.61117  	-0.4183  	0.00559  	-0.3131  	-0.7739  	1.13327  	0.55611  	1.15426  	0.00767  	0.78625  	-0.5632  	0.34097  	0.55022  	0.83806  	0.32589  	0.43046  	-1.0377  	0.83365  	0.27446  	-0.0766  	0.14409  	0.00357  	-0.2115  	0.18502  	-0.0139  	0.25519  	-0.0965  	-0.1269  	0.25742  	0.04962  	-0.4656  	-0.0579  	-0.3495  	-0.3994  	0.38351  	-0.0036  	-0.1447  	0.76840  	0.39657  	-0.1252  	-0.0288  	0.03037  	0.06270  	-0.1487  	-0.0928  	-0.0533  	0.03792  	-0.0130  	-0.0498  	0.04965  	-0.0003  	0.01883  	0.00486  	-0.0047  	-0.0500  	0.00742  	0.18384  	0.01683  	0.08211  	-0.0209  	0.02637  	-0.0034  	-0.0160  	-0.2518  	0.46675  	259.293  	237.676  	
-0.2775  	-0.2338  	-1.2804  	-0.1398  	0.27816  	-0.8140  	0.58844  	-0.5627  	-0.0806  	-0.4010  	-0.7211  	1.27409  	0.50493  	0.91476  	0.02177  	0.61841  	-0.5909  	0.44476  	0.47315  	0.87662  	0.23450  	0.37062  	-1.0347  	0.86504  	0.07655  	-0.0146  	-0.0696  	0.27899  	-0.0819  	0.15434  	-0.0036  	0.18300  	-0.1125  	-0.0960  	0.25437  	0.04836  	-0.5958  	-0.1211  	-0.3480  	-0.3992  	0.37006  	0.01820  	-0.1987  	0.70647  	0.38016  	-0.1184  	-0.0283  	0.00333  	0.02980  	-0.1490  	-0.0989  	-0.0619  	0.04084  	-0.0213  	-0.0537  	0.04605  	0.00610  	0.02253  	0.01342  	-0.0084  	-0.0602  	0.01971  	0.15983  	0.01073  	0.06696  	-0.0084  	0.02890  	-0.0041  	-0.0173  	-0.2382  	0.46675  	259.293  	237.676  	
-0.1224  	-0.2578  	-1.1322  	-0.1975  	0.24377  	-0.6685  	0.51963  	-0.5599  	-0.0497  	-0.4307  	-0.8013  	1.22126  	0.44031  	0.82473  	-0.0454  	0.67557  	-0.5887  	0.45872  	0.51007  	0.86872  	0.15859  	0.35728  	-1.0151  	0.79657  	0.12260  	-0.0253  	-0.0668  	0.30969  	-0.0622  	0.17798  	0.03830  	0.19301  	-0.1299  	-0.0966  	0.19356  	0.06179  	-0.6024  	-0.1304  	-0.3305  	-0.4234  	0.38171  	-0.0026  	-0.1588  	0.73024  	0.38745  	-0.1277  	-0.0317  	0.01414  	0.04429  	-0.1505  	-0.0848  	-0.0613  	0.03991  	-0.0229  	-0.0563  	0.05438  	0.01495  	0.02614  	0.01495  	-0.0040  	-0.0592  	0.00988  	0.17155  	0.02311  	0.05211  	0.00495  	0.03138  	-0.0047  	-0.0175  	-0.2079  	0.46675  	259.293  	237.676  	
0.05438  	-0.1680  	-1.1303  	0.23518  	0.45678  	-0.5358  	0.53494  	-0.5284  	-0.0513  	-0.4969  	-1.1005  	1.30579  	0.59385  	0.95808  	0.19195  	0.75425  	-0.6028  	0.45541  	0.47683  	0.91544  	-0.0290  	0.41137  	-1.1341  	0.79528  	0.22401  	-0.0224  	-0.1107  	0.44637  	0.11584  	0.26348  	0.00141  	0.18693  	-0.1161  	-0.0775  	0.16502  	0.07669  	-0.7358  	-0.1562  	-0.2686  	-0.3470  	0.36278  	0.00817  	-0.1359  	0.72918  	0.38419  	-0.1266  	-0.0437  	0.04131  	0.05469  	-0.1465  	-0.0784  	-0.0593  	0.03393  	-0.0284  	-0.0480  	0.04584  	0.02080  	0.03145  	0.01300  	-0.0086  	-0.0684  	0.00739  	0.16532  	0.02354  	0.03733  	0.01687  	0.03324  	-0.0055  	-0.0169  	-0.1789  	0.46675  	259.293  	237.676  	
0.17375  	-0.1196  	-1.1988  	0.47398  	0.60884  	-0.5247  	0.54506  	-0.5671  	-0.0920  	-0.4569  	-1.2618  	1.23243  	0.59115  	1.10215  	0.44063  	0.68766  	-0.5871  	0.35494  	0.48898  	0.83022  	0.01152  	0.48736  	-1.1319  	0.80469  	0.32154  	-0.0231  	0.00117  	0.45809  	0.13976  	0.34246  	-0.0249  	0.20682  	-0.1307  	-0.0709  	0.23090  	0.04933  	-0.7143  	-0.1611  	-0.2548  	-0.3520  	0.28071  	0.02260  	-0.1837  	0.71388  	0.37219  	-0.1227  	-0.0375  	0.03024  	0.04793  	-0.1545  	-0.0754  	-0.0627  	0.03868  	-0.0332  	-0.0580  	0.04857  	0.00949  	0.02259  	0.01716  	-0.0096  	-0.0686  	0.01369  	0.17374  	0.01482  	0.02379  	0.02576  	0.03533  	-0.0061  	-0.0161  	-0.1374  	0.46675  	259.293  	237.676  	
0.23611  	-0.1260  	-1.1192  	0.43772  	0.57493  	-0.4448  	0.54596  	-0.5287  	-0.0547  	-0.5386  	-1.3390  	1.20018  	0.66221  	1.21417  	0.61443  	0.54680  	-0.5535  	0.30484  	0.48591  	0.75743  	0.08639  	0.49007  	-1.0768  	0.83855  	0.30646  	-0.0486  	0.07622  	0.33074  	0.07438  	0.33881  	-0.0689  	0.20055  	-0.1348  	-0.0637  	0.28640  	0.04484  	-0.6635  	-0.1575  	-0.2773  	-0.3506  	0.25701  	0.04217  	-0.1656  	0.70302  	0.38437  	-0.1301  	-0.0346  	0.02786  	0.06839  	-0.1537  	-0.0892  	-0.0615  	0.03739  	-0.0295  	-0.0510  	0.05308  	0.00450  	0.02062  	0.01710  	-0.0040  	-0.0725  	0.01855  	0.17630  	0.01304  	0.01207  	0.03157  	0.03776  	-0.0066  	-0.0144  	-0.1101  	0.46675  	259.293  	237.676  	
0.20851  	-0.1050  	-1.1262  	0.43466  	0.50709  	-0.4368  	0.55966  	-0.5152  	-0.0204  	-0.4627  	-1.2904  	1.20588  	0.65008  	1.05897  	0.31923  	0.72848  	-0.6159  	0.46233  	0.49518  	0.84528  	-0.0120  	0.45713  	-1.1716  	0.75578  	0.29583  	-0.0483  	-0.0915  	0.46676  	0.23210  	0.32697  	-0.0291  	0.18059  	-0.1110  	-0.0736  	0.16239  	0.08060  	-0.7465  	-0.1636  	-0.1968  	-0.3008  	0.31682  	-0.0027  	-0.1548  	0.73459  	0.39244  	-0.1401  	-0.0456  	0.04475  	0.06311  	-0.1500  	-0.0726  	-0.0585  	0.03351  	-0.0236  	-0.0353  	0.05773  	0.00866  	0.02825  	0.02411  	-0.0020  	-0.0777  	0.02728  	0.17424  	0.02127  	0.00352  	0.03611  	0.04232  	-0.0070  	-0.0127  	-0.0884  	0.46675  	259.293  	237.676  	
0.08880  	-0.1218  	-1.1333  	0.47808  	0.45022  	-0.4684  	0.45070  	-0.4482  	-0.0740  	-0.4844  	-1.2131  	1.28616  	0.66458  	0.92519  	0.33150  	0.63308  	-0.4762  	0.22931  	0.63708  	0.53399  	0.04124  	0.17817  	-1.4541  	0.80189  	0.21977  	0.09907  	-0.0660  	0.36283  	0.27421  	0.26717  	0.12902  	0.13987  	-0.2425  	-0.2924  	0.11298  	0.02898  	-0.8639  	-0.1493  	-0.3662  	-0.4238  	0.40975  	0.15636  	-0.3231  	0.83589  	0.29757  	-0.1129  	-0.0673  	0.05970  	0.03441  	-0.1587  	-0.0639  	-0.0531  	0.02859  	-0.0064  	-0.0306  	0.03547  	0.00311  	0.01241  	0.02059  	0.00266  	-0.0718  	0.01252  	0.16684  	0.02169  	-0.0039  	0.04237  	0.04810  	-0.0076  	-0.0113  	-0.0947  	0.46675  	259.293  	237.676  	
0.26974  	-0.0058  	-1.0459  	0.51065  	0.60615  	-0.5553  	0.52487  	-0.3601  	-0.0658  	-0.4925  	-1.1887  	1.25299  	0.70847  	1.04482  	0.62142  	0.50965  	-0.3770  	-0.0135  	0.68495  	0.19013  	0.17387  	0.04177  	-1.6687  	0.82597  	0.21123  	0.17633  	0.04410  	0.14794  	0.36126  	0.27481  	0.17612  	0.11099  	-0.3535  	-0.4175  	0.12308  	0.01736  	-0.9015  	-0.1568  	-0.5176  	-0.5525  	0.48193  	0.27939  	-0.4087  	0.91338  	0.25974  	-0.0830  	-0.0892  	0.08030  	0.04744  	-0.2124  	-0.0798  	-0.0461  	0.04190  	-0.0044  	-0.0350  	0.04409  	-0.0082  	0.00537  	0.02343  	0.00741  	-0.0480  	-0.0022  	0.13905  	0.01911  	-0.0077  	0.05072  	0.05596  	-0.0081  	-0.0099  	-0.1235  	0.46675  	259.293  	237.676  	
0.14250  	-0.1028  	-1.1832  	0.68380  	0.72202  	-0.6440  	0.53016  	-0.3415  	-0.1173  	-0.5459  	-1.1932  	1.36292  	0.80351  	1.21073  	0.73815  	0.47945  	-0.3494  	-0.0903  	0.64770  	0.15445  	0.22577  	-0.0309  	-1.7767  	0.84231  	0.15833  	0.20391  	0.06838  	0.09636  	0.30740  	0.30027  	0.21331  	0.10445  	-0.3488  	-0.4565  	0.17829  	-0.0442  	-0.9107  	-0.1558  	-0.5605  	-0.5595  	0.44579  	0.36807  	-0.4675  	0.89420  	0.24374  	-0.0712  	-0.0930  	0.07167  	0.01838  	-0.1818  	-0.0636  	-0.0394  	0.04190  	0.01110  	-0.0351  	0.06329  	-0.0017  	-0.0093  	0.02228  	0.01621  	-0.0507  	0.01875  	0.11867  	0.00656  	-0.0086  	0.05974  	0.06349  	-0.0087  	-0.0099  	-0.1475  	0.46675  	259.293  	237.676  	
0.00613  	-0.1238  	-1.2273  	0.37539  	0.60403  	-0.6928  	0.50699  	-0.3963  	-0.1195  	-0.5145  	-1.1899  	1.38863  	0.76198  	0.99250  	0.48764  	0.55974  	-0.4032  	0.07897  	0.64353  	0.28256  	0.12209  	-0.0522  	-1.7253  	0.77676  	0.13704  	0.19542  	-0.0485  	0.23241  	0.36394  	0.28739  	0.21115  	0.09111  	-0.3380  	-0.4255  	0.08960  	-0.0135  	-0.9482  	-0.1534  	-0.5026  	-0.5399  	0.45412  	0.30111  	-0.4260  	0.89159  	0.25842  	-0.0837  	-0.0849  	0.06302  	0.03827  	-0.1950  	-0.0735  	-0.0511  	0.04344  	0.01324  	-0.0337  	0.05322  	-0.0050  	-0.0082  	0.02915  	0.01326  	-0.0554  	0.01206  	0.12812  	0.01439  	-0.0073  	0.06845  	0.07024  	-0.0091  	-0.0101  	-0.1674  	0.46675  	259.293  	237.676  	
-0.0289  	-0.1476  	-1.2090  	0.04731  	0.44306  	-0.6575  	0.54395  	-0.4929  	-0.1226  	-0.4383  	-1.1191  	1.29842  	0.59183  	0.84341  	0.24060  	0.58805  	-0.4447  	0.31427  	0.62211  	0.48588  	0.08499  	0.12967  	-1.3555  	0.78801  	0.13880  	0.10374  	-0.1112  	0.29608  	0.24738  	0.23785  	0.11767  	0.14113  	-0.2490  	-0.2923  	0.02265  	0.02858  	-0.8395  	-0.1365  	-0.4331  	-0.4390  	0.45247  	0.14584  	-0.2753  	0.83601  	0.31244  	-0.0975  	-0.0571  	0.04750  	0.03229  	-0.1845  	-0.0972  	-0.0533  	0.04378  	-0.0108  	-0.0442  	0.03790  	0.00109  	0.00562  	0.01816  	0.00757  	-0.0568  	-0.0014  	0.14296  	0.01056  	-0.0070  	0.07767  	0.07506  	-0.0098  	-0.0105  	-0.1839  	0.46675  	259.293  	237.676  	
-0.0302  	-0.1789  	-1.1434  	-0.1211  	0.25576  	-0.6165  	0.55589  	-0.6118  	-0.1000  	-0.4704  	-1.0822  	1.17425  	0.50317  	0.74101  	0.08541  	0.64366  	-0.5557  	0.49161  	0.51085  	0.82569  	0.05330  	0.40659  	-0.9843  	0.77470  	0.18812  	-0.0146  	-0.0711  	0.32145  	0.05460  	0.23000  	-0.0147  	0.22833  	-0.1122  	-0.0759  	0.09076  	0.06769  	-0.6536  	-0.0901  	-0.3154  	-0.3694  	0.42194  	-0.0184  	-0.1129  	0.75436  	0.36491  	-0.1312  	-0.0265  	0.02454  	0.05247  	-0.1616  	-0.0852  	-0.0500  	0.04856  	-0.0305  	-0.0482  	0.04460  	0.00390  	0.02449  	0.01424  	-0.0027  	-0.0602  	0.00331  	0.17309  	0.02139  	-0.0082  	0.08565  	0.07868  	-0.0096  	-0.0106  	-0.2294  	0.46675  	259.293  	237.676  	
0.12330  	-0.1485  	-0.9881  	-0.1008  	0.19326  	-0.5428  	0.51928  	-0.5391  	-0.0519  	-0.5062  	-0.9362  	1.13956  	0.46933  	0.79173  	0.19082  	0.71375  	-0.5278  	0.36461  	0.52749  	0.72667  	0.31537  	0.42172  	-0.8849  	0.86012  	0.13419  	-0.0327  	0.06811  	0.03422  	-0.2042  	0.17667  	0.00171  	0.26572  	-0.1341  	-0.1012  	0.23879  	0.00848  	-0.4275  	-0.0286  	-0.3921  	-0.4380  	0.41251  	-0.0014  	-0.1244  	0.75136  	0.37054  	-0.1313  	-0.0291  	0.01979  	0.04647  	-0.1472  	-0.1051  	-0.0509  	0.04924  	-0.0167  	-0.0448  	0.05495  	-0.0005  	0.02386  	0.01266  	-0.0011  	-0.0557  	0.02016  	0.17679  	0.01870  	-0.0105  	0.09271  	0.08039  	-0.0101  	-0.0104  	-0.2529  	0.46675  	259.293  	237.676  	
0.42929  	-0.0515  	-0.7202  	-0.2409  	0.04065  	-0.4739  	0.57790  	-0.3188  	0.05364  	-0.4951  	-0.7058  	1.21473  	0.48468  	0.94775  	-0.1012  	0.94207  	-0.5576  	0.38325  	0.55545  	0.75478  	0.44392  	0.42130  	-0.9421  	0.80267  	0.15248  	-0.0739  	0.02568  	0.00820  	-0.2989  	0.14164  	0.03146  	0.26158  	-0.1046  	-0.1077  	0.26941  	-0.0296  	-0.4003  	-0.0041  	-0.3615  	-0.4649  	0.39316  	-0.0277  	-0.0728  	0.74759  	0.36462  	-0.1296  	-0.0419  	0.05190  	0.06992  	-0.1644  	-0.0982  	-0.0493  	0.04233  	-0.0186  	-0.0465  	0.05979  	-0.0078  	0.02583  	0.00020  	-0.0020  	-0.0605  	0.02368  	0.19088  	0.02320  	-0.0154  	0.09737  	0.08057  	-0.0104  	-0.0100  	-0.2645  	0.46675  	259.293  	237.676  	
0.34460  	0.00610  	-0.7314  	-0.4089  	0.05163  	-0.5820  	0.68958  	-0.3913  	0.05432  	-0.2884  	-0.7518  	1.18520  	0.58817  	1.18418  	-0.0531  	0.84698  	-0.5807  	0.35764  	0.53381  	0.81667  	0.40956  	0.43897  	-1.0580  	0.82193  	0.28969  	-0.1094  	0.07921  	0.02588  	-0.1581  	0.15826  	-0.0111  	0.27157  	-0.0732  	-0.1105  	0.22010  	0.02280  	-0.4276  	-0.0498  	-0.3016  	-0.3538  	0.37772  	-0.0139  	-0.1231  	0.76077  	0.35779  	-0.1261  	-0.0498  	0.06558  	0.06928  	-0.1686  	-0.0799  	-0.0518  	0.03343  	-0.0265  	-0.0503  	0.06250  	-0.0112  	0.01066  	0.01687  	0.00135  	-0.0516  	0.02036  	0.17058  	0.02065  	-0.0225  	0.10144  	0.07945  	-0.0109  	-0.0090  	-0.2665  	0.46675  	259.293  	237.676  	
-0.0301  	-0.1746  	-1.0920  	-0.1204  	0.29563  	-0.7644  	0.65666  	-0.5125  	-0.1178  	-0.3983  	-0.7425  	1.22537  	0.52720  	1.09891  	0.08290  	0.74266  	-0.5612  	0.42681  	0.51598  	0.90214  	0.23747  	0.43802  	-1.0513  	0.93343  	0.15797  	-0.0469  	0.05734  	0.10225  	-0.1980  	0.18556  	0.01175  	0.21380  	-0.0619  	-0.1013  	0.28424  	0.05492  	-0.4899  	-0.0807  	-0.4094  	-0.3667  	0.35582  	0.04157  	-0.1950  	0.73928  	0.36509  	-0.1282  	-0.0316  	0.00612  	0.03674  	-0.1506  	-0.0940  	-0.0586  	0.02229  	-0.0209  	-0.0617  	0.05296  	-0.0002  	0.00467  	0.01377  	-0.0035  	-0.0621  	0.02877  	0.16034  	0.01039  	-0.0314  	0.10398  	0.07797  	-0.0111  	-0.0079  	-0.2670  	0.46675  	259.293  	237.676  	
-0.6132  	-0.3913  	-1.4174  	-0.4603  	0.15228  	-1.0581  	0.49620  	-0.6600  	-0.1493  	-0.3427  	-0.6039  	1.10165  	0.41721  	0.66622  	-0.1301  	0.53075  	-0.5374  	0.45852  	0.48511  	0.93304  	0.21689  	0.27723  	-1.0208  	0.80919  	0.03328  	0.00939  	-0.1257  	0.21908  	-0.1706  	0.13299  	0.05290  	0.19747  	-0.0904  	-0.1008  	0.26426  	0.05018  	-0.5755  	-0.1158  	-0.3630  	-0.3881  	0.33353  	0.02642  	-0.1944  	0.70589  	0.39792  	-0.1231  	-0.0089  	-0.0159  	0.00767  	-0.1313  	-0.0988  	-0.0512  	0.02878  	-0.0110  	-0.0550  	0.03491  	0.00208  	0.01679  	0.00218  	-0.0054  	-0.0594  	0.01585  	0.17611  	0.02335  	-0.0392  	0.10616  	0.07700  	-0.0114  	-0.0063  	-0.2560  	0.46675  	259.293  	237.676  	
-0.5728  	-0.3733  	-1.4108  	-0.4207  	0.19532  	-1.1159  	0.5737  	-0.6129  	-0.0942  	-0.2806  	-0.5235  	1.23233  	0.43668  	0.68556  	-0.2020  	0.57112  	-0.5741  	0.46795  	0.48676  	0.92600  	0.13850  	0.32494  	-0.9966  	0.78146  	0.02480  	0.02732  	-0.1949  	0.31211  	-0.0953  	0.12139  	0.06725  	0.18161  	-0.0929  	-0.0890  	0.16401  	0.04115  	-0.6244  	-0.1211  	-0.3134  	-0.4470  	0.40029  	0.01153  	-0.1776  	0.70248  	0.37699  	-0.1284  	-0.0152  	-0.0092  	0.04101  	-0.1479  	-0.0967  	-0.0556  	0.02968  	-0.0220  	-0.0549  	0.03927  	-0.0018  	0.02720  	0.00717  	-0.0112  	-0.0560  	0.02033  	0.17268  	0.02107  	-0.0451  	0.10724  	0.07652  	-0.0113  	-0.0051  	-0.2385  	0.46675  	259.293  	237.676  	
-0.2248  	-0.2273  	-1.2318  	-0.2785  	0.17350  	-0.8441  	0.54202  	-0.5423  	-0.0754  	-0.4111  	-0.8027  	1.25050  	0.53632  	0.88911  	-0.0398  	0.56704  	-0.5576  	0.50063  	0.52109  	0.88988  	0.10369  	0.35834  	-1.0154  	0.70477  	0.09713  	0.00069  	-0.1948  	0.35533  	0.00313  	0.17747  	0.04058  	0.16355  	-0.1035  	-0.0997  	0.11036  	0.05114  	-0.6699  	-0.1031  	-0.2717  	-0.4119  	0.42018  	-0.0136  	-0.1184  	0.71432  	0.38667  	-0.1303  	-0.0275  	0.03040  	0.04053  	-0.1626  	-0.0993  	-0.0524  	0.03473  	-0.0282  	-0.0533  	0.04739  	0.00184  	0.02282  	0.01472  	0.00032  	-0.0583  	0.02031  	0.17061  	0.02316  	-0.0513  	0.10941  	0.07673  	-0.0109  	-0.0043  	-0.2430  	0.46675  	259.293  	237.676  	
-0.0236  	-0.1513  	-1.0647  	-0.1511  	0.14245  	-0.6155  	0.54563  	-0.4833  	-0.0175  	-0.4827  	-1.0750  	1.21799  	0.54374  	0.99004  	0.19127  	0.58296  	-0.5348  	0.45170  	0.50643  	0.77423  	0.17331  	0.40058  	-0.8916  	0.75605  	0.10810  	0.00880  	-0.0926  	0.26182  	-0.0265  	0.16568  	0.03480  	0.19185  	-0.0875  	-0.1037  	0.11026  	-0.0127  	-0.6244  	-0.0976  	-0.2951  	-0.4068  	0.44085  	-0.0147  	-0.1053  	0.75710  	0.36299  	-0.1288  	-0.0266  	0.04744  	0.04412  	-0.1446  	-0.1030  	-0.0498  	0.04369  	-0.0169  	-0.0551  	0.04685  	0.01136  	0.01185  	0.02219  	-0.0054  	-0.0562  	0.02436  	0.17226  	0.02443  	-0.0543  	0.11079  	0.07820  	-0.0101  	-0.0040  	-0.2271  	0.46675  	259.293  	237.676  	
-0.0512  	-0.1554  	-1.0852  	-0.2082  	0.16247  	-0.6011  	0.54865  	-0.5234  	-0.0353  	-0.4361  	-1.0250  	1.08692  	0.49025  	0.78292  	-0.0220  	0.66781  	-0.5450  	0.50447  	0.54301  	0.83060  	0.11469  	0.36724  	-0.9400  	0.70047  	0.11842  	-0.0043  	-0.1535  	0.34261  	0.02380  	0.17151  	0.00699  	0.21548  	-0.1075  	-0.1012  	0.07072  	0.02701  	-0.6475  	-0.0883  	-0.2821  	-0.3654  	0.47387  	-0.0462  	-0.0832  	0.76174  	0.36356  	-0.1314  	-0.0390  	0.02521  	0.04372  	-0.1505  	-0.0934  	-0.0476  	0.04184  	-0.0185  	-0.0483  	0.04459  	0.00336  	0.02032  	0.01679  	-0.0040  	-0.0611  	0.01747  	0.16746  	0.02131  	-0.0682  	0.11545  	0.08421  	-0.0103  	-0.0046  	-0.2014  	0.46675  	259.293  	237.676  	
-0.1167  	-0.1909  	-1.1445  	-0.1751  	0.21468  	-0.6244  	0.53286  	-0.5932  	-0.0547  	-0.4599  	-0.9626  	1.12660  	0.47342  	0.70891  	-0.0312  	0.69051  	-0.5469  	0.46149  	0.54159  	0.82652  	0.08598  	0.38662  	-0.9723  	0.76313  	0.12567  	0.00088  	-0.1257  	0.36422  	0.02425  	0.18425  	0.03054  	0.21846  	-0.1271  	-0.0937  	0.08843  	0.06781  	-0.6364  	-0.1096  	-0.3098  	-0.3838  	0.44935  	-0.0324  	-0.1184  	0.75116  	0.36410  	-0.1326  	-0.0328  	0.00439  	0.04297  	-0.1587  	-0.0961  	-0.0562  	0.03749  	-0.0206  	-0.0569  	0.03982  	0.00942  	0.02552  	0.01531  	-0.0067  	-0.0635  	0.02019  	0.16728  	0.01878  	-0.0687  	0.11008  	0.08423  	-0.0099  	-0.0051  	-0.1852  	0.46675  	259.293  	237.676  	
-0.0316  	-0.1694  	-1.0767  	-0.0167  	0.26142  	-0.6020  	0.50304  	-0.4556  	-0.0836  	-0.5420  	-0.9203  	1.21047  	0.56675  	0.78626  	0.16313  	0.59718  	-0.4022  	0.22024  	0.62407  	0.46940  	0.26706  	0.12816  	-1.2337  	0.82395  	0.06551  	0.11608  	-0.0564  	0.16316  	0.06994  	0.15132  	0.15252  	0.16224  	-0.2267  	-0.3020  	0.08767  	-0.0186  	-0.6814  	-0.0892  	-0.4713  	-0.5153  	0.50316  	0.13486  	-0.2616  	0.84822  	0.29777  	-0.1087  	-0.0560  	0.03691  	0.02558  	-0.1702  	-0.0892  	-0.0529  	0.03965  	-0.0032  	-0.0431  	0.04469  	-0.0002  	0.00523  	0.01414  	0.00261  	-0.0503  	0.01796  	0.14542  	0.01544  	-0.0587  	0.09855  	0.07903  	-0.0094  	-0.0054  	-0.1900  	0.46675  	259.293  	237.676  	
-0.0995  	-0.2065  	-1.1149  	-0.0404  	0.34137  	-0.7950  	0.48168  	-0.4367  	-0.1039  	-0.5211  	-0.8365  	1.33092  	0.60952  	0.78807  	0.20874  	0.50007  	-0.3549  	0.11734  	0.62218  	0.27549  	0.25106  	-0.0934  	-1.5943  	0.75012  	-0.0432  	0.21742  	-0.1493  	0.20304  	0.23224  	0.11523  	0.26133  	0.08168  	-0.3175  	-0.4447  	0.02104  	-0.0124  	-0.8390  	-0.1067  	-0.5573  	-0.6003  	0.59054  	0.27672  	-0.3715  	0.88813  	0.24894  	-0.0818  	-0.0688  	0.05941  	0.01142  	-0.1771  	-0.0792  	-0.0439  	0.03670  	0.01337  	-0.0269  	0.03905  	0.00241  	0.00051  	0.01268  	0.00710  	-0.0543  	0.01651  	0.13988  	0.02377  	-0.0409  	0.08287  	0.07051  	-0.0083  	-0.0058  	-0.2085  	0.46675  	259.293  	237.676  	
-0.1232  	-0.1803  	-1.1730  	0.01774  	0.35314  	-0.7783  	0.43096  	-0.4036  	-0.1114  	-0.5520  	-0.8784  	1.36012  	0.59877  	0.76621  	0.27070  	0.49665  	-0.3197  	0.06190  	0.66492  	0.22131  	0.28558  	-0.1591  	-1.6442  	0.78295  	-0.0329  	0.23215  	-0.1184  	0.17261  	0.25372  	0.12849  	0.26778  	0.08302  	-0.3435  	-0.4906  	-1.9825  	-0.0175  	-0.8594  	-0.1248  	-0.5663  	-0.6070  	0.56557  	0.31949  	-0.4380  	0.90872  	0.24473  	-0.0768  	-0.0786  	0.05774  	0.01270  	-0.1879  	-0.0753  	-0.0442  	0.03857  	0.01882  	-0.0324  	0.04261  	0.00405  	-0.0033  	0.01514  	0.01262  	-0.0530  	0.01045  	0.12792  	0.01892  	-0.0178  	0.06378  	0.05926  	-0.0074  	-0.0063  	-0.2243  	0.46675  	259.293  	237.676  	
0.06000  	-0.1224  	-1.0237  	0.03090  	0.26506  	-0.6289  	0.43962  	-0.3872  	-0.0939  	-0.5807  	-1.0377  	1.26009  	0.65131  	0.84125  	0.43508  	0.47066  	-0.3058  	0.02411  	0.66846  	0.18717  	0.33207  	-0.0880  	-1.4817  	0.84921  	-0.0436  	0.22311  	-0.0291  	0.00320  	0.07427  	0.13930  	0.26531  	0.11070  	-0.3076  	-0.4562  	0.03624  	-0.0710  	-0.7566  	-0.0852  	-0.5948  	-0.6021  	0.55221  	0.26850  	-0.3781  	0.92899  	0.22810  	-0.0870  	-0.0715  	0.06555  	0.01186  	-0.1850  	-0.0934  	-0.0408  	0.04365  	0.02144  	-0.0341  	0.04299  	-0.0047  	-0.0076  	0.01641  	0.01374  	-0.0477  	0.01262  	0.12846  	0.02063  	0.00746  	0.04328  	0.04663  	-0.0062  	-0.0068  	-0.2413  	0.46675  	259.293  	237.676  	
0.03800  	-0.0882  	-1.0504  	-0.0524  	0.27560  	-0.6529  	0.52492  	-0.4285  	-0.0495  	-0.5140  	-1.0449  	1.23306  	0.63419  	0.88219  	0.16944  	0.60098  	-0.4311  	0.26746  	0.58736  	0.48957  	0.20189  	0.12854  	-1.2466  	0.73130  	0.00978  	0.13326  	-0.1706  	0.24868  	0.17237  	0.14174  	0.16218  	0.14652  	-0.2083  	-0.3101  	0.02273  	-0.0235  	-0.7993  	-0.1018  	-0.4264  	-0.4754  	0.53914  	0.13157  	-0.2432  	0.83154  	0.29544  	-0.1048  	-0.0582  	0.05686  	0.02290  	-0.1660  	-0.0814  	-0.0532  	0.03951  	-0.0109  	-0.0383  	0.04385  	0.00729  	0.00817  	0.02526  	-0.0005  	-0.0549  	0.02131  	0.14565  	0.02154  	0.03374  	0.02401  	0.03390  	-0.0055  	-0.0070  	-0.2584  	0.46675  	259.293  	237.676  	
-0.2230  	-0.2006  	-1.1675  	-0.3254  	0.21893  	-0.7925  	0.58613  	-0.6071  	-0.0969  	-0.3511  	-1.0150  	1.23737  	0.62057  	0.91182  	-0.0462  	0.62355  	-0.5801  	0.55679  	0.46472  	0.88251  	-0.1106  	0.37858  	-1.0021  	0.68885  	0.07803  	-0.0112  	-0.2609  	0.48427  	0.16069  	0.16460  	0.06244  	0.15392  	-0.0794  	-0.1002  	0.03816  	0.07572  	-0.8019  	-0.1385  	-0.2505  	-0.3163  	0.46631  	-0.0322  	-0.0996  	0.72720  	0.36542  	-0.1411  	-0.0312  	0.03882  	0.04394  	-0.1543  	-0.0903  	-0.0552  	0.03913  	-0.0365  	-0.0542  	0.04711  	-0.0002  	0.02286  	0.00760  	-0.0173  	-0.0485  	0.04155  	0.16862  	0.02874  	0.05857  	0.00732  	0.02240  	-0.0049  	-0.0074  	-0.2828  	0.46675  	259.293  	237.676  	
-0.3660  	-0.2754  	-1.3075  	-0.2385  	0.27438  	-0.8627  	0.54605  	-0.5838  	-0.0928  	-0.4235  	-0.8050  	1.23399  	0.52868  	0.86851  	-0.0968  	0.58534  	-0.5975  	0.49668  	0.50714  	0.87561  	0.10283  	0.34882  	-0.9983  	0.76314  	0.08737  	-0.0086  	-0.1452  	0.40321  	0.02591  	0.17703  	0.04123  	0.19449  	-0.1097  	-0.0984  	0.16601  	0.07140  	-0.6599  	-0.1414  	-0.3013  	-0.4082  	0.40047  	-0.0006  	-0.1683  	0.72242  	0.39377  	-0.1291  	-0.0310  	-0.0014  	0.03752  	-0.1517  	-0.0919  	-0.0544  	0.03724  	-0.0310  	-0.0495  	0.04502  	0.00995  	0.02496  	0.01629  	-0.0009  	-0.0604  	0.02418  	0.17084  	0.02453  	0.08221  	-0.0063  	0.01260  	-0.0044  	-0.0078  	-0.2882  	0.46675  	259.293  	237.676  	
-0.2460  	-0.2509  	-1.2173  	-0.2886  	0.17124  	-0.6627  	0.52392  	-0.6431  	-0.0993  	-0.4423  	-0.8739  	1.13103  	0.42629  	0.69165  	-0.0731  	0.66810  	-0.5451  	0.46552  	0.52316  	0.79942  	0.11853  	0.39281  	-0.9487  	0.75429  	0.18807  	-0.0172  	-0.0730  	0.29135  	-0.0113  	0.17869  	0.00957  	0.21463  	-0.1569  	-0.1111  	0.11701  	0.11314  	-0.6018  	-0.0912  	-0.3264  	-0.3959  	0.41265  	-0.0054  	-0.1591  	0.73675  	0.37810  	-0.1298  	-0.0305  	0.00075  	0.03279  	-0.1596  	-0.0904  	-0.0500  	0.03763  	-0.0225  	-0.0488  	0.05703  	0.01163  	0.02588  	0.01827  	-0.0047  	-0.0598  	0.01691  	0.17535  	0.02169  	0.09977  	-0.0164  	0.00505  	-0.0038  	-0.0080  	-0.2997  	0.46675  	259.293  	237.676  	
0.00271  	-0.1965  	-1.1165  	-0.1932  	0.21798  	-0.6363  	0.52527  	-0.6687  	-0.0909  	-0.3899  	-0.9466  	1.19672  	0.44041  	0.61665  	-0.1307  	0.79806  	-0.5315  	0.49024  	0.56395  	0.86259  	0.00406  	0.36819  	-1.0436  	0.75771  	0.17269  	-0.0234  	-0.0926  	0.35476  	0.04127  	0.22118  	0.01301  	0.23055  	-0.1625  	-0.0890  	0.11137  	0.15593  	-0.6471  	-0.1013  	-0.3064  	-0.3716  	0.43822  	-0.0190  	-0.1219  	0.74589  	0.37491  	-0.1233  	-0.0324  	0.02052  	0.05105  	-0.1552  	-0.0870  	-0.0497  	0.03967  	-0.0305  	-0.0447  	0.04345  	0.00683  	0.02078  	0.01614  	-0.0072  	-0.0669  	0.01132  	0.18107  	0.01733  	0.10909  	-0.0221  	0.00114  	-0.0034  	-0.0082  	-0.3107  	0.46675  	259.293  	237.676  	
0.02036  	-0.2314  	-1.0944  	-0.1468  	0.25030  	-0.6627  	0.55312  	-0.6702  	-0.0848  	-0.3527  	-0.8948  	1.17453  	0.40655  	0.61943  	-0.1571  	0.83112  	-0.5668  	0.51581  	0.52890  	0.86618  	0.07555  	0.34783  	-1.0420  	0.79466  	0.23596  	-0.0315  	-0.0196  	0.38743  	-0.0064  	0.21528  	0.00082  	0.26319  	-0.1701  	-0.1075  	0.16272  	0.18118  	-0.6136  	-0.1020  	-0.3254  	-0.3923  	0.39895  	0.00293  	-0.1370  	0.74831  	0.37541  	-0.1273  	-0.0356  	0.02551  	0.05507  	-0.1538  	-0.0713  	-0.0536  	0.05032  	-0.0240  	-0.0411  	0.05081  	0.01634  	0.02652  	0.01445  	-0.0063  	-0.0622  	0.00519  	0.17647  	0.02134  	0.10827  	-0.0227  	0.00129  	-0.0037  	-0.0089  	-0.2977  	0.46675  	259.293  	237.676  	
0.04563  	-0.2306  	-1.0782  	-0.1256  	0.25311  	-0.6663  	0.58823  	-0.6606  	-0.1282  	-0.3662  	-0.8713  	1.12545  	0.39490  	0.65263  	-0.1690  	0.82568  	-0.5834  	0.45802  	0.54143  	0.80468  	0.08864  	0.43153  	-1.0146  	0.84075  	0.29405  	-0.0686  	0.05598  	0.29803  	-0.0063  	0.23561  	-0.0158  	0.28229  	-0.1966  	-0.1065  	0.16041  	0.21988  	-0.5573  	-0.0817  	-0.3265  	-0.4050  	0.38653  	0.00814  	-0.1314  	0.74287  	0.37948  	-0.1264  	-0.0421  	0.02637  	0.06403  	-0.1624  	-0.0752  	-0.0524  	0.05083  	-0.0223  	-0.0377  	0.04746  	0.01365  	0.02470  	0.01838  	-0.0080  	-0.0681  	0.01071  	0.18093  	0.01864  	0.09535  	-0.0181  	0.00599  	-0.0052  	-0.0098  	-0.2906  	0.46675  	259.293  	237.676  	
0.04817  	-0.2297  	-1.0176  	-0.2842  	0.23272  	-0.6760  	0.62377  	-0.7071  	-0.1038  	-0.2814  	-0.8640  	1.08115  	0.40948  	0.58392  	-0.2858  	0.90633  	-0.6411  	0.48419  	0.51981  	0.84745  	-0.0183  	0.37337  	-1.0850  	0.74525  	0.27735  	-0.0512  	-0.0243  	0.37107  	0.04498  	0.23143  	0.01083  	0.26142  	-0.2082  	-0.0855  	0.11588  	0.23592  	-0.6095  	-0.0746  	-0.3174  	-0.3545  	0.42450  	-0.0061  	-0.1185  	0.77485  	0.36872  	-0.1255  	-0.0438  	0.04274  	0.05627  	-0.1618  	-0.0782  	-0.0507  	0.04946  	-0.0285  	-0.0351  	0.04343  	0.01165  	0.02254  	0.01235  	-0.0053  	-0.0689  	-6.8599  	0.18246  	0.02260  	0.09473  	-0.0197  	0.00494  	-0.0060  	-0.0104  	-0.2892  	0.46675  	259.293  	237.676  	
0.03381  	-0.2107  	-1.0523  	-0.3230  	0.16465  	-0.7022  	0.61702  	-0.6769  	-0.0972  	-0.3192  	-0.8836  	1.04243  	0.44341  	0.61324  	-0.3158  	0.86501  	-0.6263  	0.53118  	0.50120  	0.89485  	-0.0338  	0.39156  	-1.0893  	0.70966  	0.21585  	-0.0179  	-0.1185  	0.41810  	0.09329  	0.19852  	-0.0004  	0.24029  	-0.1679  	-0.0796  	0.10578  	0.24472  	-0.6546  	-0.1006  	-0.2949  	-0.3512  	0.45822  	-0.0173  	-0.1175  	0.74635  	0.37013  	-0.1253  	-0.0392  	0.02954  	0.05045  	-0.1470  	-0.0761  	-0.0542  	0.04741  	-0.0279  	-0.0395  	0.03771  	0.01078  	0.02439  	0.01023  	-0.0059  	-0.0651  	0.00672  	0.17284  	0.02361  	0.09582  	-0.0211  	0.00363  	-0.0070  	-0.0108  	-0.2834  	0.46675  	259.293  	237.676  	
-0.2819  	-0.2785  	-1.2721  	-0.3686  	0.15856  	-0.8506  	0.60552  	-0.7069  	-0.1200  	-0.3037  	-0.9208  	1.04410  	0.47606  	0.64960  	-0.3371  	0.71199  	-0.5942  	0.50555  	0.47097  	0.89507  	-0.0761  	0.37566  	-1.0839  	0.74853  	0.29016  	-0.0263  	-0.1262  	0.46005  	0.16039  	0.22358  	0.00930  	0.21875  	-0.1918  	-0.1045  	0.08166  	0.26726  	-0.7179  	-0.1208  	-0.2796  	-0.3339  	0.44640  	-0.0069  	-0.1342  	0.74305  	0.37283  	-0.1339  	-0.0314  	0.01748  	0.03504  	-0.1711  	-0.0860  	-0.0473  	0.03797  	-0.0290  	-0.0409  	0.03875  	0.01310  	0.02377  	0.01799  	-0.0060  	-0.0678  	0.00658  	0.17115  	0.02760  	0.09685  	-0.0220  	0.00251  	-0.0080  	-0.0120  	-0.2682  	0.46675  	259.293  	237.676  	
-0.3660  	-0.3385  	-1.3332  	-0.4841  	0.07390  	-0.8376  	0.56205  	-0.6947  	-0.1392  	-0.4194  	-0.8407  	1.06454  	0.43911  	0.67779  	-0.2124  	0.52182  	-0.5256  	0.50540  	0.50436  	0.82977  	0.05137  	0.35954  	-0.9800  	0.77170  	0.24935  	-0.0001  	-0.0845  	0.34783  	0.04650  	0.17298  	0.01779  	0.20400  	-0.1936  	-0.1061  	0.10354  	0.18098  	-0.6525  	-0.0952  	-0.3102  	-0.4175  	0.42699  	-0.0128  	-0.1542  	0.72769  	0.39243  	-0.1270  	-0.0320  	0.00085  	0.02434  	-0.1502  	-0.0991  	-0.0498  	0.04348  	-0.0241  	-0.0430  	0.03618  	0.01272  	0.02831  	0.01463  	-0.0054  	-0.0661  	-0.0033  	0.17891  	0.02359  	0.09859  	-0.0241  	0.00164  	-0.0087  	-0.0133  	-0.2558  	0.46675  	259.293  	237.676  	
-0.2495  	-0.2980  	-1.2275  	-0.4642  	0.08215  	-0.7610  	0.50736  	-0.5982  	-0.1145  	-0.4929  	-0.7710  	1.09478  	0.43240  	0.67353  	-0.0719  	0.60640  	-0.5040  	0.42511  	0.52050  	0.81743  	0.18727  	0.36390  	-0.8892  	0.81741  	0.13311  	-0.0063  	0.01221  	0.22001  	-0.0942  	0.14366  	0.02573  	0.22103  	-0.1745  	-0.1217  	0.17143  	0.09929  	-0.5499  	-0.0504  	-0.3637  	-0.4203  	0.40652  	-0.0099  	-0.1667  	0.71814  	0.37593  	-0.1253  	-0.0195  	0.01146  	0.03628  	-0.1547  	-0.0990  	-0.0452  	0.04294  	-0.0224  	-0.0443  	0.03858  	0.00468  	0.02157  	0.02169  	-0.0071  	-0.0610  	0.01168  	0.17694  	0.02608  	0.10048  	-0.0249  	0.00083  	-0.0093  	-0.0145  	-0.2461  	0.46675  	259.293  	237.676  	
0.32264  	-0.0537  	-0.8668  	-0.0670  	0.23004  	-0.4409  	0.57984  	-0.4348  	-0.0217  	-0.4980  	-1.1069  	1.12431  	0.60861  	1.12870  	0.40494  	0.66578  	-0.5254  	0.36928  	0.50240  	0.68798  	0.32605  	0.47377  	-0.9146  	0.89192  	0.12948  	-0.0369  	0.08309  	0.03471  	-0.1670  	0.18584  	0.04173  	0.26342  	-0.1047  	-0.1092  	0.26962  	-0.0242  	-0.4882  	-0.0866  	-0.3539  	-0.3874  	0.37748  	0.00205  	-0.1350  	0.74617  	0.36419  	-0.1302  	-0.0314  	0.03901  	0.06444  	-0.1533  	-0.0988  	-0.0513  	0.03857  	-0.0189  	-0.0503  	0.06115  	-0.0046  	0.01751  	0.00433  	0.00302  	-0.0537  	0.03344  	0.16724  	0.01432  	0.10194  	-0.0259  	0.00051  	-0.0098  	-0.0150  	-0.2483  	0.46675  	259.293  	237.676  	
0.45711  	-0.0728  	-0.8282  	-0.0381  	0.21027  	-0.4408  	0.59260  	-0.3892  	-0.0137  	-0.4788  	-1.1050  	1.08678  	0.64773  	1.15292  	0.25382  	0.69058  	-0.5381  	0.34965  	0.51784  	0.66206  	0.27367  	0.46827  	-0.8854  	0.79497  	0.21244  	-0.0422  	0.08871  	0.01939  	-0.1032  	0.21704  	0.03454  	0.23018  	-0.1077  	-0.0868  	0.23738  	0.00082  	-0.5072  	-0.0804  	-0.2937  	-0.4138  	0.37113  	-0.0020  	-0.1040  	0.75857  	0.36307  	-0.1293  	-0.0445  	0.06208  	0.07849  	-0.1617  	-0.0896  	-0.0529  	0.04172  	-0.0230  	-0.0440  	0.06299  	-0.0103  	0.02277  	0.00531  	-0.0094  	-0.0546  	0.02374  	0.17445  	0.00945  	0.10232  	-0.0261  	0.00068  	-0.0102  	-0.0158  	-0.2494  	0.46675  	259.293  	237.676  	
0.27990  	-0.0575  	-0.8191  	-0.2378  	0.12776  	-0.4665  	0.67167  	-0.3980  	-0.0055  	-0.4005  	-0.9356  	1.13721  	0.52680  	1.00250  	0.04059  	0.75959  	-0.5454  	0.43078  	0.54586  	0.77542  	0.32408  	0.41063  	-0.9570  	0.80277  	0.21408  	-0.0415  	0.04164  	0.14782  	-0.0870  	0.16848  	0.00454  	0.25189  	-0.1052  	-0.1182  	0.19805  	0.05032  	-0.4898  	-0.0630  	-0.3140  	-0.4197  	0.41574  	-0.0250  	-0.1100  	0.75296  	0.36937  	-0.1333  	-0.0332  	0.05362  	0.06258  	-0.1621  	-0.0921  	-0.0551  	0.04027  	-0.0201  	-0.0442  	0.05129  	-0.0002  	0.01718  	0.01189  	-0.0035  	-0.0641  	0.01476  	0.18532  	0.01447  	0.10180  	-0.0266  	0.00100  	-0.0106  	-0.0165  	-0.2454  	0.46675  	259.293  	237.676  	
-0.0878  	-0.1940  	-1.1358  	-0.2082  	0.19184  	-0.6253  	0.56335  	-0.5419  	-0.0779  	-0.4887  	-0.9102  	1.09065  	0.46826  	0.84707  	-0.0212  	0.61959  	-0.5537  	0.42952  	0.50076  	0.77107  	0.18414  	0.41949  	-1.0033  	0.86091  	0.20211  	-0.0295  	0.04614  	0.19750  	-0.0591  	0.18879  	0.00873  	0.24408  	-0.1432  	-0.1118  	0.19589  	0.08888  	-0.5460  	-0.0766  	-0.3533  	-0.3926  	0.39099  	-0.0022  	-0.1450  	0.74435  	0.36591  	-0.1352  	-0.0219  	0.00351  	0.04600  	-0.1631  	-0.0937  	-0.0547  	0.04244  	-0.0226  	-0.0473  	0.04195  	0.00748  	0.02504  	0.01030  	-0.0057  	-0.0688  	0.01116  	0.17302  	0.02647  	0.09932  	-0.0264  	0.00122  	-0.0109  	-0.0161  	-0.2574  	0.46675  	259.293  	237.676  	
-0.1545  	-0.2465  	-1.1776  	-0.3031  	0.14440  	-0.6651  	0.53350  	-0.6271  	-0.0969  	-0.4677  	-0.8628  	1.07682  	0.43133  	0.69925  	-0.0706  	0.70654  	-0.5608  	0.42250  	0.51880  	0.76296  	0.10459  	0.40041  	-0.9838  	0.80114  	0.19935  	-0.0205  	-0.0031  	0.26328  	-0.0171  	0.18836  	0.01801  	0.25073  	-0.1672  	-0.1059  	0.15079  	0.13849  	-0.5790  	-0.0779  	-0.3577  	-0.4102  	0.40912  	0.00349  	-0.1442  	0.72294  	0.37302  	-0.1257  	-0.0300  	0.01561  	0.03461  	-0.1522  	-0.0925  	-0.0525  	0.04578  	-0.0253  	-0.0416  	0.04711  	0.00512  	0.02596  	0.01041  	-0.0128  	-0.0623  	0.00410  	0.17775  	0.02838  	0.09700  	-0.0274  	0.00147  	-0.0110  	-0.0150  	-0.2728  	0.46675  	259.293  	237.676  	
0.10241  	-0.1887  	-1.0758  	-0.1563  	0.27192  	-0.5961  	0.58222  	-0.6383  	-0.1011  	-0.3740  	-0.9115  	1.15793  	0.45431  	0.70993  	-0.1238  	0.83140  	-0.5863  	0.47410  	0.51872  	0.83060  	0.07789  	0.38240  	-1.0747  	0.81707  	0.16152  	-0.0449  	-0.0043  	0.31799  	0.00753  	0.19185  	-0.0320  	0.26511  	-0.1531  	-0.1040  	0.19376  	0.18047  	-0.6081  	-0.0960  	-0.3543  	-0.3353  	0.41824  	-0.0089  	-0.1379  	0.75272  	0.38283  	-0.1318  	-0.0390  	0.01996  	0.05560  	-0.1571  	-0.0820  	-0.0569  	0.04534  	-0.0285  	-0.0438  	0.04643  	0.01458  	0.03014  	0.01609  	-0.0006  	-0.0755  	0.00958  	0.17624  	0.01762  	0.09388  	-0.0284  	0.00109  	-0.0113  	-0.0144  	-0.2731  	0.46675  	259.293  	237.676  	
0.24929  	-0.1794  	-0.9255  	0.06869  	0.33920  	-0.5457  	0.57494  	-0.5263  	-0.1205  	-0.3583  	-0.8854  	1.22067  	0.47002  	0.76500  	-0.0898  	0.92216  	-0.6382  	0.45461  	0.54662  	0.88259  	0.11033  	0.41649  	-1.1266  	0.88867  	0.26631  	-0.0795  	0.09486  	0.27461  	-0.0497  	0.17398  	-0.0552  	0.27060  	-0.1532  	-0.1241  	0.22442  	0.16435  	-0.5907  	-0.1020  	-0.3110  	-0.3619  	0.37013  	0.01595  	-0.1330  	0.73870  	0.36992  	-0.1338  	-0.0371  	0.04392  	0.06889  	-0.1735  	-0.0781  	-0.0608  	0.04877  	-0.0266  	-0.0445  	0.04237  	0.01819  	0.02484  	0.00907  	0.00063  	-0.0682  	0.01234  	0.18132  	0.02482  	0.09204  	-0.0296  	0.00069  	-0.0113  	-0.0142  	-0.2833  	0.46675  	259.293  	237.676  	
0.43121  	-0.0907  	-0.9009  	0.02346  	0.32965  	-0.5336  	0.63887  	-0.4371  	-0.0364  	-0.4245  	-0.8886  	1.20657  	0.51434  	0.88757  	-0.0054  	0.89349  	-0.6273  	0.42675  	0.52666  	0.87729  	0.21217  	0.44442  	-1.1055  	0.79393  	0.33103  	-0.0806  	0.06141  	0.21448  	-0.0516  	0.20988  	-0.0303  	0.25083  	-0.1560  	-0.1175  	0.26898  	0.11770  	-0.5294  	-0.0803  	-0.3197  	-0.4009  	0.35406  	0.01022  	-0.1078  	0.75372  	0.35814  	-0.1392  	-0.0454  	0.04649  	0.07505  	-0.1623  	-0.0645  	-0.0561  	0.05554  	-0.0160  	-0.0446  	0.06940  	0.00600  	0.01450  	0.01532  	0.00690  	-0.0693  	0.02037  	0.18460  	0.01762  	0.09089  	-0.0297  	0.00081  	-0.0113  	-0.0138  	-0.2900  	0.46675  	259.293  	237.676  	
0.25220  	-0.1104  	-0.9760  	0.12911  	0.39161  	-0.5019  	0.57475  	-0.5707  	-0.0623  	-0.3940  	-1.0470  	1.22560  	0.54147  	0.93654  	0.01040  	0.77084  	-0.5930  	0.41884  	0.52027  	0.80842  	0.12533  	0.45548  	-1.0850  	0.80187  	0.37791  	-0.0716  	0.04457  	0.26722  	0.02677  	0.28276  	-0.0455  	0.22555  	-0.1750  	-0.1039  	0.16633  	0.10272  	-0.6020  	-0.1262  	-0.2424  	-0.3772  	0.37544  	0.00389  	-0.1047  	0.73581  	0.37709  	-0.1273  	-0.0513  	0.05395  	0.06011  	-0.1646  	-0.0741  	-0.0522  	0.05231  	-0.0215  	-0.0526  	0.05664  	0.01419  	0.01786  	0.01164  	0.00287  	-0.0718  	-0.0135  	0.17320  	0.02022  	0.09101  	-0.0307  	0.00047  	-0.0113  	-0.0134  	-0.2853  	0.46675  	259.293  	237.676  	
0.02078  	-0.1823  	-1.1001  	-0.0096  	0.28284  	-0.5594  	0.56202  	-0.5729  	-0.0872  	-0.5235  	-1.0355  	1.17591  	0.46244  	0.86183  	0.09975  	0.66566  	-0.5083  	0.46047  	0.55429  	0.76348  	0.14743  	0.40791  	-0.9783  	0.82259  	0.23059  	-0.0383  	0.04170  	0.26124  	0.03794  	0.22557  	-0.0323  	0.26658  	-0.1290  	-0.1072  	0.14036  	0.06993  	-0.5630  	-0.0847  	-0.3220  	-0.3950  	0.37104  	-0.0333  	-0.1326  	0.75595  	0.37648  	-0.1239  	-0.0273  	0.03514  	0.05586  	-0.1617  	-0.0908  	-0.0563  	0.04371  	-0.0264  	-0.0402  	0.05812  	-0.0004  	0.01446  	0.00905  	-0.0048  	-0.0659  	0.00216  	0.16002  	0.01969  	0.09236  	-0.0311  	-0.0001  	-0.0112  	-0.0144  	-0.2742  	0.46675  	259.293  	237.676  	
0.13571  	-0.1289  	-1.0563  	-0.0223  	0.29897  	-0.5812  	0.56398  	-0.5236  	-0.0508  	-0.4997  	-1.0978  	1.12479  	0.57366  	0.93800  	0.31054  	0.66596  	-0.5382  	0.36482  	0.49609  	0.72290  	0.17965  	0.44206  	-0.9631  	0.86797  	0.17382  	-0.0156  	0.06221  	0.10915  	-0.1011  	0.20564  	-0.0037  	0.23634  	-0.1382  	-0.1013  	0.25905  	0.00347  	-0.4999  	-0.0887  	-0.3454  	-0.3826  	0.36589  	0.02126  	-0.1476  	0.72658  	0.36140  	-0.1198  	-0.0350  	0.03628  	0.04758  	-0.1476  	-0.0978  	-0.0531  	0.03617  	-0.0257  	-0.0442  	0.05234  	0.00186  	0.02853  	0.01848  	-0.0100  	-0.0523  	0.01556  	0.17204  	0.01390  	0.09477  	-0.0312  	-0.0006  	-0.0114  	-0.0154  	-0.2589  	0.46675  	259.293  	237.676  	
0.49772  	-0.0319  	-0.7837  	0.11942  	0.29081  	-0.3423  	0.61924  	-0.3928  	0.00862  	-0.4154  	-1.2785  	0.97751  	0.68720  	1.25683  	0.44755  	0.61360  	-0.5310  	0.38408  	0.50712  	0.67931  	0.23646  	0.50718  	-0.9487  	0.78958  	0.33352  	-0.0619  	0.09948  	0.08115  	0.02995  	0.26506  	-0.0160  	0.23722  	-0.1571  	-0.1081  	0.18439  	0.02072  	-0.5985  	-0.0993  	-0.2677  	-0.3361  	0.37219  	0.00815  	-0.1041  	0.74968  	0.35896  	-0.1232  	-0.0529  	0.07493  	0.09009  	-0.1585  	-0.0857  	-0.0535  	0.04258  	-0.0296  	-0.0459  	0.06916  	-0.0107  	0.02199  	0.00851  	0.00531  	-0.0642  	0.01827  	0.16618  	0.00903  	0.09686  	-0.0290  	-0.0009  	-0.0114  	-0.0159  	-0.2589  	0.46675  	259.293  	237.676  	
0.33548  	-0.0494  	-0.9734  	0.08667  	0.38502  	-0.5173  	0.68849  	-0.4351  	-0.0412  	-0.3930  	-1.3011  	0.93526  	0.72219  	1.43508  	0.40920  	0.45833  	-0.5495  	0.37134  	0.50627  	0.62992  	0.16402  	0.52171  	-1.0334  	0.85067  	0.37929  	-0.1124  	0.22933  	0.02617  	0.03751  	0.28735  	0.01284  	0.20999  	-0.1531  	-0.1111  	0.30673  	0.04223  	-0.5916  	-0.1441  	-0.3043  	-0.2988  	0.30614  	0.01761  	-0.1460  	0.75855  	0.37105  	-0.1301  	-0.0404  	0.05531  	0.08259  	-0.1552  	-0.0770  	-0.0541  	0.03474  	-0.0350  	-0.0423  	0.06996  	-0.0091  	0.01679  	0.00976  	0.00781  	-0.0626  	0.04010  	0.16741  	0.01030  	0.09804  	-0.0270  	-0.0003  	-0.0115  	-0.0158  	-0.2724  	0.46675  	259.293  	237.676  	
-0.1692  	-0.2071  	-1.3461  	-0.2921  	0.26442  	-0.9473  	0.60350  	-0.5674  	-0.0645  	-0.3711  	-0.8223  	1.16715  	0.54336  	0.98938  	0.12699  	0.47674  	-0.5800  	0.43466  	0.47726  	0.84836  	0.22084  	0.39743  	-1.0532  	0.93576  	0.06107  	-0.0136  	-0.0346  	0.16457  	-0.1537  	0.15551  	0.02932  	0.22214  	-0.0886  	-0.0883  	0.31691  	0.00953  	-0.5556  	-0.1232  	-0.3479  	-0.3470  	0.32834  	0.02658  	-0.1794  	0.70736  	0.37489  	-0.1329  	-0.0211  	0.00301  	0.04972  	-0.1395  	-0.0869  	-0.0495  	0.02872  	-0.0142  	-0.0533  	0.04021  	-0.0122  	0.01986  	0.01209  	-0.0088  	-0.0681  	0.02216  	0.15257  	0.01682  	0.09691  	-0.0246  	3.81048  	-0.0110  	-0.0161  	-0.2701  	0.46675  	259.293  	237.676  	
-0.5286  	-0.3176  	-1.3454  	-0.7323  	0.09925  	-1.0403  	0.57487  	-0.7123  	-0.0911  	-0.3388  	-0.5636  	1.07365  	0.39076  	0.62768  	-0.2754  	0.52160  	-0.5603  	0.41753  	0.46972  	0.92342  	0.21030  	0.33784  	-1.0146  	0.85543  	0.03272  	0.01591  	-0.0875  	0.24059  	-0.1573  	0.08535  	0.03742  	0.20176  	-0.0983  	-0.0915  	0.23008  	0.06832  	-0.5261  	-0.0765  	-0.3813  	-0.3707  	0.39774  	0.01499  	-0.1763  	0.70501  	0.37634  	-0.1302  	-0.0076  	0.00616  	0.03319  	-0.1427  	-0.0942  	-0.0437  	0.02791  	-0.0041  	-0.0437  	0.04475  	-0.0029  	0.02033  	0.00289  	-0.0076  	-0.0632  	0.01489  	0.17497  	0.01899  	0.09316  	-0.0234  	0.00049  	-0.0105  	-0.0171  	-0.2560  	0.46675  	259.293  	237.676  	
-0.5858  	-0.3634  	-1.4010  	-0.5524  	0.10237  	-1.1162  	0.54021  	-0.6615  	-0.1003  	-0.3214  	-0.5708  	1.17100  	0.42476  	0.68175  	-0.2214  	0.53881  	-0.5455  	0.46696  	0.49754  	0.88161  	0.11867  	0.33121  	-0.9982  	0.81023  	0.11537  	0.01102  	-0.1679  	0.28733  	-0.0566  	0.12737  	0.03671  	0.18589  	-0.1282  	-0.1073  	0.10408  	0.07740  	-0.6280  	-0.0976  	-0.3112  	-0.4205  	0.40735  	0.01101  	-0.1689  	0.70634  	0.38844  	-0.1319  	-0.0189  	0.00266  	0.02901  	-0.1506  	-0.1034  	-0.0513  	0.03735  	-0.0208  	-0.0488  	0.04017  	0.00308  	0.01888  	0.00694  	-0.0075  	-0.0551  	0.02003  	0.17665  	0.02488  	0.08849  	-0.0219  	0.00096  	-0.0095  	-0.0164  	-0.2588  	0.46675  	259.293  	237.676  	
-0.1698  	-0.1702  	-1.0970  	-0.2359  	0.27144  	-0.8335  	0.51768  	-0.4759  	-0.0417  	-0.4524  	-0.8402  	1.29650  	0.55413  	1.01442  	0.16356  	0.64212  	-0.5472  	0.43389  	0.51318  	0.85305  	0.24635  	0.29446  	-1.0019  	0.87176  	-0.0469  	0.00685  	-0.0606  	0.27709  	-0.1721  	0.14217  	0.07052  	0.21391  	-0.0818  	-0.1180  	0.18025  	-0.0402  	-0.6115  	-0.1066  	-0.2945  	-0.3527  	0.40509  	-0.0082  	-0.1623  	0.69946  	0.38778  	-0.1254  	-0.0307  	0.02201  	0.03455  	-0.1460  	-0.0969  	-0.0520  	0.02750  	-0.0297  	-0.0594  	0.04652  	-0.0101  	0.00526  	0.01200  	-0.0049  	-0.0528  	0.03220  	0.15849  	0.01556  	0.08568  	-0.0211  	0.00157  	-0.0083  	-0.0147  	-0.2670  	0.46675  	259.293  	237.676  	
0.35498  	-0.0567  	-0.8483  	-0.0591  	0.23949  	-0.4767  	0.59388  	-0.4540  	-0.0187  	-0.4437  	-1.2511  	1.14866  	0.68594  	1.28844  	0.49246  	0.52224  	-0.4851  	0.38671  	0.47355  	0.63514  	0.16765  	0.46975  	-0.9156  	0.89940  	0.12156  	-0.0183  	0.03299  	0.06932  	-0.0791  	0.21283  	0.05940  	0.21728  	-0.0943  	-0.0975  	0.16672  	-0.0514  	-0.5776  	-0.1009  	-0.3122  	-0.3423  	0.40446  	-0.0155  	-0.1078  	0.75061  	0.35598  	-0.1244  	-0.0308  	0.05649  	0.06461  	-0.1574  	-0.1118  	-0.0530  	0.03553  	-0.0251  	-0.0587  	0.05491  	-0.0173  	0.01157  	0.00994  	-0.0055  	-0.0508  	0.04007  	0.16211  	0.01618  	0.08413  	-0.0197  	0.00187  	-0.0071  	-0.0133  	-0.2606  	0.46675  	259.293  	237.676  	
0.53292  	-0.0479  	-0.7628  	0.06721  	0.27521  	-0.3662  	0.65829  	-0.4584  	0.01268  	-0.3728  	-1.4688  	0.96100  	0.77976  	1.36174  	0.58098  	0.43719  	-0.5018  	0.29744  	0.49361  	0.57223  	0.12495  	0.56192  	-0.8261  	0.78137  	0.26507  	-0.0408  	0.11851  	0.04235  	0.04458  	0.27127  	0.03198  	0.20620  	-0.1322  	-0.0769  	0.14035  	-0.0188  	-0.6001  	-0.1102  	-0.2579  	-0.3772  	0.39917  	-0.0069  	-0.0840  	0.76116  	0.36357  	-0.1287  	-0.0539  	0.09057  	0.09461  	-0.1650  	-0.0945  	-0.0505  	0.03955  	-0.0277  	-0.0497  	0.07307  	-0.0155  	0.01628  	0.00528  	-0.0018  	-0.0512  	0.01952  	0.16748  	0.00897  	0.08515  	-0.0190  	0.00250  	-0.0057  	-0.0118  	-0.2743  	0.46675  	259.293  	237.676  	
0.35022  	-0.0395  	-0.9115  	-0.0919  	0.25609  	-0.5920  	0.71512  	-0.5477  	-0.0692  	-0.2953  	-1.4165  	0.76877  	0.69206  	1.17119  	0.44374  	0.29635  	-0.4749  	0.25157  	0.51624  	0.54124  	0.16291  	0.58482  	-0.8383  	0.88729  	0.45908  	-0.0569  	0.39300  	-0.0427  	0.01493  	0.30592  	0.01169  	0.22105  	-0.2209  	-0.1139  	0.19676  	0.04016  	-0.5431  	-0.1075  	-0.2530  	-0.3454  	0.34352  	0.01544  	-0.1193  	0.75695  	0.36464  	-0.1312  	-0.0682  	0.08012  	0.07965  	-0.1610  	-0.0923  	-0.0479  	0.03602  	-0.0190  	-0.0441  	0.05721  	-0.0110  	0.01202  	0.01030  	-0.0008  	-0.0548  	0.02004  	0.17513  	0.01593  	0.08769  	-0.0173  	0.00334  	-0.0043  	-0.0102  	-0.2832  	0.46675  	259.293  	237.676  	
0.01453  	-0.1334  	-1.0221  	-0.2409  	0.15463  	-0.5828  	0.56539  	-0.4837  	-0.0747  	-0.5535  	-0.8821  	1.09226  	0.46909  	0.83615  	0.09592  	0.59950  	-0.4977  	0.29867  	0.58135  	0.70432  	0.38393  	0.46023  	-0.8545  	0.90168  	0.13068  	-0.0199  	0.10823  	0.00770  	-0.2407  	0.13439  	0.03087  	0.24055  	-0.1486  	-0.1230  	0.23514  	-0.0178  	-0.3928  	-0.0504  	-0.4039  	-0.4224  	0.39483  	-0.0054  	-0.1496  	0.76261  	0.37083  	-0.1316  	-0.0328  	0.01254  	0.03863  	-0.1318  	-0.1071  	-0.0479  	0.03655  	-0.0214  	-0.0545  	0.03440  	-0.0017  	0.02318  	0.00385  	-0.0050  	-0.0671  	0.01733  	0.17584  	0.02145  	0.09149  	-0.0164  	0.00365  	-0.0033  	-0.0091  	-0.2854  	0.46675  	259.293  	237.676  	
-0.0508  	-0.2351  	-1.1192  	-0.3063  	0.11803  	-0.6228  	0.54661  	-0.6082  	-0.0890  	-0.4997  	-0.8837  	1.10917  	0.41174  	0.66880  	-0.0227  	0.72827  	-0.5345  	0.45412  	0.52973  	0.79313  	0.13171  	0.39142  	-0.9432  	0.80286  	0.15402  	-0.0232  	-0.0032  	0.22834  	-0.0569  	0.16706  	0.00987  	0.25864  	-0.1558  	-0.1003  	0.16976  	0.10179  	-0.5485  	-0.0495  	-0.3521  	-0.4038  	0.43329  	-0.0059  	-0.1375  	0.72858  	0.36099  	-0.1197  	-0.0217  	0.01991  	0.03621  	-0.1470  	-0.0922  	-0.0491  	0.04081  	-0.0261  	-0.0475  	0.04540  	0.00190  	0.02441  	0.00567  	-0.0085  	-0.0607  	0.00552  	0.17509  	0.02001  	0.09615  	-0.0145  	0.00420  	-0.0028  	-0.0088  	-0.2921  	0.46675  	259.293  	237.676  	
0.05391  	-0.2108  	-1.0776  	-0.2368  	0.19777  	-0.6480  	0.62027  	-0.6523  	-0.0636  	-0.3511  	-0.8975  	1.13952  	0.43056  	0.66867  	-0.1185  	0.79083  	-0.5873  	0.51343  	0.49672  	0.84598  	-0.0057  	0.35363  	-1.0325  	0.71424  	0.14033  	-0.0217  	-0.1067  	0.42998  	0.07127  	0.19071  	0.01302  	0.24118  	-0.1558  	-0.0853  	0.12712  	0.16828  	-0.6618  	-0.1083  	-0.2914  	-0.3575  	0.45390  	-0.0185  	-0.1207  	0.76239  	0.36754  	-0.1303  	-0.0351  	0.02749  	0.04760  	-0.1512  	-0.0827  	-0.0505  	0.05036  	-0.0243  	-0.0379  	0.04309  	0.01026  	0.02475  	0.01212  	-0.0048  	-0.0643  	0.00991  	0.17738  	0.02754  	0.10084  	-0.0129  	0.00510  	-0.0031  	-0.0088  	-0.2907  	0.46675  	259.293  	237.676  	
0.06984  	-0.1990  	-1.0273  	-0.2741  	0.15690  	-0.7155  	0.60955  	-0.6797  	-0.0918  	-0.3599  	-0.8774  	1.08172  	0.46719  	0.68115  	-0.2267  	0.79717  	-0.6113  	0.56305  	0.48573  	0.92891  	-0.0541  	0.36389  	-1.0846  	0.69010  	0.17832  	-0.0217  	-0.1795  	0.44658  	0.12508  	0.18088  	0.02046  	0.22518  	-0.1483  	-0.0783  	0.07751  	0.22116  	-0.6907  	-0.1113  	-0.2951  	-0.3466  	0.43567  	-0.0285  	-0.1174  	0.73115  	0.37174  	-0.1298  	-0.0310  	0.04086  	0.05051  	-0.1582  	-0.0766  	-0.0548  	0.04907  	-0.0327  	-0.0395  	0.04013  	0.01286  	0.02527  	0.01261  	-0.0038  	-0.0609  	-0.0031  	0.18468  	0.02858  	0.10388  	-0.0103  	0.00618  	-0.0034  	-0.0081  	-0.3113  	0.46675  	259.293  	237.676  	
-0.1822  	-0.2159  	-1.2039  	-0.2599  	0.16569  	-0.8291  	0.59627  	-0.6655  	-0.1158  	-0.3645  	-0.8543  	1.11904  	0.48083  	0.75091  	-0.2811  	0.69266  	-0.6121  	0.52364  	0.50125  	0.90407  	-0.0252  	0.38854  	-1.1094  	0.73346  	0.22045  	-0.0319  	-0.1362  	0.41691  	0.16443  	0.20165  	0.01384  	0.21354  	-0.1645  	-0.0970  	0.11312  	0.24729  	-0.7167  	-0.1072  	-0.2703  	-0.3589  	0.44791  	0.00017  	-0.1403  	0.71558  	0.37415  	-0.1347  	-0.0352  	0.04031  	0.03917  	-0.1718  	-0.0782  	-0.0434  	0.05145  	-0.0314  	-0.0349  	0.04482  	0.01141  	0.02528  	0.02090  	-0.0051  	-0.0560  	0.00952  	0.17702  	0.02091  	0.10627  	-0.0097  	0.00731  	-0.0039  	-0.0074  	-0.3332  	0.46675  	259.293  	237.676  	
-0.4591  	-0.2962  	-1.4240  	-0.2788  	0.30267  	-1.0249  	0.52264  	-0.6202  	-0.0809  	-0.4372  	-0.7280  	1.24083  	0.50800  	0.86098  	-0.0954  	0.52577  	-0.5541  	0.49759  	0.52395  	0.90909  	0.10479  	0.31625  	-1.0829  	0.77754  	0.11840  	-0.0033  	-0.1865  	0.41247  	0.05243  	0.15510  	0.02401  	0.17023  	-0.1048  	-0.0862  	0.17731  	0.08906  	-0.6511  	-0.1200  	-0.3013  	-0.4410  	0.39519  	-0.0002  	-0.1886  	0.67893  	0.38281  	-0.1283  	-0.0312  	0.01589  	0.04086  	-0.1644  	-0.1026  	-0.0484  	0.04279  	-0.0256  	-0.0493  	0.04419  	0.00437  	0.02477  	0.01243  	-0.0061  	-0.0568  	0.02132  	0.17550  	0.02401  	0.10622  	-0.0099  	0.00745  	-0.0045  	-0.0077  	-0.3284  	0.46675  	259.293  	237.676  	
-0.3584  	-0.3103  	-1.2388  	-0.5707  	0.05667  	-0.8415  	0.54388  	-0.6088  	-0.0856  	-0.4197  	-0.7308  	1.0511  	0.49433  	0.68292  	-0.0969  	0.54793  	-0.5000  	0.43293  	0.50508  	0.85389  	0.16876  	0.33111  	-0.8900  	0.79799  	0.10777  	0.01606  	-0.0971  	0.23494  	-0.0467  	0.15315  	0.04548  	0.19020  	-0.1306  	-0.1003  	0.12044  	0.05662  	-0.5930  	-0.0705  	-0.3490  	-0.4264  	0.44449  	-0.0262  	-0.1496  	0.73484  	0.38909  	-0.1310  	-0.0207  	-0.0042  	0.03117  	-0.1535  	-0.1050  	-0.0474  	0.04090  	-0.0250  	-0.0465  	0.03327  	4.45584  	0.02866  	0.00921  	-0.0103  	-0.0553  	0.02174  	0.18073  	0.02566  	0.10493  	-0.0121  	0.00751  	-0.0053  	-0.0091  	-0.3225  	0.46675  	259.293  	237.676  	
-0.1231  	-0.1931  	-1.0850  	-0.3963  	0.03789  	-0.6617  	0.55465  	-0.5553  	-0.0673  	-0.4463  	-0.8937  	1.05817  	0.46541  	0.74392  	-0.0338  	0.62030  	-0.5052  	0.45887  	0.52302  	0.80954  	0.17655  	0.38554  	-0.8968  	0.73795  	0.08065  	0.00689  	-0.1208  	0.21473  	-0.0661  	0.15241  	0.04792  	0.22015  	-0.0926  	-0.1129  	0.07057  	-0.0012  	-0.5904  	-0.0834  	-0.3012  	-0.3927  	0.48174  	-0.0147  	-0.0976  	0.74515  	0.36451  	-0.1191  	-0.0375  	0.01866  	0.02963  	-0.1427  	-0.1004  	-0.0450  	0.03523  	-0.0251  	-0.0597  	0.04874  	-0.0027  	0.01180  	0.00735  	-0.0097  	-0.0576  	0.02857  	0.16666  	0.02010  	0.10359  	-0.0139  	0.00718  	-0.0060  	-0.0092  	-0.3226  	0.46675  	259.293  	237.676  	
-0.1733  	-0.1612  	-1.2052  	-0.3006  	0.14054  	-0.7021  	0.53754  	-0.6189  	-0.0814  	-0.4240  	-1.0449  	1.12002  	0.48716  	0.66355  	-0.1213  	0.59425  	-0.5693  	0.50142  	0.52488  	0.85921  	-0.0477  	0.40587  	-0.9543  	0.61329  	0.12061  	0.00881  	-0.2157  	0.45376  	0.15191  	0.18015  	0.04550  	0.17915  	-0.1292  	-0.0752  	-0.0398  	0.11786  	-0.7315  	-0.1141  	-0.2290  	-0.3369  	0.51347  	-0.0531  	-0.0819  	0.77407  	0.36022  	-0.1352  	-0.0355  	0.03057  	0.04159  	-0.1562  	-0.1005  	-0.0523  	0.03591  	-0.0228  	-0.0456  	0.03833  	-0.0018  	0.02832  	0.00966  	-0.0125  	-0.0556  	0.01821  	0.17511  	0.02421  	0.10318  	-0.0164  	0.00652  	-0.0070  	-0.0092  	-0.3211  	0.46675  	259.293  	237.676  	
-0.2039  	-0.1919  	-1.1941  	-0.4095  	0.08041  	-0.7156  	0.53091  	-0.6460  	-0.0919  	-0.3953  	-0.9734  	1.13987  	0.47192  	0.65464  	-0.1626  	0.60938  	-0.5707  	0.52676  	0.52041  	0.86568  	-0.0320  	0.41463  	-0.9907  	0.62273  	0.15027  	0.00489  	-0.1911  	0.46162  	0.14343  	0.16147  	0.04444  	0.19943  	-0.1346  	-0.0776  	-0.0103  	0.13351  	-0.7101  	-0.1041  	-0.2430  	-0.3670  	0.52788  	-0.0350  	-0.0882  	0.76711  	0.36717  	-0.1350  	-0.0284  	0.02560  	0.04227  	-0.1590  	-0.1009  	-0.0522  	0.03848  	-0.0193  	-0.0429  	0.03844  	0.00420  	0.02820  	0.00635  	-0.0120  	-0.0487  	0.02178  	0.18031  	0.02730  	0.10274  	-0.0192  	0.00567  	-0.0078  	-0.0098  	-0.3100  	0.46675  	259.293  	237.676  	
-0.3377  	-0.2906  	-1.3129  	-0.3457  	0.16878  	-0.8522  	0.55912  	-0.6693  	-0.1130  	-0.3877  	-0.8164  	1.16894  	0.48469  	0.74522  	-0.1534  	0.57843  	-0.5625  	0.53232  	0.46834  	0.88692  	-0.0382  	0.40389  	-1.0354  	0.76347  	0.16553  	0.01196  	-0.1180  	0.45270  	0.14935  	0.20879  	0.04227  	0.18255  	-0.1383  	-0.0863  	0.07308  	0.15009  	-0.7232  	-0.1327  	-0.2634  	-0.3770  	0.42060  	-0.0004  	-0.1408  	0.71507  	0.37340  	-0.1289  	-0.0262  	0.01577  	0.03730  	-0.1520  	-0.0944  	-0.0497  	0.03900  	-0.0259  	-0.0420  	0.03898  	0.00920  	0.02939  	0.01219  	-0.0053  	-0.0650  	0.01567  	0.17535  	0.02757  	0.10279  	-0.0236  	0.00459  	-0.0085  	-0.0106  	-0.3008  	0.46675  	259.293  	237.676  	
-0.5243  	-0.3422  	-1.4310  	-0.3279  	0.25618  	-1.0188  	0.56303  	-0.6562  	-0.1100  	-0.4234  	-0.7232  	1.19353  	0.47770  	0.73500  	-0.2123  	0.56323  	-0.5755  	0.51170  	0.48411  	0.91189  	0.01662  	0.34298  	-1.0654  	0.77998  	0.09397  	0.01812  	-0.1602  	0.43106  	0.09562  	0.16508  	0.02224  	0.17927  	-0.1346  	-0.0864  	0.13489  	0.13927  	-0.6785  	-0.1243  	-0.2984  	-0.4016  	0.41376  	0.00074  	-0.1744  	0.70350  	0.39308  	-0.1300  	-0.0245  	-0.0001  	0.04335  	-0.1547  	-0.0980  	-0.0528  	0.04195  	-0.0230  	-0.0391  	0.04271  	0.00425  	0.02749  	0.01213  	-0.0051  	-0.0601  	0.02760  	0.17026  	0.02316  	0.10300  	-0.0263  	0.00302  	-0.0089  	-0.0112  	-0.2922  	0.46675  	259.293  	237.676  	
-0.4795  	-0.3133  	-1.4412  	-0.3808  	0.26322  	-1.0720  	0.54710  	-0.6295  	-0.1023  	-0.4011  	-0.6991  	1.23977  	0.46244  	0.73614  	-0.1358  	0.57430  	-0.5723  	0.49468  	0.50991  	0.92297  	0.09717  	0.33761  	-1.0810  	0.75502  	0.09821  	0.02361  	-0.1688  	0.37406  	0.00487  	0.17399  	0.02598  	0.17193  	-0.0849  	-0.0765  	0.14550  	0.09128  	-0.6610  	-0.1050  	-0.3123  	-0.4048  	0.40108  	0.00193  	-0.1877  	0.71235  	0.38927  	-0.1301  	-0.0133  	0.00683  	0.02956  	-0.1510  	-0.0942  	-0.0501  	0.03984  	-0.0194  	-0.0481  	0.03986  	0.00496  	0.02516  	0.00561  	0.00266  	-0.0603  	0.00989  	0.17385  	0.02463  	0.10312  	-0.0291  	0.00156  	-0.0095  	-0.0116  	-0.2920  	0.46675  	259.293  	237.676  	
-0.3547  	-0.2479  	-1.1834  	-0.6051  	-0.0198  	-0.8383  	0.56667  	-0.5964  	-0.1081  	-0.4232  	-0.7356  	1.06578  	0.46836  	0.72352  	-0.1645  	0.56292  	-0.4821  	0.43312  	0.51339  	0.80413  	0.15468  	0.38439  	-0.8997  	0.78791  	0.15770  	0.01542  	-0.0445  	0.20410  	-0.0551  	0.15352  	0.05479  	0.18272  	-0.1539  	-0.1177  	0.08619  	0.07843  	-0.5839  	-0.0891  	-0.3011  	-0.4167  	0.46050  	-0.0295  	-0.1272  	0.71800  	0.38272  	-0.1290  	-0.0295  	0.00416  	0.03034  	-0.1584  	-0.0976  	-0.0513  	0.03556  	-0.0283  	-0.0519  	0.04106  	0.00018  	0.01713  	0.01397  	-0.0006  	-0.0601  	0.02053  	0.17394  	0.02454  	0.10279  	-0.0304  	0.00056  	-0.0099  	-0.0124  	-0.2908  	0.46675  	259.293  	237.676  	
-0.0828  	-0.2174  	-1.0539  	-0.3424  	0.09600  	-0.6635  	0.55069  	-0.5931  	-0.0737  	-0.4179  	-0.9067  	1.11347  	0.43765  	0.62628  	-0.1732  	0.77123  	-0.5349  	0.49796  	0.54484  	0.83680  	0.01328  	0.35876  	-0.9599  	0.72473  	0.14968  	-0.0152  	-0.1295  	0.36761  	0.01653  	0.14974  	0.02261  	0.21228  	-0.1264  	-0.1103  	0.06134  	0.11601  	-0.6391  	-0.0898  	-0.3023  	-0.3554  	0.47132  	-0.0409  	-0.1131  	0.75421  	0.36930  	-0.1317  	-0.0329  	0.03367  	0.04686  	-0.1517  	-0.0787  	-0.0526  	0.03708  	-0.0272  	-0.0449  	0.04954  	0.00711  	0.02058  	0.00870  	-0.0067  	-0.0540  	0.02229  	0.17894  	0.02668  	0.10176  	-0.0319  	-0.0001  	-0.0104  	-0.0133  	-0.2843  	0.46675  	259.293  	237.676  	
0.00441  	-0.1845  	-1.0148  	-0.1932  	0.25681  	-0.7356  	0.58754  	-0.6276  	-0.0818  	-0.2584  	-0.8241  	1.18228  	0.42576  	0.63870  	-0.2025  	0.86709  	-0.6212  	0.51152  	0.50299  	0.92122  	-0.0260  	0.36459  	-1.1194  	0.68553  	0.21149  	-0.0292  	-0.1527  	0.45433  	0.06662  	0.18514  	-0.0083  	0.22843  	-0.1545  	-0.0850  	0.13091  	0.19423  	-0.6778  	-0.1080  	-0.2847  	-0.3668  	0.42708  	-0.0081  	-0.1229  	0.73817  	0.36496  	-0.1285  	-0.0347  	0.03525  	0.04743  	-0.1571  	-0.0776  	-0.0553  	0.04668  	-0.0306  	-0.0417  	0.04358  	0.01553  	0.02666  	0.01197  	-0.0087  	-0.0638  	0.00647  	0.18079  	0.02759  	0.09914  	-0.0319  	-0.0005  	-0.0106  	-0.0131  	-0.2934  	0.46675  	259.293  	237.676  	
0.05480  	-0.2168  	-1.0282  	-0.2084  	0.25814  	-0.6421  	0.60693  	-0.6646  	-0.0840  	-0.3042  	-0.8924  	1.12930  	0.42014  	0.58637  	-0.2500  	0.92063  	-0.6165  	0.50141  	0.52958  	0.85639  	-0.0108  	0.36489  	-1.1167  	0.72818  	0.25852  	-0.0462  	-0.0275  	0.41298  	0.07424  	0.22714  	-0.0083  	0.26227  	-0.1863  	-0.0885  	0.12393  	0.24471  	-0.6429  	-0.0938  	-0.3052  	-0.3478  	0.42108  	0.00310  	-0.1317  	0.75834  	0.36530  	-0.1271  	-0.0391  	0.03603  	0.05160  	-0.1650  	-0.0748  	-0.0541  	0.04827  	-0.0242  	-0.0397  	0.04337  	0.01263  	0.02392  	0.01582  	-0.0079  	-0.0660  	-0.0003  	0.17959  	0.02607  	0.09697  	-0.0329  	-0.0005  	-0.0107  	-0.0123  	-0.3084  	0.46675  	259.293  	237.676  	
-0.0342  	-0.2297  	-1.0915  	-0.2786  	0.18547  	-0.6426  	0.59025  	-0.6704  	-0.1115  	-0.3519  	-0.9237  	1.05517  	0.42157  	0.62103  	-0.1964  	0.82073  	-0.5850  	0.46719  	0.54794  	0.82195  	0.02890  	0.39151  	-1.0493  	0.77610  	0.29311  	-0.0449  	0.01124  	0.36679  	0.04058  	0.22543  	-0.0020  	0.26750  	-0.1974  	-0.1021  	0.12472  	0.22689  	-0.6160  	-0.0858  	-0.3054  	-0.3757  	0.42208  	-0.0025  	-0.1226  	0.76515  	0.37117  	-0.1300  	-0.0336  	0.02459  	0.04928  	-0.1682  	-0.0825  	-0.0544  	0.04988  	-0.0239  	-0.0370  	0.04055  	0.01419  	0.02233  	0.01484  	-0.0048  	-0.0636  	0.00234  	0.18269  	0.02855  	0.09406  	-0.0335  	-0.0006  	-0.0110  	-0.0120  	-0.3049  	0.46675  	259.293  	237.676  	
-0.1522  	-0.2383  	-1.1337  	-0.2515  	0.16399  	-0.6550  	0.56579  	-0.6972  	-0.1526  	-0.4264  	-0.9850  	1.01118  	0.41595  	0.66405  	-0.1150  	0.66868  	-0.5534  	0.41361  	0.52087  	0.78819  	0.05627  	0.39844  	-0.9884  	0.81430  	0.30419  	-0.0341  	0.05079  	0.28759  	0.01050  	0.25207  	-0.0139  	0.26518  	-0.2115  	-0.0879  	0.16600  	0.23080  	-0.5681  	-0.0699  	-0.3404  	-0.4099  	0.42139  	-0.0118  	-0.1475  	0.74811  	0.37351  	-0.1243  	-0.0379  	0.00422  	0.04107  	-0.1535  	-0.0714  	-0.0483  	0.05035  	-0.0211  	-0.0418  	0.03971  	0.01162  	0.03469  	0.01722  	-0.0152  	-0.0711  	0.00162  	0.18457  	0.01920  	0.09193  	-0.0348  	-0.0004  	-0.0112  	-0.0119  	-0.3093  	0.46675  	259.293  	237.676  	
-0.0401  	-0.2205  	-1.0663  	-0.2233  	0.17711  	-0.7075  	0.53817  	-0.6131  	-0.1541  	-0.4334  	-0.8597  	1.07568  	0.49751  	0.55286  	-0.1101  	0.68908  	-0.4625  	0.23023  	0.61812  	0.48644  	0.17009  	0.12319  	-1.3252  	0.78649  	0.17434  	0.06753  	0.02277  	0.17650  	0.05327  	0.20473  	0.13758  	0.21532  	-0.3166  	-0.2910  	0.11121  	0.17392  	-0.6681  	-0.0759  	-0.4872  	-0.5125  	0.49645  	0.15030  	-0.2891  	0.82115  	0.30881  	-0.1048  	-0.0671  	0.02684  	0.02424  	-0.1772  	-0.0683  	-0.0436  	0.05208  	-0.0031  	-0.0366  	0.04439  	0.00899  	0.01369  	0.01953  	-0.0013  	-0.0639  	-0.0026  	0.16369  	0.02258  	0.09016  	-0.0345  	4.71777  	-0.0113  	-0.0114  	-0.3164  	0.46675  	259.293  	237.676  	
0.04473  	-0.1607  	-1.0198  	-0.0795  	0.28267  	-0.6912  	0.51299  	-0.5354  	-0.1625  	-0.4267  	-0.8543  	1.22377  	0.52273  	0.51039  	-0.0919  	0.69587  	-0.3874  	0.05494  	0.70629  	0.27717  	0.18512  	-0.0893  	-1.6506  	0.80294  	0.18264  	0.16125  	0.06070  	0.16904  	0.19966  	0.21109  	0.21523  	0.15990  	-0.4019  	-0.4630  	0.01563  	0.17372  	-0.7981  	-0.0899  	-0.5643  	-0.5819  	0.55202  	0.30461  	-0.3913  	0.91571  	0.25198  	-0.0878  	-0.0936  	0.07881  	0.02580  	-0.1941  	-0.0574  	-0.0456  	0.04915  	0.00980  	-0.0290  	0.04889  	0.01108  	0.00424  	0.02228  	0.01154  	-0.0603  	-0.0071  	0.14739  	0.01973  	0.08993  	-0.0348  	0.00022  	-0.0115  	-0.0110  	-0.3165  	0.46675  	259.293  	237.676  	
0.07676  	-0.1368  	-1.0240  	0.05818  	0.31899  	-0.6668  	0.47798  	-0.4709  	-0.1835  	-0.5027  	-0.9699  	1.19489  	0.54229  	0.63796  	0.06982  	0.58535  	-0.3171  	0.00315  	0.69352  	0.20479  	0.23902  	-0.1230  	-1.6884  	0.82335  	0.19779  	0.18910  	0.10911  	0.08508  	0.25350  	0.23188  	0.22707  	0.12702  	-0.4052  	-0.4939  	0.00635  	0.11545  	-0.8108  	-0.1202  	-0.5528  	-0.5920  	0.52926  	0.32747  	-0.4080  	0.93722  	0.24574  	-0.0755  	-0.1040  	0.08809  	0.01146  	-0.2012  	-0.0607  	-0.0400  	0.05117  	0.01537  	-0.0376  	0.04743  	0.00673  	-0.0006  	0.02206  	0.01885  	-0.0593  	-0.0135  	0.13008  	0.02141  	0.09138  	-0.0346  	0.00021  	-0.0115  	-0.0118  	-0.3081  	0.46675  	259.293  	237.676  	
0.11341  	-0.1442  	-0.9992  	0.18609  	0.35790  	-0.5921  	0.48606  	-0.4566  	-0.1880  	-0.5802  	-1.0662  	1.18003  	0.57057  	0.70902  	0.21889  	0.57793  	-0.3323  	0.02913  	0.66379  	0.20399  	0.29981  	-0.0721  	-1.5684  	0.83132  	0.18814  	0.15722  	0.10063  	0.04286  	0.20673  	0.22348  	0.20280  	0.15181  	-0.3861  	-0.4500  	0.04774  	0.05475  	-0.7688  	-0.0975  	-0.5503  	-0.5623  	0.50274  	0.28462  	-0.3992  	0.93955  	0.24885  	-0.0849  	-0.0979  	0.08067  	0.01742  	-0.1921  	-0.0619  	-0.0434  	0.05135  	0.01445  	-0.0355  	0.05732  	0.00682  	-0.0023  	0.02027  	0.01455  	-0.0558  	-0.0084  	0.13426  	0.01682  	0.09399  	-0.0342  	0.00012  	-0.0118  	-0.0128  	-0.2950  	0.46675  	259.293  	237.676  	
0.12602  	-0.1731  	-0.9957  	0.14217  	0.34148  	-0.6330  	0.49106  	-0.5333  	-0.1677  	-0.4529  	-0.9596  	1.23369  	0.46581  	0.65324  	-0.0287  	0.74922  	-0.4481  	0.22135  	0.62092  	0.47877  	0.17330  	0.18622  	-1.3363  	0.85882  	0.22432  	0.05418  	0.03607  	0.14834  	0.10954  	0.22535  	0.09156  	0.18071  	-0.3084  	-0.3075  	0.09862  	0.13529  	-0.6863  	-0.0959  	-0.4695  	-0.4831  	0.45060  	0.15073  	-0.2764  	0.85448  	0.30066  	-0.1016  	-0.0717  	0.06924  	0.02957  	-0.1845  	-0.0660  	-0.0492  	0.04807  	-0.0071  	-0.0391  	0.05584  	0.01644  	0.01472  	0.01993  	0.01400  	-0.0706  	-0.0038  	0.14784  	0.01846  	0.09687  	-0.0312  	-2.3755  	-0.0118  	-0.0134  	-0.2977  	0.46675  	259.293  	237.676  	
0.12000  	-0.2113  	-1.0856  	0.05535  	0.33039  	-0.6291  	0.57101  	-0.6128  	-0.0928  	-0.3322  	-0.9904  	1.26485  	0.44253  	0.68704  	-0.1820  	0.84264  	-0.5776  	0.49653  	0.54837  	0.83319  	-0.0247  	0.44570  	-1.0774  	0.81296  	0.30418  	-0.0641  	0.00824  	0.35897  	0.07326  	0.23756  	-0.0433  	0.24100  	-0.1944  	-0.1111  	0.12947  	0.20763  	-0.6524  	-0.0981  	-0.3078  	-0.3858  	0.41391  	-0.0015  	-0.1120  	0.75127  	0.37188  	-0.1324  	-0.0423  	0.04807  	0.06524  	-0.1673  	-0.0715  	-0.0572  	0.04511  	-0.0247  	-0.0424  	0.05775  	0.02610  	0.03436  	0.02303  	0.00492  	-0.0741  	0.01220  	0.17172  	0.01964  	0.09953  	-0.0283  	0.00052  	-0.0118  	-0.0137  	-0.3109  	0.46675  	259.293  	237.676  	
-0.0024  	-0.2095  	-1.1499  	-0.1650  	0.25166  	-0.6077  	0.56727  	-0.6953  	-0.1051  	-0.3538  	-0.9950  	1.15248  	0.42287  	0.61757  	-0.2551  	0.78708  	-0.5517  	0.48025  	0.54298  	0.82356  	-0.0190  	0.39588  	-1.0783  	0.77498  	0.36583  	-0.0490  	-0.0072  	0.42198  	0.12468  	0.25459  	-0.0223  	0.24106  	-0.2389  	-0.1055  	0.07220  	0.27028  	-0.6578  	-0.0907  	-0.2796  	-0.3979  	0.41579  	-0.0088  	-0.1214  	0.75708  	0.36801  	-0.1299  	-0.0547  	0.03960  	0.05520  	-0.1658  	-0.0753  	-0.0545  	0.04714  	-0.0195  	-0.0377  	0.05769  	0.01999  	0.03124  	0.02546  	-0.0057  	-0.0684  	-0.0031  	0.18359  	0.02505  	0.10075  	-0.0246  	0.00097  	-0.0115  	-0.0143  	-0.3096  	0.46675  	259.293  	237.676  	
-0.0789  	-0.2310  	-1.1953  	-0.1792  	0.21682  	-0.5700  	0.54819  	-0.6856  	-0.1195  	-0.4566  	-1.0345  	1.10989  	0.43523  	0.66975  	-0.1780  	0.68159  	-0.5317  	0.47663  	0.52701  	0.78259  	0.02543  	0.38414  	-1.0134  	0.80829  	0.34825  	-0.0472  	0.01767  	0.39605  	0.09694  	0.25406  	-0.0185  	0.24018  	-0.2384  	-0.1075  	0.08076  	0.23258  	-0.6489  	-0.0861  	-0.2898  	-0.3907  	0.41910  	-0.0153  	-0.1374  	0.74244  	0.36474  	-0.1250  	-0.0475  	0.02498  	0.03995  	-0.1563  	-0.0785  	-0.0495  	0.04210  	-0.0232  	-0.0372  	0.04992  	0.02142  	0.03524  	0.02443  	-0.0152  	-0.0708  	-0.0077  	0.18380  	0.02318  	0.09905  	-0.0223  	0.00176  	-0.0113  	-0.0152  	-0.2966  	0.46675  	259.293  	237.676  	
-0.1291  	-0.2654  	-1.2578  	-0.1618  	0.25803  	-0.6352  	0.57417  	-0.6489  	-0.1213  	-0.4760  	-0.9500  	1.16094  	0.44735  	0.68165  	-0.1516  	0.68646  	-0.5740  	0.50733  	0.51082  	0.85968  	0.01019  	0.38978  	-0.9946  	0.83839  	0.30113  	-0.0235  	0.01977  	0.39704  	0.03005  	0.22314  	-0.0091  	0.22653  	-0.2084  	-0.1093  	0.13939  	0.20635  	-0.6614  	-0.1064  	-0.2940  	-0.3964  	0.38414  	0.00847  	-0.1550  	0.74159  	0.37922  	-0.1367  	-0.0402  	0.02651  	0.04242  	-0.1631  	-0.0736  	-0.0548  	0.04325  	-0.0308  	-0.0412  	0.05543  	0.02617  	0.03338  	0.01489  	-0.0128  	-0.0696  	-0.0066  	0.18644  	0.03224  	0.09599  	-0.0200  	0.00256  	-0.0105  	-0.0146  	-0.2974  	0.46675  	259.293  	237.676  	
-0.1378  	-0.2149  	-1.3271  	0.07941  	0.43265  	-0.6874  	0.54664  	-0.5639  	-0.1119  	-0.4878  	-0.9857  	1.29437  	0.48221  	0.83329  	0.10299  	0.63063  	-0.5629  	0.51628  	0.50226  	0.90322  	0.03139  	0.41594  	-1.0725  	0.78821  	0.22621  	-0.0382  	-0.0869  	0.49345  	0.14700  	0.21584  	-0.0260  	0.21200  	-0.1297  	-0.1016  	0.12040  	0.13917  	-0.7369  	-0.1470  	-0.2689  	-0.3900  	0.36461  	0.00304  	-0.1667  	0.70911  	0.38787  	-0.1226  	-0.0222  	0.02087  	0.06423  	-0.1818  	-0.0877  	-0.0566  	0.04052  	-0.0297  	-0.0471  	0.03925  	0.01031  	0.02096  	0.02320  	-0.0101  	-0.0664  	0.00246  	0.16466  	0.01581  	0.09412  	-0.0188  	0.00327  	-0.0095  	-0.0130  	-0.3043  	0.46675  	259.293  	237.676  	
-0.0867  	-0.2227  	-1.3341  	0.20707  	0.52468  	-0.6791  	0.53371  	-0.5032  	-0.0515  	-0.4753  	-1.0598  	1.35335  	0.59360  	0.99969  	0.18229  	0.69733  	-0.5837  	0.48181  	0.48695  	0.94981  	0.01730  	0.38758  	-1.1746  	0.72152  	0.26200  	-0.0061  	-0.1125  	0.51358  	0.14925  	0.23452  	-0.0312  	0.18635  	-0.1235  	-0.0683  	0.17698  	0.11618  	-0.7650  	-0.1467  	-0.2250  	-0.3512  	0.33410  	0.02750  	-0.1625  	0.71822  	0.38544  	-0.1370  	-0.0280  	0.02213  	0.05448  	-0.1575  	-0.0894  	-0.0530  	0.04209  	-0.0216  	-0.0442  	0.03411  	0.02052  	0.03362  	0.02305  	-0.0006  	-0.0724  	0.00813  	0.17500  	0.02604  	0.09238  	-0.0174  	0.00355  	-0.0085  	-0.0117  	-0.2918  	0.46675  	259.293  	237.676  	
-0.0269  	-0.1935  	-1.2746  	0.18340  	0.46642  	-0.6457  	0.54060  	-0.4746  	-0.0367  	-0.4967  	-1.0818  	1.35782  	0.61066  	1.07137  	0.30669  	0.66352  	-0.5813  	0.45369  	0.48052  	0.90093  	0.04275  	0.39655  	-1.1257  	0.75615  	0.23300  	-0.0259  	-0.0655  	0.44260  	0.11045  	0.25833  	-0.0250  	0.18157  	-0.1165  	-0.0829  	0.19955  	0.06521  	-0.7033  	-0.1455  	-0.2412  	-0.3367  	0.28523  	0.01566  	-0.1613  	0.72105  	0.39150  	-0.1425  	-0.0254  	0.02191  	0.04778  	-0.1526  	-0.0814  	-0.0515  	0.04134  	-0.0236  	-0.0434  	0.05130  	0.01989  	0.01710  	0.02240  	0.00337  	-0.0663  	0.01386  	0.16756  	0.02057  	0.09213  	-0.0169  	0.00400  	-0.0072  	-0.0103  	-0.2984  	0.46675  	259.293  	237.676  	
0.18624  	-0.0928  	-1.0476  	0.12593  	0.34386  	-0.4776  	0.54015  	-0.4477  	-0.0064  	-0.5314  	-1.1140  	1.21774  	0.61720  	1.07847  	0.44889  	0.66065  	-0.5295  	0.35401  	0.50088  	0.80438  	0.24793  	0.43742  	-0.9616  	0.81697  	0.16840  	-0.0331  	-0.0078  	0.22746  	-0.0362  	0.22892  	-0.0105  	0.20251  	-0.1046  	-0.0862  	0.19682  	-0.0351  	-0.5719  	-0.0965  	-0.3050  	-0.3828  	0.34394  	0.00800  	-0.1501  	0.73363  	0.37913  	-0.1247  	-0.0324  	0.03542  	0.04439  	-0.1550  	-0.0957  	-0.0555  	0.03520  	-0.0247  	-0.0510  	0.05873  	0.00516  	0.02480  	0.01377  	-0.0113  	-0.0610  	0.01832  	0.16731  	0.01712  	0.09250  	-0.0155  	0.00443  	-0.0057  	-0.0087  	-0.3002  	0.46675  	259.293  	237.676  	
0.24216  	-0.0440  	-0.9506  	-0.0014  	0.26350  	-0.5139  	0.51376  	-0.4211  	-0.0143  	-0.5112  	-1.0332  	1.19576  	0.57324  	1.02327  	0.35702  	0.69123  	-0.5244  	0.37004  	0.50681  	0.76646  	0.29819  	0.43682  	-0.9135  	0.78798  	0.11503  	-0.0094  	-0.0279  	0.14839  	-0.0868  	0.19150  	0.03310  	0.19766  	-0.0855  	-0.0840  	0.19829  	-0.0443  	-0.5184  	-0.0679  	-0.3286  	-0.4264  	0.40463  	-0.0022  	-0.1318  	0.75198  	0.37506  	-0.1231  	-0.0305  	0.03952  	0.04805  	-0.1600  	-0.1108  	-0.0528  	0.04354  	-0.0225  	-0.0508  	0.05649  	0.00435  	0.02268  	0.01353  	-0.0053  	-0.0575  	0.02962  	0.16768  	0.01791  	0.09382  	-0.0154  	0.00448  	-0.0045  	-0.0078  	-0.2942  	0.46675  	259.293  	237.676  	
0.04369  	-0.0798  	-1.0582  	-0.2071  	0.16130  	-0.6247  	0.52679  	-0.4345  	-0.0276  	-0.4983  	-0.8788  	1.20885  	0.53779  	0.92471  	0.14492  	0.68275  	-0.5311  	0.44046  	0.50697  	0.77847  	0.29069  	0.39473  	-0.9092  	0.77055  	0.08100  	-0.0267  	-0.0581  	0.18534  	-0.0820  	0.14985  	0.03138  	0.20693  	-0.0985  	-0.0945  	0.18723  	-0.0320  	-0.5296  	-0.0772  	-0.3672  	-0.4077  	0.43683  	-0.0161  	-0.1297  	0.71522  	0.37841  	-0.1214  	-0.0154  	0.02738  	0.04685  	-0.1480  	-0.1015  	-0.0557  	0.03897  	-0.0272  	-0.0554  	0.05174  	-0.0034  	0.02388  	0.00975  	-0.0048  	-0.0569  	0.03007  	0.16592  	0.01521  	0.09600  	-0.0146  	0.00487  	-0.0037  	-0.0078  	-0.2912  	0.46675  	259.293  	237.676  	
-0.1313  	-0.1385  	-1.1293  	-0.3631  	0.08620  	-0.7337  	0.50716  	-0.5284  	-0.0509  	-0.4297  	-0.7951  	1.17005  	0.46374  	0.80911  	-0.0395  	0.69513  	-0.5440  	0.45821  	0.52046  	0.79539  	0.21850  	0.38652  	-0.9332  	0.76154  	0.05487  	-0.0055  	-0.1153  	0.21275  	-0.0758  	0.13672  	0.05813  	0.20161  	-0.1107  	-0.0952  	0.12920  	0.01631  	-0.5590  	-0.0655  	-0.3511  	-0.4103  	0.47014  	-0.0176  	-0.1333  	0.72929  	0.37159  	-0.1237  	-0.0212  	0.00778  	0.03471  	-0.1508  	-0.1144  	-0.0481  	0.03919  	-0.0201  	-0.0487  	0.04292  	-0.0025  	0.02096  	0.00978  	-0.0142  	-0.0519  	0.02394  	0.16935  	0.02334  	0.09838  	-0.0142  	0.00553  	-0.0035  	-0.0082  	-0.2803  	0.46675  	259.293  	237.676  	
-0.2173  	-0.2014  	-1.1809  	-0.4037  	0.07410  	-0.8091  	0.51050  	-0.6061  	-0.0766  	-0.4308  	-0.7515  	1.14591  	0.42116  	0.69451  	-0.1136  	0.65074  	-0.5290  	0.45174  	0.48782  	0.78715  	0.14382  	0.36365  	-0.9251  	0.72052  	0.05887  	0.02338  	-0.1309  	0.30466  	-0.0215  	0.15303  	0.03231  	0.20491  	-0.1358  	-0.1016  	0.09755  	0.06942  	-0.5700  	-0.0597  	-0.3489  	-0.4331  	0.47989  	-0.0059  	-0.1245  	0.72623  	0.38180  	-0.1261  	-0.0231  	-0.0024  	0.03303  	-0.1488  	-0.1110  	-0.0493  	0.04472  	-0.0205  	-0.0508  	0.04193  	0.00175  	0.01950  	0.01356  	-0.0116  	-0.0549  	0.02523  	0.17060  	0.02665  	0.09995  	-0.0128  	0.00640  	-0.0033  	-0.0080  	-0.2946  	0.46675  	259.293  	237.676  	
-0.2826  	-0.2195  	-1.2273  	-0.4067  	0.10163  	-0.8214  	0.50903  	-0.6373  	-0.0980  	-0.4119  	-0.7579  	1.15398  	0.39789  	0.65088  	-0.1203  	0.62007  	-0.5270  	0.46180  	0.47825  	0.78179  	0.12389  	0.35138  	-0.9342  	0.69969  	0.05741  	0.02844  	-0.1322  	0.34717  	0.00637  	0.16515  	0.04353  	0.20722  	-0.1428  	-0.0976  	0.08752  	0.08234  	-0.5997  	-0.0697  	-0.3380  	-0.4350  	0.48103  	-0.0066  	-0.1204  	0.72612  	0.38672  	-0.1304  	-0.0226  	-0.0080  	0.03234  	-0.1462  	-0.1089  	-0.0494  	0.04420  	-0.0204  	-0.0477  	0.04130  	0.00319  	0.02343  	0.01335  	-0.0111  	-0.0588  	0.02543  	0.17638  	0.02706  	0.10167  	-0.0130  	0.00722  	-0.0036  	-0.0077  	-0.3083  	0.46675  	259.293  	237.676  	
-0.2169  	-0.1783  	-1.1676  	-0.3478  	0.12143  	-0.7901  	0.50370  	-0.5862  	-0.0744  	-0.4487  	-0.7620  	1.19178  	0.41947  	0.75438  	-0.0398  	0.65403  	-0.5324  	0.42767  	0.48848  	0.76583  	0.20213  	0.35802  	-0.9447  	0.73618  	0.03009  	0.01930  	-0.1289  	0.28455  	-0.0544  	0.14072  	0.03879  	0.20407  	-0.1169  	-0.0933  	0.14131  	0.02900  	-0.5585  	-0.0667  	-0.3551  	-0.4437  	0.47520  	-0.0054  	-0.1446  	0.72886  	0.37612  	-0.1256  	-0.0248  	-0.0024  	0.02255  	-0.1460  	-0.1134  	-0.0494  	0.04325  	-0.0224  	-0.0478  	0.04369  	-0.0018  	0.02254  	0.00853  	-0.0160  	-0.0513  	0.02502  	0.16989  	0.02447  	0.10143  	-0.0138  	0.00714  	-0.0043  	-0.0082  	-0.3005  	0.46675  	259.293  	237.676  	
0.00910  	-0.0927  	-1.0538  	-0.2276  	0.10979  	-0.6878  	0.50914  	-0.4890  	-0.0345  	-0.4944  	-0.7480  	1.21556  	0.47099  	0.89979  	0.08976  	0.70708  	-0.5346  	0.36776  	0.48542  	0.75707  	0.34130  	0.33848  	-0.9066  	0.77365  	-0.0021  	-0.0053  	-0.0904  	0.15016  	-0.1762  	0.11390  	0.02809  	0.21924  	-0.1082  	-0.0970  	0.21537  	-0.0620  	-0.4788  	-0.0410  	-0.3828  	-0.4498  	0.43854  	-0.0154  	-0.1357  	0.72265  	0.37693  	-0.1277  	-0.0181  	0.00689  	0.02696  	-0.1367  	-0.1099  	-0.0506  	0.04263  	-0.0230  	-0.0536  	0.04528  	-0.0101  	0.01771  	0.00932  	-0.0070  	-0.0510  	0.02681  	0.17554  	0.02074  	0.09978  	-0.0161  	0.00707  	-0.0052  	-0.0095  	-0.2971  	0.46675  	259.293  	237.676  	
0.17721  	-0.0195  	-0.9541  	-0.1701  	0.12966  	-0.5882  	0.53877  	-0.4396  	0.01677  	-0.4753  	-0.7830  	1.21985  	0.52750  	0.99879  	0.08349  	0.76628  	-0.5298  	0.38076  	0.50261  	0.76596  	0.36555  	0.38058  	-0.9099  	0.79515  	0.02718  	0.00033  	-0.0544  	0.12225  	-0.1817  	0.12519  	0.03226  	0.21689  	-0.0715  	-0.1156  	0.23430  	-0.0725  	-0.4891  	-0.0468  	-0.3699  	-0.4407  	0.41639  	-0.0258  	-0.1291  	0.72507  	0.37091  	-0.1229  	-0.0203  	0.01663  	0.03553  	-0.1383  	-0.1034  	-0.0492  	0.03698  	-0.0227  	-0.0495  	0.04914  	-0.0120  	0.02398  	0.00726  	-0.0125  	-0.0573  	0.02962  	0.17549  	0.01969  	0.09845  	-0.0178  	0.00658  	-0.0060  	-0.0099  	-0.2983  	0.46675  	259.293  	237.676  	
0.36981  	-0.0361  	-0.8457  	-0.1277  	0.16204  	-0.4790  	0.62790  	-0.4002  	0.02640  	-0.4041  	-1.0029  	1.09428  	0.59907  	1.15368  	0.16760  	0.67237  	-0.5367  	0.35443  	0.51477  	0.72228  	0.29661  	0.44698  	-0.9217  	0.80176  	0.20901  	-0.0532  	0.09789  	0.08605  	-0.1093  	0.20584  	0.00821  	0.24604  	-0.1028  	-0.1074  	0.22356  	0.00158  	-0.5015  	-0.0514  	-0.3237  	-0.4240  	0.39264  	-0.0191  	-0.0984  	0.75409  	0.35868  	-0.1263  	-0.0391  	0.06768  	0.06822  	-0.1563  	-0.0926  	-0.0502  	0.04424  	-0.0198  	-0.0469  	0.06045  	-0.0089  	0.01225  	0.00982  	0.00441  	-0.0517  	0.01588  	0.17969  	0.02150  	0.09845  	-0.0199  	0.00580  	-0.0069  	-0.0100  	-0.2979  	0.46675  	259.293  	237.676  	
0.07146  	-0.1218  	-1.0651  	-0.1431  	0.25298  	-0.6835  	0.58568  	-0.5380  	-0.0816  	-0.4058  	-0.9708  	1.08776  	0.56350  	1.02879  	0.08248  	0.58179  	-0.5762  	0.43129  	0.51472  	0.76285  	0.23158  	0.45263  	-0.9869  	0.82347  	0.23201  	-0.0251  	0.02423  	0.12724  	-0.0955  	0.18056  	0.02779  	0.22540  	-0.1199  	-0.1101  	0.22302  	0.02284  	-0.5211  	-0.0686  	-0.3557  	-0.3910  	0.40484  	0.00429  	-0.1277  	0.73216  	0.37386  	-0.1206  	-0.0258  	0.04259  	0.04305  	-0.1561  	-0.0909  	-0.0487  	0.04046  	-0.0264  	-0.0515  	0.04871  	-0.0064  	0.02175  	0.00730  	0.00064  	-0.0586  	0.01412  	0.15615  	0.01654  	0.09846  	-0.0219  	0.00489  	-0.0077  	-0.0107  	-0.2863  	0.46675  	259.293  	237.676  	
-0.1858  	-0.1727  	-1.1385  	-0.3638  	0.10946  	-0.7180  	0.55830  	-0.5796  	-0.0897  	-0.4313  	-0.8623  	1.11255  	0.45781  	0.73563  	-0.1340  	0.64070  	-0.5422  	0.46478  	0.52350  	0.81873  	0.13279  	0.37239  	-0.9378  	0.77528  	0.12796  	-0.0187  	-0.0442  	0.25599  	0.01166  	0.16774  	0.03878  	0.20162  	-0.1286  	-0.0841  	0.09987  	0.06693  	-0.5862  	-0.0682  	-0.3012  	-0.3527  	0.44561  	-0.0252  	-0.1269  	0.74445  	0.36870  	-0.1254  	-0.0282  	0.03106  	0.03882  	-0.1575  	-0.0906  	-0.0491  	0.02922  	-0.0175  	-0.0450  	0.04813  	-0.0017  	0.02531  	0.01586  	-0.0035  	-0.0599  	0.01999  	0.17872  	0.01405  	0.09927  	-0.0251  	0.00390  	-0.0084  	-0.0117  	-0.2774  	0.46675  	259.293  	237.676  	
-0.3373  	-0.2806  	-1.1948  	-0.5830  	-0.0136  	-0.7598  	0.54050  	-0.6716  	-0.1384  	-0.4278  	-0.7950  	1.02035  	0.38890  	0.54261  	-0.2971  	0.61551  	-0.4958  	0.49173  	0.51843  	0.77707  	0.03234  	0.38562  	-0.8999  	0.71780  	0.18068  	0.00251  	-0.0794  	0.29589  	0.03800  	0.16114  	0.03977  	0.19651  	-0.1906  	-0.1104  	0.00196  	0.13229  	-0.5893  	-0.0615  	-0.3078  	-0.4182  	0.50279  	-0.0223  	-0.1178  	0.74337  	0.37069  	-0.1360  	-0.0213  	0.00812  	0.03034  	-0.1490  	-0.1057  	-0.0438  	0.04279  	-0.0183  	-0.0434  	0.03358  	0.00510  	0.02432  	0.01202  	-0.0100  	-0.0580  	0.01790  	0.17689  	0.02540  	0.10031  	-0.0270  	0.00267  	-0.0089  	-0.0124  	-0.2678  	0.46675  	259.293  	237.676  	
-0.2878  	-0.2376  	-1.2550  	-0.3850  	0.09079  	-0.7415  	0.48795  	-0.6624  	-0.1335  	-0.4942  	-0.9387  	1.11253  	0.39964  	0.57888  	-0.0857  	0.60119  	-0.4791  	0.47569  	0.52508  	0.76062  	0.04517  	0.41805  	-0.8900  	0.72210  	0.18656  	-0.0058  	-0.0444  	0.32962  	0.06152  	0.19219  	0.03359  	0.20087  	-0.1802  	-0.1039  	0.02773  	0.11830  	-0.6102  	-0.0689  	-0.3105  	-0.3997  	0.46004  	-0.0106  	-0.1240  	0.75680  	0.37473  	-0.1331  	-0.0296  	-0.0002  	0.02911  	-0.1518  	-0.1031  	-0.0516  	0.04058  	-0.0172  	-0.0433  	0.04444  	0.00821  	0.02639  	0.01595  	-0.0095  	-0.0614  	0.01758  	0.17892  	0.02567  	0.10128  	-0.0291  	0.00170  	-0.0094  	-0.0129  	-0.2674  	0.46675  	259.293  	237.676  	
-0.0029  	-0.2017  	-1.1642  	-0.1965  	0.23818  	-0.6524  	0.54879  	-0.6685  	-0.0946  	-0.4430  	-0.9613  	1.16739  	0.46105  	0.68692  	-0.0381  	0.71675  	-0.5560  	0.52643  	0.52391  	0.84817  	0.01400  	0.35844  	-1.0519  	0.71669  	0.19029  	-0.0130  	-0.1284  	0.44178  	0.07217  	0.18753  	0.01724  	0.21581  	-0.1514  	-0.0786  	0.12631  	0.16633  	-0.6564  	-0.1039  	-0.3003  	-0.3834  	0.41720  	-0.0209  	-0.1052  	0.74061  	0.38526  	-0.1317  	-0.0342  	0.01340  	0.04498  	-0.1557  	-0.0802  	-0.0577  	0.04520  	-0.0313  	-0.0440  	0.04528  	0.01278  	0.03131  	0.01520  	-0.0084  	-0.0717  	0.01096  	0.17189  	0.02399  	0.10174  	-0.0300  	0.00110  	-0.0098  	-0.0137  	-0.2649  	0.46675  	259.293  	237.676  	
0.08060  	-0.1956  	-1.0854  	-0.1988  	0.25397  	-0.6399  	0.63149  	-0.6580  	-0.0714  	-0.3617  	-0.9319  	1.15112  	0.46756  	0.68821  	-0.1650  	0.81025  	-0.6037  	0.51452  	0.50459  	0.89599  	-0.0263  	0.35252  	-1.1189  	0.71702  	0.23775  	-0.0440  	-0.0858  	0.48518  	0.09765  	0.20505  	-0.0145  	0.24228  	-0.1612  	-0.0853  	0.12511  	0.20327  	-0.6734  	-0.1237  	-0.3026  	-0.3581  	0.42590  	-0.0093  	-0.1230  	0.73927  	0.37897  	-0.1312  	-0.0375  	0.03637  	0.05732  	-0.1538  	-0.0726  	-0.0573  	0.04568  	-0.0289  	-0.0415  	0.04877  	0.01990  	0.02534  	0.01587  	-0.0068  	-0.0671  	0.00931  	0.17691  	0.02256  	0.10155  	-0.0311  	0.00072  	-0.0103  	-0.0145  	-0.2571  	0.46675  	259.293  	237.676  	
0.13394  	-0.1608  	-1.0504  	-0.1306  	0.22625  	-0.5406  	0.60259  	-0.5992  	-0.0835  	-0.4247  	-0.8616  	1.13574  	0.43817  	0.78122  	-0.0820  	0.79731  	-0.5710  	0.49982  	0.51099  	0.86784  	0.14774  	0.38636  	-1.0757  	0.80001  	0.20068  	-0.0495  	-0.0021  	0.31976  	-0.0371  	0.20342  	-0.0146  	0.25895  	-0.1383  	-0.1077  	0.19311  	0.14231  	-0.5881  	-0.1185  	-0.3310  	-0.3792  	0.38927  	0.01378  	-0.1342  	0.73041  	0.37226  	-0.1221  	-0.0363  	0.03441  	0.05427  	-0.1590  	-0.0714  	-0.0525  	0.04600  	-0.0301  	-0.0444  	0.04803  	0.01481  	0.02524  	0.01668  	-0.0086  	-0.0724  	0.00093  	0.16810  	0.01374  	0.09964  	-0.0310  	0.00040  	-0.0106  	-0.0143  	-0.2660  	0.46675  	259.293  	237.676  	
0.04930  	-0.1738  	-1.0943  	-0.1014  	0.23420  	-0.5841  	0.57253  	-0.6389  	-0.1053  	-0.4839  	-0.9672  	1.13679  	0.46197  	0.79067  	-0.0070  	0.73831  	-0.5535  	0.44979  	0.51412  	0.82812  	0.11698  	0.40814  	-1.0258  	0.82105  	0.25540  	-0.0510  	0.03188  	0.29174  	0.01294  	0.22274  	-0.0140  	0.25511  	-0.1463  	-0.1003  	0.19707  	0.13620  	-0.5843  	-0.0992  	-0.3005  	-0.3837  	0.38292  	0.01383  	-0.1324  	0.72557  	0.37216  	-0.1269  	-0.0408  	0.03849  	0.04495  	-0.1580  	-0.0739  	-0.0528  	0.04093  	-0.0282  	-0.0396  	0.04676  	0.00970  	0.02149  	0.01719  	-0.0073  	-0.0709  	0.00079  	0.16785  	0.02217  	0.09753  	-0.0320  	0.00011  	-0.0107  	-0.0135  	-0.2772  	0.46675  	259.293  	237.676  	
0.17794  	-0.1511  	-1.0490  	0.05858  	0.26450  	-0.5673  	0.53236  	-0.5602  	-0.0904  	-0.5172  	-1.0426  	1.19289  	0.57219  	1.00191  	0.30444  	0.66134  	-0.5174  	0.35129  	0.51446  	0.74008  	0.29337  	0.44837  	-0.9615  	0.93665  	0.18036  	-0.0420  	0.15749  	0.07246  	-0.1861  	0.20563  	-0.0223  	0.26491  	-0.1495  	-0.1046  	0.33698  	0.03476  	-0.4790  	-0.0996  	-0.3761  	-0.3494  	0.30098  	0.03916  	-0.1735  	0.75164  	0.38090  	-0.1264  	-0.0430  	0.02064  	0.04915  	-0.1382  	-0.0844  	-0.0550  	0.03680  	-0.0234  	-0.0498  	0.05193  	-0.0035  	0.02229  	0.01553  	-0.0036  	-0.0701  	0.02654  	0.17789  	0.02141  	0.09416  	-0.0327  	-0.0005  	-0.0111  	-0.0132  	-0.2764  	0.46675  	259.293  	237.676  	
0.43089  	-0.0626  	-0.8024  	-0.0536  	0.20484  	-0.4256  	0.57159  	-0.3684  	0.01175  	-0.4531  	-1.0042  	1.11929  	0.58239  	1.10654  	0.25239  	0.77396  	-0.5291  	0.36937  	0.53653  	0.68923  	0.32578  	0.42258  	-0.9128  	0.80222  	0.17886  	-0.0502  	0.08701  	0.05039  	-0.1504  	0.19793  	0.00164  	0.23707  	-0.1257  	-0.0915  	0.28155  	0.01932  	-0.4943  	-0.0677  	-0.3213  	-0.4232  	0.33390  	-0.0034  	-0.1250  	0.74700  	0.37078  	-0.1267  	-0.0475  	0.05323  	0.06976  	-0.1569  	-0.0881  	-0.0530  	0.04397  	-0.0218  	-0.0459  	0.06500  	-0.0064  	0.02449  	0.01144  	-0.0033  	-0.0561  	0.01800  	0.18079  	0.01149  	0.09140  	-0.0337  	-0.0009  	-0.0112  	-0.0133  	-0.2857  	0.46675  	259.293  	237.676  	
0.36242  	-0.0409  	-0.7852  	-0.2554  	0.14142  	-0.4823  	0.64157  	-0.4119  	-0.0037  	-0.3884  	-0.9057  	1.07954  	0.61941  	1.08919  	0.11706  	0.76002  	-0.5222  	0.36912  	0.54871  	0.70867  	0.36507  	0.41395  	-0.9098  	0.78574  	0.22234  	-0.0671  	0.04146  	0.06529  	-0.1595  	0.16308  	0.01836  	0.22137  	-0.1303  	-0.1056  	0.19657  	0.02971  	-0.4688  	-0.0691  	-0.3027  	-0.4119  	0.39805  	-0.0224  	-0.1014  	0.75648  	0.35709  	-0.1290  	-0.0440  	0.05356  	0.07075  	-0.1450  	-0.0976  	-0.0537  	0.04199  	-0.0237  	-0.0453  	0.05486  	-0.0077  	0.02716  	0.00723  	-0.0028  	-0.0558  	0.02052  	0.18199  	0.01425  	0.08916  	-0.0331  	-0.0007  	-0.0111  	-0.0130  	-0.2928  	0.46675  	259.293  	237.676  	
0.06476  	-0.1594  	-0.9789  	-0.2586  	0.15116  	-0.7124  	0.59325  	-0.4615  	-0.0381  	-0.3548  	-0.7780  	1.16539  	0.58203  	1.08189  	-0.0143  	0.67705  	-0.5798  	0.39011  	0.54560  	0.84383  	0.25276  	0.40922  	-1.0242  	0.86064  	0.22653  	-0.0499  	0.03844  	0.04900  	-0.1716  	0.16203  	-0.0021  	0.22373  	-0.0933  	-0.1299  	0.25522  	0.04024  	-0.5132  	-0.0592  	-0.3393  	-0.3737  	0.38519  	0.00335  	-0.1353  	0.72630  	0.38901  	-0.1281  	-0.0218  	0.02151  	0.05994  	-0.1476  	-0.1091  	-0.0516  	0.03555  	-0.0219  	-0.0561  	0.03571  	-0.0033  	0.01146  	0.00120  	0.00377  	-0.0575  	0.00784  	0.17421  	0.01666  	0.08845  	-0.0332  	-0.0008  	-0.0112  	-0.0126  	-0.2912  	0.46675  	259.293  	237.676  	
-0.4307  	-0.2686  	-1.3059  	-0.3106  	0.22657  	-0.9192  	0.54539  	-0.6084  	-0.0953  	-0.3600  	-0.6907  	1.26217  	0.47860  	0.81021  	-0.1035  	0.53432  	-0.5770  	0.49801  	0.51586  	0.89059  	0.19501  	0.35191  	-1.0280  	0.84424  	0.05090  	-0.0039  	-0.1074  	0.29895  	-0.0998  	0.12078  	0.05131  	0.20347  	-0.0897  	-0.0964  	0.18412  	0.07040  	-0.6256  	-0.1092  	-0.3252  	-0.3831  	0.39445  	0.00576  	-0.1906  	0.70439  	0.37449  	-0.1213  	-0.0229  	0.00732  	0.03412  	-0.1458  	-0.0987  	-0.0558  	0.04035  	-0.0194  	-0.0444  	0.03970  	0.00783  	0.02500  	0.01420  	-0.0015  	-0.0578  	0.01754  	0.16131  	0.01581  	0.08918  	-0.0327  	-0.0009  	-0.0111  	-0.0137  	-0.2814  	0.46675  	259.293  	237.676  	
-0.4324  	-0.2986  	-1.2257  	-0.6600  	-0.0046  	-0.8287  	0.54131  	-0.6283  	-0.1024  	-0.3756  	-0.6858  	1.02940  	0.42994  	0.63936  	-0.2216  	0.52322  	-0.5057  	0.44789  	0.52327  	0.83799  	0.10421  	0.35910  	-0.8798  	0.77275  	0.14921  	0.01348  	-0.0906  	0.28382  	-0.0006  	0.14937  	0.05427  	0.18033  	-0.1566  	-0.1080  	0.07150  	0.10117  	-0.6093  	-0.0830  	-0.3287  	-0.4281  	0.46542  	-0.0278  	-0.1346  	0.73772  	0.38519  	-0.1320  	-0.0211  	0.00179  	0.03345  	-0.1564  	-0.1052  	-0.0527  	0.03906  	-0.0208  	-0.0485  	0.03520  	0.00781  	0.02455  	0.01490  	-0.0033  	-0.0544  	0.01471  	0.17523  	0.01946  	0.09137  	-0.0320  	-0.0009  	-0.0113  	-0.0149  	-0.2677  	0.46675  	259.293  	237.676  	
-0.2461  	-0.2184  	-1.1487  	-0.4612  	0.04868  	-0.7190  	0.54855  	-0.6576  	-0.0971  	-0.3951  	-0.8898  	1.11135  	0.45218  	0.60590  	-0.2275  	0.62895  	-0.5273  	0.47139  	0.51957  	0.84381  	0.01149  	0.37721  	-0.9206  	0.67064  	0.11914  	0.03486  	-0.1621  	0.39897  	0.05478  	0.13899  	0.06448  	0.20087  	-0.1259  	-0.0947  	-0.0289  	0.08920  	-0.6577  	-0.0980  	-0.2654  	-0.3845  	0.50928  	-0.0266  	-0.0861  	0.74981  	0.36926  	-0.1334  	-0.0358  	0.02799  	0.03498  	-0.1451  	-0.1009  	-0.0503  	0.03813  	-0.0267  	-0.0500  	0.03832  	0.00236  	0.01965  	0.01071  	-0.0106  	-0.0573  	0.02927  	0.17299  	0.02488  	0.09403  	-0.0290  	-0.0007  	-0.0114  	-0.0154  	-0.2706  	0.46675  	259.293  	237.676  	
-0.1104  	-0.2532  	-1.1807  	-0.3515  	0.12308  	-0.7240  	0.54903  	-0.6606  	-0.0953  	-0.3745  	-0.8306  	1.15783  	0.46108  	0.60112  	-0.2662  	0.76900  	-0.5568  	0.50795  	0.51699  	0.86282  	-0.0371  	0.34946  	-1.0442  	0.71616  	0.15780  	0.00093  	-0.1615  	0.46507  	0.05803  	0.18578  	0.04304  	0.21952  	-0.1438  	-0.1058  	0.07818  	0.15262  	-0.6707  	-0.1200  	-0.2901  	-0.3942  	0.46710  	-0.0245  	-0.1067  	0.74153  	0.37287  	-0.1229  	-0.0328  	0.03176  	0.03995  	-0.1566  	-0.0854  	-0.0550  	0.04725  	-0.0278  	-0.0455  	0.04555  	0.01131  	0.02508  	0.01445  	-0.0074  	-0.0626  	0.01269  	0.17640  	0.03018  	0.09660  	-0.0263  	0.00019  	-0.0115  	-0.0154  	-0.2871  	0.46675  	259.293  	237.676  	
0.02076  	-0.2044  	-1.1107  	-0.0378  	0.28606  	-0.6570  	0.48971  	-0.5212  	-0.1342  	-0.4983  	-0.8107  	1.23424  	0.51857  	0.70092  	0.17981  	0.67602  	-0.4314  	0.18166  	0.60743  	0.53143  	0.27571  	0.12314  	-1.4053  	0.93059  	0.04655  	0.10779  	0.03866  	0.07994  	-0.0970  	0.17242  	0.12125  	0.22025  	-0.2658  	-0.3208  	0.20358  	0.05594  	-0.6194  	-0.0950  	-0.5460  	-0.4975  	0.41901  	0.16316  	-0.3172  	0.82459  	0.30352  	-0.1083  	-0.0572  	0.03473  	0.02906  	-0.1683  	-0.0802  	-0.0502  	0.04292  	-0.0055  	-0.0447  	0.04653  	0.00675  	0.00160  	0.00793  	0.01197  	-0.0531  	0.00740  	0.14580  	0.01854  	0.09743  	-0.0231  	0.00100  	-0.0112  	-0.0156  	-0.2873  	0.46675  	259.293  	237.676  	
0.26902  	-0.0360  	-0.7703  	0.09633  	0.34275  	-0.4784  	0.50674  	-0.3069  	-0.0712  	-0.5950  	-1.0599  	1.28685  	0.73807  	1.02742  	0.56693  	0.61538  	-0.3149  	0.00172  	0.68926  	0.24781  	0.41312  	-0.0848  	-1.5429  	0.86467  	-0.1076  	0.20033  	0.01129  	-0.0395  	0.04458  	0.12921  	0.25447  	0.11697  	-0.2834  	-0.4600  	0.11887  	-0.0526  	-0.7151  	-0.1066  	-0.5611  	-0.5781  	0.48884  	0.30674  	-0.4094  	0.92450  	0.25368  	-0.0942  	-0.0853  	0.08239  	0.03365  	-0.1954  	-0.0776  	-0.0496  	0.03393  	0.00748  	-0.0312  	0.05389  	-0.0090  	-0.0102  	0.00444  	0.01388  	-0.0503  	0.02149  	0.13465  	0.02759  	0.09535  	-0.0219  	0.00174  	-0.0109  	-0.0164  	-0.2754  	0.46675  	259.293  	237.676  	
0.47194  	-0.0004  	-0.6969  	0.07122  	0.26154  	-0.5225  	0.55520  	-0.2926  	-0.0681  	-0.5259  	-1.1246  	1.13593  	0.79968  	1.08819  	0.55560  	0.50727  	-0.2954  	-0.0252  	0.67210  	0.04015  	0.34311  	-0.0532  	-1.5451  	0.74482  	0.03985  	0.20297  	-0.0137  	-0.1304  	0.15041  	0.16502  	0.29884  	0.09379  	-0.3460  	-0.4705  	0.04283  	-0.0318  	-0.7891  	-0.0741  	-0.5331  	-0.6205  	0.58667  	0.30908  	-0.3988  	0.93916  	0.21569  	-0.0850  	-0.1047  	0.12671  	0.04038  	-0.1890  	-0.0794  	-0.0431  	0.05458  	0.02118  	-0.0265  	0.06656  	-0.0084  	-0.0122  	0.00513  	0.01658  	-0.0382  	0.02357  	0.13479  	0.01302  	0.09184  	-0.0207  	0.00231  	-0.0101  	-0.0157  	-0.2772  	0.46675  	259.293  	237.676  	
0.25179  	-0.0228  	-0.8747  	0.13449  	0.25632  	-0.5733  	0.51475  	-0.3489  	-0.1004  	-0.5302  	-1.0475  	1.17649  	0.73007  	1.05719  	0.51540  	0.52309  	-0.3087  	-0.0152  	0.64497  	0.08386  	0.48058  	-0.0244  	-1.4606  	0.83847  	0.05949  	0.17100  	0.12239  	-0.1359  	0.09969  	0.16613  	0.26012  	0.10580  	-0.3229  	-0.4741  	0.12335  	-0.0669  	-0.7152  	-0.1288  	-0.5666  	-0.5755  	0.53482  	0.29568  	-0.4241  	0.92146  	0.23375  	-0.0737  	-0.0899  	0.08186  	0.03289  	-0.1702  	-0.0720  	-0.0340  	0.04296  	0.00573  	-0.0371  	0.05725  	-0.0136  	-0.0009  	0.01743  	0.01489  	-0.0417  	0.02018  	0.14414  	0.01144  	0.08945  	-0.0202  	0.00274  	-0.0092  	-0.0139  	-0.2841  	0.46675  	259.293  	237.676  	
-0.0850  	-0.1840  	-1.1051  	-0.1140  	0.29946  	-0.7789  	0.55713  	-0.5330  	-0.0939  	-0.4718  	-0.8420  	1.25026  	0.54842  	0.80942  	0.15347  	0.58944  	-0.4658  	0.23827  	0.58078  	0.54006  	0.32587  	0.10175  	-1.3018  	0.85711  	0.01962  	0.09741  	-0.0510  	0.12467  	0.02204  	0.15427  	0.17520  	0.14679  	-0.2372  	-0.2997  	0.12226  	0.01344  	-0.6442  	-0.0986  	-0.4706  	-0.5025  	0.50414  	0.14362  	-0.2979  	0.81988  	0.30773  	-0.0975  	-0.0624  	0.03819  	0.03376  	-0.1786  	-0.0899  	-0.0567  	0.03509  	-0.0036  	-0.0457  	0.05243  	0.00652  	0.01477  	0.01670  	0.00208  	-0.0534  	0.01064  	0.14345  	0.01564  	0.08796  	-0.0191  	0.00276  	-0.0081  	-0.0124  	-0.2799  	0.46675  	259.293  	237.676  	
-0.2921  	-0.2608  	-1.0956  	-0.5622  	-0.0073  	-0.7268  	0.53209  	-0.6408  	-0.1115  	-0.4538  	-0.7923  	1.05733  	0.41424  	0.57567  	-0.2417  	0.63400  	-0.5221  	0.48855  	0.54055  	0.79563  	0.15207  	0.39822  	-0.8900  	0.77919  	0.14789  	-0.0160  	-0.0567  	0.23754  	-0.0262  	0.15388  	0.03602  	0.22220  	-0.1503  	-0.1081  	0.07529  	0.11486  	-0.5567  	-0.0681  	-0.3392  	-0.4065  	0.45630  	-0.0264  	-0.1291  	0.74096  	0.37721  	-0.1297  	-0.0241  	-0.0050  	0.03419  	-0.1608  	-0.1017  	-0.0570  	0.04250  	-0.0201  	-0.0484  	0.04079  	0.00386  	0.02181  	0.01745  	-0.0002  	-0.0582  	0.01701  	0.16923  	0.02950  	0.08854  	-0.0185  	0.00315  	-0.0067  	-0.0108  	-0.2920  	0.46675  	259.293  	237.676  	
-0.1705  	-0.2649  	-1.1590  	-0.3800  	0.04088  	-0.6674  	0.51683  	-0.6794  	-0.1121  	-0.4520  	-0.8749  	1.11037  	0.42731  	0.57098  	-0.1442  	0.66226  	-0.5153  	0.46443  	0.53829  	0.80502  	0.08724  	0.38860  	-0.9247  	0.74292  	0.16209  	0.00613  	-0.0388  	0.31075  	-0.0130  	0.17481  	0.02416  	0.24074  	-0.1530  	-0.0936  	0.08529  	0.12824  	-0.5933  	-0.0743  	-0.3320  	-0.3854  	0.45487  	-0.0174  	-0.1204  	0.74848  	0.36249  	-0.1289  	-0.0297  	0.01411  	0.03148  	-0.1602  	-0.0945  	-0.0460  	0.04325  	-0.0192  	-0.0456  	0.04401  	5.61903  	0.02631  	0.01159  	-0.0103  	-0.0598  	0.01672  	0.17380  	0.02218  	0.09049  	-0.0165  	0.00360  	-0.0052  	-0.0091  	-0.2987  	0.46675  	259.293  	237.676  	
-0.0495  	-0.1908  	-1.1331  	-0.3395  	0.13542  	-0.6774  	0.56515  	-0.6295  	-0.0563  	-0.4103  	-0.8958  	1.13943  	0.47995  	0.69521  	-0.1509  	0.68955  	-0.5662  	0.46878  	0.52020  	0.81553  	0.07603  	0.37445  	-0.9780  	0.69439  	0.10693  	-0.0053  	-0.1097  	0.35689  	0.04083  	0.17709  	0.03985  	0.20687  	-0.1399  	-0.0879  	0.10266  	0.14756  	-0.6181  	-0.0875  	-0.3273  	-0.3950  	0.45750  	-0.0157  	-0.1110  	0.74467  	0.37125  	-0.1348  	-0.0286  	0.02605  	0.04163  	-0.1536  	-0.0949  	-0.0539  	0.04202  	-0.0253  	-0.0440  	0.04453  	0.00437  	0.02139  	0.01736  	-0.0095  	-0.0667  	0.01665  	0.18299  	0.02548  	0.09387  	-0.0150  	0.00377  	-0.0041  	-0.0080  	-0.3018  	0.46675  	259.293  	237.676  	
-0.0041  	-0.1814  	-1.0780  	-0.2750  	0.19193  	-0.6817  	0.59977  	-0.6457  	-0.0787  	-0.3581  	-0.8651  	1.12869  	0.45781  	0.67696  	-0.2042  	0.80785  	-0.5924  	0.50549  	0.52336  	0.88074  	0.00381  	0.37062  	-1.0730  	0.70949  	0.17913  	-0.0256  	-0.1132  	0.39201  	0.05047  	0.17851  	-0.0005  	0.22248  	-0.1488  	-0.0888  	0.12664  	0.19948  	-0.6477  	-0.1020  	-0.3149  	-0.3730  	0.43416  	-0.0131  	-0.1290  	0.74023  	0.37390  	-0.1302  	-0.0344  	0.02319  	0.04591  	-0.1541  	-0.0715  	-0.0539  	0.04919  	-0.0281  	-0.0425  	0.04375  	0.01066  	0.02550  	0.01434  	-0.0096  	-0.0646  	0.00672  	0.17468  	0.02659  	0.09852  	-0.0128  	0.00447  	-0.0033  	-0.0078  	-0.3065  	0.46675  	259.293  	237.676  	
-0.0456  	-0.2146  	-1.1111  	-0.3226  	0.14759  	-0.6985  	0.59668  	-0.6482  	-0.0761  	-0.3786  	-0.8188  	1.12248  	0.45878  	0.65734  	-0.2472  	0.77190  	-0.5753  	0.50745  	0.50961  	0.90598  	0.00948  	0.37967  	-1.0680  	0.72131  	0.21213  	-0.0149  	-0.1157  	0.40594  	0.04365  	0.17984  	0.02307  	0.21964  	-0.1519  	-0.0849  	0.11253  	0.18720  	-0.6422  	-0.0926  	-0.3144  	-0.3961  	0.43551  	-0.0009  	-0.1236  	0.73251  	0.37723  	-0.1334  	-0.0246  	0.02636  	0.04676  	-0.1568  	-0.0766  	-0.0536  	0.05017  	-0.0241  	-0.0422  	0.04094  	0.01178  	0.02692  	0.01479  	-0.0061  	-0.0646  	0.00355  	0.18130  	0.02863  	0.10342  	-0.0108  	0.00559  	-0.0032  	-0.0081  	-0.3028  	0.46675  	259.293  	237.676  	
-0.2014  	-0.2564  	-1.2115  	-0.3765  	0.10912  	-0.7131  	0.53854  	-0.6774  	-0.1252  	-0.4713  	-0.8009  	1.06932  	0.39490  	0.64111  	-0.1467  	0.66371  	-0.5327  	0.43084  	0.50797  	0.76272  	0.10761  	0.38277  	-0.9692  	0.80614  	0.20342  	-0.0258  	-0.0085  	0.28313  	-0.0010  	0.19227  	0.02246  	0.24434  	-0.1793  	-0.1078  	0.16000  	0.15351  	-0.5637  	-0.0828  	-0.3600  	-0.4258  	0.43297  	-0.0010  	-0.1373  	0.73341  	0.37848  	-0.1308  	-0.0213  	0.00622  	0.03328  	-0.1525  	-0.0850  	-0.0505  	0.04850  	-0.0256  	-0.0398  	0.03855  	0.00814  	0.03308  	0.01325  	-0.0092  	-0.0658  	0.00178  	0.18498  	0.02932  	0.10751  	-0.0077  	0.00675  	-0.0031  	-0.0076  	-0.3230  	0.46675  	259.293  	237.676  	
-0.1190  	-0.2368  	-1.1568  	-0.3570  	0.09990  	-0.6668  	0.54634  	-0.6255  	-0.0842  	-0.4477  	-0.8223  	1.09173  	0.42729  	0.63301  	-0.1004  	0.72045  	-0.5528  	0.43429  	0.52773  	0.78494  	0.08427  	0.38109  	-0.9791  	0.75698  	0.15728  	-0.0105  	-0.0433  	0.30453  	-0.0073  	0.17316  	0.03041  	0.25023  	-0.1594  	-0.0918  	0.13358  	0.14657  	-0.5754  	-0.0802  	-0.3467  	-0.4219  	0.43938  	-0.0084  	-0.1396  	0.73041  	0.36759  	-0.1269  	-0.0289  	0.01877  	0.03201  	-0.1529  	-0.0979  	-0.0501  	0.04260  	-0.0249  	-0.0428  	0.04786  	0.00139  	0.02585  	0.00884  	-0.0130  	-0.0600  	0.00765  	0.17610  	0.02481  	0.11154  	-0.0066  	0.00775  	-0.0033  	-0.0072  	-0.3445  	0.46675  	259.293  	237.676  	
-0.0017  	-0.1999  	-1.0802  	-0.2168  	0.23455  	-0.7335  	0.60873  	-0.6662  	-0.1130  	-0.2974  	-0.8353  	1.14291  	0.41375  	0.63663  	-0.2110  	0.85654  	-0.5999  	0.51066  	0.51632  	0.85800  	-0.0152  	0.36033  	-1.0836  	0.74205  	0.19661  	-0.0340  	-0.0774  	0.38885  	0.03983  	0.18464  	-0.0097  	0.24736  	-0.1717  	-0.0953  	0.13803  	0.20449  	-0.6449  	-0.0934  	-0.3282  	-0.3691  	0.43612  	-0.0103  	-0.1359  	0.74882  	0.37387  	-0.1320  	-0.0348  	0.03154  	0.05218  	-0.1526  	-0.0833  	-0.0534  	0.04968  	-0.0260  	-0.0388  	0.04198  	0.01275  	0.02237  	0.01111  	-0.0041  	-0.0648  	0.00657  	0.17952  	0.02480  	0.11303  	-0.0061  	0.00784  	-0.0038  	-0.0076  	-0.3405  	0.46675  	259.293  	237.676  	
0.01868  	-0.2209  	-1.0538  	-0.2777  	0.22584  	-0.6794  	0.61872  	-0.6967  	-0.0884  	-0.2929  	-0.9096  	1.10516  	0.45088  	0.59809  	-0.2580  	0.87140  	-0.6219  	0.52092  	0.51825  	0.87084  	-0.0573  	0.38075  	-1.1154  	0.70272  	0.26820  	-0.0361  	-0.0820  	0.44530  	0.13052  	0.22933  	0.00655  	0.22710  	-0.1958  	-0.0723  	0.09580  	0.25017  	-0.6854  	-0.1043  	-0.2912  	-0.3379  	0.42783  	-0.0040  	-0.1259  	0.75693  	0.36635  	-0.1249  	-0.0381  	0.03636  	0.05048  	-0.1612  	-0.0706  	-0.0539  	0.04786  	-0.0303  	-0.0384  	0.04325  	0.00870  	0.02308  	0.01688  	-0.0060  	-0.0651  	0.00503  	0.17940  	0.02652  	0.11234  	-0.0082  	0.00774  	-0.0046  	-0.0090  	-0.3334  	0.46675  	259.293  	237.676  	
-0.1719  	-0.2731  	-1.1544  	-0.3116  	0.13195  	-0.6929  	0.54525  	-0.7018  	-0.1481  	-0.4514  	-0.9197  	1.05369  	0.36779  	0.53834  	-0.1707  	0.77399  	-0.5290  	0.44186  	0.53259  	0.81006  	0.04524  	0.36925  	-1.0123  	0.84448  	0.26241  	-0.0379  	0.01955  	0.31796  	-0.0246  	0.20761  	-0.0069  	0.28870  	-0.1899  	-0.1089  	0.16562  	0.21490  	-0.5831  	-0.0829  	-0.3524  	-0.3736  	0.41437  	-0.0180  	-0.1433  	0.75447  	0.37104  	-0.1249  	-0.0415  	0.00438  	0.03661  	-0.1414  	-0.0837  	-0.0496  	0.04494  	-0.0304  	-0.0466  	0.03913  	0.00914  	0.03060  	0.00900  	-0.0096  	-0.0694  	0.00109  	0.18094  	0.02552  	0.11109  	-0.0098  	0.00733  	-0.0053  	-0.0092  	-0.3312  	0.46675  	259.293  	237.676  	
-0.0209  	-0.2139  	-1.1406  	-0.2053  	0.13329  	-0.6234  	0.57661  	-0.6176  	-0.1181  	-0.5296  	-0.9995  	1.04982  	0.43151  	0.73827  	0.14465  	0.59209  	-0.5417  	0.38820  	0.50880  	0.73403  	0.22572  	0.43027  	-0.8917  	0.85649  	0.20423  	-0.0132  	0.08125  	0.15466  	-0.1144  	0.18012  	-0.0080  	0.28352  	-0.1475  	-0.1131  	0.21905  	0.09556  	-0.4896  	-0.0583  	-0.3777  	-0.4122  	0.39795  	-0.0043  	-0.1428  	0.75052  	0.38337  	-0.1218  	-0.0166  	0.00759  	0.04652  	-0.1467  	-0.0944  	-0.0572  	0.04295  	-0.0237  	-0.0438  	0.03617  	0.00660  	0.03078  	0.02129  	-0.0106  	-0.0749  	0.01266  	0.17565  	0.02024  	0.11037  	-0.0125  	0.00666  	-0.0062  	-0.0092  	-0.3315  	0.46675  	259.293  	237.676  	
0.29779  	-0.0665  	-0.9415  	-0.1170  	0.22956  	-0.4610  	0.60007  	-0.4405  	-0.0407  	-0.4977  	-0.8815  	1.16918  	0.54316  	0.95207  	0.16448  	0.78643  	-0.5429  	0.35772  	0.53780  	0.74167  	0.35622  	0.43043  	-0.9327  	0.87162  	0.18091  	-0.0517  	0.12176  	0.04942  	-0.2169  	0.16207  	-0.0041  	0.25677  	-0.1343  	-0.1136  	0.29425  	0.03468  	-0.4380  	-0.0567  	-0.3797  	-0.4136  	0.35874  	0.01127  	-0.1368  	0.74759  	0.36721  	-0.1248  	-0.0412  	0.03033  	0.05944  	-0.1452  	-0.0899  	-0.0478  	0.04642  	-0.0258  	-0.0444  	0.06110  	0.00181  	0.01800  	0.00662  	-0.0023  	-0.0592  	0.01968  	0.16960  	0.01435  	0.10947  	-0.0153  	0.00589  	-0.0070  	-0.0097  	-0.3241  	0.46675  	259.293  	237.676  	
0.35700  	-0.0293  	-0.8141  	-0.1527  	0.10536  	-0.4290  	0.57139  	-0.3340  	0.03775  	-0.4989  	-0.6930  	1.20751  	0.48106  	1.01642  	0.09075  	0.92580  	-0.5372  	0.31501  	0.56508  	0.69313  	0.53357  	0.40627  	-0.8879  	0.91864  	0.10013  	-0.0536  	0.14047  	-0.0950  	-0.3618  	0.14959  	-0.0229  	0.28736  	-0.0981  	-0.1042  	0.34532  	-0.0601  	-0.3355  	-0.0027  	-0.4114  	-0.4784  	0.34477  	0.00139  	-0.1297  	0.74065  	0.37238  	-0.1213  	-0.0431  	0.03981  	0.05505  	-0.1469  	-0.0993  	-0.0480  	0.04875  	-0.0173  	-0.0507  	0.06275  	-0.0124  	0.02238  	0.00272  	0.00020  	-0.0600  	0.02301  	0.17975  	0.01504  	0.10865  	-0.0199  	0.00500  	-0.0077  	-0.0101  	-0.3173  	0.46675  	259.293  	237.676  	
0.44551  	-0.0178  	-0.6581  	-0.2155  	0.09822  	-0.5111  	0.60814  	-0.2907  	0.06545  	-0.4025  	-0.6421  	1.25793  	0.49474  	1.00069  	-0.0982  	0.96428  	-0.5634  	0.38492  	0.57340  	0.75512  	0.47662  	0.39574  	-0.9177  	0.80414  	0.18292  	-0.0795  	0.05074  	-0.0397  	-0.2695  	0.14580  	-0.0001  	0.26911  	-0.0782  	-0.1178  	0.24212  	-0.0328  	-0.3503  	0.00343  	-0.3428  	-0.4665  	0.41027  	-0.0351  	-0.0815  	0.76946  	0.38184  	-0.1289  	-0.0515  	0.05845  	0.06907  	-0.1523  	-0.0999  	-0.0538  	0.04986  	-0.0145  	-0.0452  	0.07346  	-0.0137  	0.02055  	0.00450  	0.00389  	-0.0570  	0.02144  	0.17117  	0.01624  	0.10780  	-0.0225  	0.00354  	-0.0082  	-0.0105  	-0.3148  	0.46675  	259.293  	237.676  	
0.32110  	-0.0695  	-0.7930  	-0.1707  	0.17871  	-0.5849  	0.67011  	-0.4107  	0.05483  	-0.3095  	-0.8309  	1.25260  	0.54797  	1.15048  	-0.0230  	0.90992  	-0.5774  	0.38605  	0.55228  	0.81056  	0.33927  	0.40208  	-1.0599  	0.77515  	0.28857  	-0.1082  	0.08846  	0.04968  	-0.1292  	0.19694  	-0.0327  	0.25255  	-0.0910  	-0.1035  	0.24019  	0.05192  	-0.4728  	-0.0469  	-0.3153  	-0.3778  	0.39745  	-0.0229  	-0.1161  	0.77658  	0.39422  	-0.1391  	-0.0447  	0.05796  	0.08139  	-0.1460  	-0.0845  	-0.0551  	0.04484  	-0.0118  	-0.0396  	0.06745  	-0.0035  	0.02327  	0.00515  	0.00510  	-0.0584  	0.01531  	0.17867  	0.02541  	0.10701  	-0.0255  	0.00215  	-0.0088  	-0.0106  	-0.3236  	0.46675  	259.293  	237.676  	
-0.0289  	-0.2508  	-1.1520  	0.18041  	0.45260  	-0.7271  	0.68213  	-0.5205  	-0.0823  	-0.3395  	-0.8651  	1.37029  	0.58065  	1.19586  	0.21844  	0.77583  	-0.6011  	0.40062  	0.49001  	0.92802  	0.14597  	0.48456  	-1.1097  	0.87104  	0.17674  	-0.0438  	-0.0411  	0.16886  	-0.0999  	0.22647  	-0.0010  	0.20695  	-0.0634  	-0.0880  	0.25672  	0.04704  	-0.5458  	-0.0977  	-0.3369  	-0.3857  	0.31659  	0.04071  	-0.1649  	0.72396  	0.38247  	-0.1326  	-0.0227  	0.03919  	0.05187  	-0.1604  	-0.0970  	-0.0551  	0.02545  	-0.0330  	-0.0525  	0.05057  	-5.3480  	0.01444  	-0.0018  	-0.0100  	-0.0598  	0.02472  	0.16573  	0.02625  	0.10608  	-0.0271  	0.00115  	-0.0092  	-0.0111  	-0.3260  	0.46675  	259.293  	237.676  	
-0.4606  	-0.2982  	-1.3702  	-0.4441  	0.26325  	-1.0738  	0.57899  	-0.7383  	-0.1200  	-0.2836  	-0.6817  	1.24398  	0.46619  	0.72686  	-0.1633  	0.49298  	-0.5934  	0.49974  	0.49266  	0.93750  	0.10485  	0.32684  	-1.0691  	0.81507  	0.08057  	0.00283  	-0.1227  	0.31667  	-0.1127  	0.13348  	0.02781  	0.17755  	-0.1087  	-0.0851  	0.24324  	0.09891  	-0.5966  	-0.0981  	-0.3488  	-0.3920  	0.36544  	0.02705  	-0.1836  	0.69968  	0.38667  	-0.1303  	-0.0250  	0.00410  	0.03942  	-0.1555  	-0.1030  	-0.0514  	0.02855  	-0.0128  	-0.0521  	0.04267  	0.00705  	0.01677  	0.00326  	-0.0109  	-0.0614  	0.02437  	0.17344  	0.02607  	0.10456  	-0.0289  	0.00046  	-0.0096  	-0.0120  	-0.3224  	0.46675  	259.293  	237.676  	
-0.4867  	-0.3054  	-1.2819  	-0.6952  	-0.0034  	-0.9794  	0.56025  	-0.6699  	-0.1530  	-0.3077  	-0.5821  	1.03392  	0.38057  	0.55675  	-0.2831  	0.52592  	-0.5156  	0.47704  	0.50772  	0.84132  	0.12369  	0.37398  	-0.9514  	0.78462  	0.15760  	0.01737  	-0.0932  	0.26724  	-0.0463  	0.13573  	0.05338  	0.18879  	-0.1458  	-0.1092  	0.07881  	0.10877  	-0.5806  	-0.0835  	-0.3444  	-0.4302  	0.43691  	-0.0090  	-0.1655  	0.70519  	0.39129  	-0.1305  	-0.0199  	-0.0182  	0.02852  	-0.1474  	-0.1029  	-0.0498  	0.03435  	-0.0166  	-0.0451  	0.03674  	0.00453  	0.02652  	0.01070  	0.00335  	-0.0626  	0.01989  	0.17355  	0.01821  	0.10175  	-0.0289  	-0.0001  	-0.0098  	-0.0118  	-0.3329  	0.46675  	259.293  	237.676  	
-0.1794  	-0.2620  	-1.1167  	-0.3259  	0.08774  	-0.6522  	0.57325  	-0.5935  	-0.0837  	-0.4369  	-0.9421  	1.14010  	0.46214  	0.66057  	-0.1356  	0.66446  	-0.5263  	0.48110  	0.51765  	0.8156  	-0.0088  	0.37538  	-0.9867  	0.70183  	0.17121  	0.00795  	-0.0877  	0.37243  	0.03588  	0.17038  	0.03785  	0.22292  	-0.1367  	-0.0929  	0.04991  	0.12892  	-0.6654  	-0.0990  	-0.2893  	-0.3858  	0.46745  	-0.0341  	-0.1088  	0.74829  	0.35936  	-0.1366  	-0.0309  	0.02664  	0.04387  	-0.1525  	-0.0927  	-0.0491  	0.03753  	-0.0234  	-0.0443  	0.04549  	0.00960  	0.02099  	0.01238  	-0.0137  	-0.0583  	0.02812  	0.17432  	0.02034  	0.09966  	-0.0298  	-0.0002  	-0.0100  	-0.0112  	-0.3482  	0.46675  	259.293  	237.676  	
0.06607  	-0.1675  	-1.0496  	-0.1212  	0.29812  	-0.6859  	0.60863  	-0.6526  	-0.0642  	-0.3016  	-0.9435  	1.20864  	0.47542  	0.69307  	-0.1420  	0.82421  	-0.5954  	0.51148  	0.51716  	0.92868  	-0.0710  	0.39804  	-1.1149  	0.72873  	0.21324  	-0.0445  	-0.1138  	0.47273  	0.13143  	0.21097  	-0.0170  	0.23341  	-0.1384  	-0.0763  	0.10685  	0.19082  	-0.7147  	-0.1225  	-0.2564  	-0.3454  	0.44462  	-0.0307  	-0.1125  	0.74833  	0.36601  	-0.1308  	-0.0360  	0.04465  	0.05214  	-0.1750  	-0.0859  	-0.0592  	0.04056  	-0.0321  	-0.0444  	0.04983  	0.01538  	0.02736  	0.01667  	-0.0042  	-0.0595  	0.01050  	0.17867  	0.02715  	0.09695  	-0.0299  	-0.0002  	-0.0105  	-0.0109  	-0.3447  	0.46675  	259.293  	237.676  	
0.05734  	-0.1688  	-1.0174  	-0.1040  	0.28583  	-0.6942  	0.58966  	-0.6520  	-0.0908  	-0.2433  	-0.9267  	1.21125  	0.44512  	0.64627  	-0.2445  	0.87296  	-0.6126  	0.52280  	0.56395  	0.89363  	-0.0859  	0.40885  	-1.1403  	0.73709  	0.29954  	-0.0630  	-0.0440  	0.42127  	0.13796  	0.24208  	-0.0304  	0.24956  	-0.1824  	-0.0870  	0.10930  	0.25743  	-0.7001  	-0.1048  	-0.2713  	-0.3438  	0.43047  	-0.0052  	-0.1071  	0.75011  	0.36910  	-0.1313  	-0.0464  	0.05337  	0.05977  	-0.1791  	-0.0841  	-0.0556  	0.05016  	-0.0276  	-0.0384  	0.05076  	0.01116  	0.02490  	0.02458  	-0.0012  	-0.0601  	0.00060  	0.17862  	0.02218  	0.09478  	-0.0314  	0.00018  	-0.0109  	-0.0107  	-0.3469  	0.46675  	259.293  	237.676  	
-0.0921  	-0.2047  	-1.1683  	-0.3086  	0.16902  	-0.7761  	0.58391  	-0.6710  	-0.1228  	-0.3420  	-1.0248  	1.09015  	0.50288  	0.64030  	-0.2702  	0.72189  	-0.5785  	0.55828  	0.52111  	0.87063  	-0.1018  	0.44087  	-1.0912  	0.68643  	0.30421  	-0.0541  	-0.0910  	0.42903  	0.20508  	0.23343  	0.00090  	0.20416  	-0.2071  	-0.1020  	0.05280  	0.28410  	-0.7359  	-0.1228  	-0.2579  	-0.3484  	0.46117  	-0.0233  	-0.1183  	0.73952  	0.37396  	-0.1399  	-0.0305  	0.04021  	0.04859  	-0.1653  	-0.0740  	-0.0527  	0.04491  	-0.0319  	-0.0404  	0.04621  	0.01179  	0.02563  	0.02005  	-0.0038  	-0.0636  	0.00611  	0.18211  	0.02197  	0.09308  	-0.0311  	0.00085  	-0.0110  	-0.0100  	-0.3538  	0.46675  	259.293  	237.676  	
-0.3523  	-0.3338  	-1.3115  	-0.3084  	0.18714  	-0.9062  	0.55614  	-0.6858  	-0.1627  	-0.3877  	-0.8492  	1.10580  	0.46827  	0.70785  	-0.2480  	0.64186  	-0.5646  	0.53746  	0.50765  	0.89598  	0.03323  	0.36978  	-1.0435  	0.79523  	0.27414  	-0.0273  	-0.0764  	0.36663  	0.05372  	0.19816  	-0.0050  	0.21615  	-0.1724  	-0.1079  	0.10165  	0.18922  	-0.6501  	-0.1029  	-0.3221  	-0.3930  	0.40735  	-0.0153  	-0.1794  	0.72241  	0.39380  	-0.1292  	-0.0275  	0.01142  	0.03140  	-0.1620  	-0.0937  	-0.0531  	0.04298  	-0.0306  	-0.0451  	0.03778  	0.01372  	0.02713  	0.02015  	0.00063  	-0.0643  	6.32330  	0.17459  	0.01978  	0.09298  	-0.0316  	0.00151  	-0.0114  	-0.0093  	-0.3552  	0.46675  	259.293  	237.676  	
-0.4939  	-0.3403  	-1.3681  	-0.4513  	0.20355  	-1.0521  	0.54567  	-0.6378  	-0.0915  	-0.4081  	-0.6386  	1.16939  	0.46327  	0.71308  	-0.1196  	0.52221  	-0.5550  	0.47651  	0.50246  	0.92353  	0.17658  	0.32657  	-1.0223  	0.78872  	0.12542  	-0.0290  	-0.0707  	0.32013  	-0.0614  	0.11567  	0.01351  	0.18849  	-0.0861  	-0.0876  	0.18894  	0.07499  	-0.5802  	-0.0928  	-0.3493  	-0.4593  	0.38671  	-0.0105  	-0.1937  	0.69879  	0.38200  	-0.1282  	-0.0223  	0.00793  	0.03998  	-0.1624  	-0.0996  	-0.0505  	0.03416  	-0.0182  	-0.0545  	0.04917  	0.00526  	0.02265  	0.01253  	-0.0107  	-0.0577  	0.00121  	0.17408  	0.02278  	0.09451  	-0.0311  	0.00208  	-0.0115  	-0.0100  	-0.3469  	0.46675  	259.293  	237.676  	
-0.5422  	-0.3387  	-1.3781  	-0.6519  	0.05250  	-1.0116  	0.54455  	-0.6531  	-0.1209  	-0.3201  	-0.6310  	1.06690  	0.40342  	0.62507  	-0.2469  	0.50871  	-0.5138  	0.49986  	0.51766  	0.87267  	0.11104  	0.34017  	-0.9704  	0.75479  	0.12084  	0.01169  	-0.1611  	0.33722  	-0.0070  	0.11201  	0.02367  	0.19376  	-0.1257  	-0.1113  	0.07754  	0.11464  	-0.6270  	-0.0961  	-0.3069  	-0.4477  	0.44207  	-0.0200  	-0.1632  	0.71346  	0.39342  	-0.1266  	-0.0273  	-0.0029  	0.02399  	-0.1526  	-0.1077  	-0.0489  	0.04423  	-0.0262  	-0.0480  	0.03654  	0.00300  	0.02781  	0.01442  	-0.0071  	-0.0552  	0.02014  	0.16913  	0.02193  	0.09712  	-0.0307  	0.00242  	-0.0119  	-0.0108  	-0.3348  	0.46675  	259.293  	237.676  	
-0.4066  	-0.2459  	-1.1651  	-0.7154  	-0.0649  	-0.8395  	0.58348  	-0.6428  	-0.0979  	-0.3674  	-0.7406  	1.00331  	0.42042  	0.59137  	-0.2524  	0.58553  	-0.4926  	0.45244  	0.52001  	0.79418  	0.13351  	0.38364  	-0.8860  	0.75266  	0.17504  	0.01818  	-0.0075  	0.24736  	-0.0231  	0.14863  	0.05198  	0.18249  	-0.1429  	-0.1131  	0.04126  	0.10068  	-0.5886  	-0.0851  	-0.3107  	-0.3983  	0.48497  	-0.0258  	-0.1174  	0.73754  	0.38647  	-0.1280  	-0.0268  	0.00472  	0.02320  	-0.1517  	-0.1079  	-0.0510  	0.04429  	-0.0207  	-0.0508  	0.03849  	-0.0037  	0.01915  	0.01949  	0.00213  	-0.0612  	0.02137  	0.17859  	0.02706  	0.10004  	-0.0278  	0.00251  	-0.0118  	-0.0113  	-0.3408  	0.46675  	259.293  	237.676  	
-0.2116  	-0.2480  	-1.1350  	-0.4073  	0.07431  	-0.7034  	0.56533  	-0.6149  	-0.0618  	-0.4583  	-0.9448  	1.08138  	0.45657  	0.59184  	-0.1317  	0.69229  	-0.5034  	0.49517  	0.53141  	0.80693  	-0.0186  	0.36043  	-0.9856  	0.72953  	0.16010  	0.00872  	-0.0778  	0.39378  	0.04264  	0.14587  	0.03218  	0.23081  	-0.1320  	-0.1030  	0.05117  	0.13376  	-0.6833  	-0.1003  	-0.2907  	-0.3792  	0.48492  	-0.0442  	-0.1093  	0.76047  	0.36974  	-0.1276  	-0.0348  	0.02761  	0.04299  	-0.1579  	-0.0845  	-0.0490  	0.04626  	-0.0243  	-0.0415  	0.04022  	0.00530  	0.02143  	0.00990  	-0.0053  	-0.0529  	0.02318  	0.17867  	0.02711  	0.10309  	-0.0255  	0.00272  	-0.0118  	-0.0116  	-0.3577  	0.46675  	259.293  	237.676  	
-0.0099  	-0.2316  	-1.0220  	-0.2201  	0.21871  	-0.7269  	0.61463  	-0.6577  	-0.0824  	-0.3165  	-0.9387  	1.15038  	0.45735  	0.62992  	-0.1345  	0.82661  	-0.5795  	0.50345  	0.50236  	0.89831  	-0.0827  	0.36678  	-1.0621  	0.68955  	0.17251  	0.00277  	-0.1513  	0.46772  	0.08890  	0.18482  	0.02391  	0.22688  	-0.1534  	-0.0773  	0.07847  	0.16841  	-0.7136  	-0.1050  	-0.2800  	-0.3610  	0.47107  	-0.0227  	-0.1096  	0.75214  	0.36074  	-0.1327  	-0.0234  	0.03993  	0.04896  	-0.1568  	-0.0818  	-0.0511  	0.04307  	-0.0282  	-0.0398  	0.03897  	0.01291  	0.02191  	0.00683  	-0.0054  	-0.0607  	0.00817  	0.17960  	0.02810  	0.10484  	-0.0224  	0.00267  	-0.0113  	-0.0124  	-0.3570  	0.46675  	259.293  	237.676  	
0.02542  	-0.2174  	-1.0814  	-0.2296  	0.24101  	-0.6771  	0.60406  	-0.6605  	-0.0673  	-0.3068  	-0.8941  	1.12958  	0.45615  	0.62530  	-0.2060  	0.83680  	-0.6014  	0.51043  	0.51508  	0.88587  	-0.0232  	0.34611  	-1.1138  	0.68812  	0.23445  	-0.0387  	-0.1044  	0.45308  	0.10598  	0.20434  	-0.0078  	0.24818  	-0.1805  	-0.0796  	0.12524  	0.23792  	-0.6743  	-0.0974  	-0.2969  	-0.3600  	0.42886  	-0.0152  	-0.1249  	0.74963  	0.37006  	-0.1265  	-0.0344  	0.02779  	0.04877  	-0.1642  	-0.0704  	-0.0529  	0.04752  	-0.0247  	-0.0369  	0.04681  	0.00982  	0.02523  	0.02263  	-0.0059  	-0.0636  	0.00625  	0.17651  	0.02527  	0.10254  	-0.0201  	0.00340  	-0.0105  	-0.0125  	-0.3513  	0.46675  	259.293  	237.676  	
-0.0359  	-0.1866  	-1.1062  	-0.3076  	0.16081  	-0.6669  	0.59644  	-0.6596  	-0.1040  	-0.4093  	-0.8853  	1.02126  	0.42772  	0.64126  	-0.1365  	0.73510  	-0.5909  	0.45298  	0.52412  	0.82416  	0.08103  	0.37629  	-0.9869  	0.73378  	0.19792  	-0.0208  	-0.0625  	0.33331  	0.03545  	0.17647  	0.00866  	0.24389  	-0.1758  	-0.0896  	0.14572  	0.20357  	-0.5943  	-0.0726  	-0.3204  	-0.3905  	0.44182  	-0.0024  	-0.1212  	0.74878  	0.36677  	-0.1258  	-0.0316  	0.01181  	0.04320  	-0.1596  	-0.0801  	-0.0568  	0.05571  	-0.0206  	-0.0391  	0.04018  	0.01035  	0.02769  	0.01418  	-0.0092  	-0.0643  	0.00714  	0.18189  	0.02845  	0.09983  	-0.0187  	0.00373  	-0.0098  	-0.0120  	-0.3441  	0.46675  	259.293  	237.676  	
-0.0519  	-0.1775  	-1.1252  	-0.3359  	0.11500  	-0.6807  	0.57701  	-0.6561  	-0.0989  	-0.4791  	-0.8704  	1.01235  	0.42356  	0.65621  	-0.0739  	0.63355  	-0.5762  	0.43231  	0.52149  	0.79881  	0.14660  	0.35976  	-0.9238  	0.72397  	0.16259  	-0.0044  	-0.0866  	0.26461  	-0.0148  	0.18325  	0.01689  	0.23631  	-0.1671  	-0.1061  	0.16947  	0.14072  	-0.5649  	-0.0535  	-0.3637  	-0.4121  	0.44242  	-0.0004  	-0.1306  	0.73820  	0.36403  	-0.1254  	-0.0311  	0.00773  	0.03127  	-0.1640  	-0.0907  	-0.0535  	0.04972  	-0.0208  	-0.0375  	0.03940  	0.01168  	0.02573  	0.01190  	-0.0067  	-0.0607  	0.01225  	0.18476  	0.02617  	0.09840  	-0.0189  	0.00386  	-0.0093  	-0.0119  	-0.3398  	0.46675  	259.293  	237.676  	
-0.2376  	-0.2273  	-1.2022  	-0.3527  	0.12084  	-0.7944  	0.51209  	-0.6672  	-0.1110  	-0.4469  	-0.8789  	1.10128  	0.45958  	0.71491  	-0.0513  	0.62525  	-0.5292  	0.44438  	0.50928  	0.81686  	0.05868  	0.38661  	-0.9346  	0.70952  	0.17946  	0.00737  	-0.1274  	0.37146  	0.03523  	0.17349  	0.02866  	0.20460  	-0.1654  	-0.0895  	0.09095  	0.11854  	-0.6360  	-0.0916  	-0.3165  	-0.4211  	0.45330  	0.00631  	-0.1377  	0.71562  	0.37819  	-0.1209  	-0.0324  	-0.0053  	0.03208  	-0.1481  	-0.0950  	-0.0570  	0.03882  	-0.0294  	-0.0500  	0.04707  	0.00455  	0.02739  	0.01887  	-0.0176  	-0.0566  	0.02997  	0.17152  	0.02272  	0.09743  	-0.0201  	0.00360  	-0.0094  	-0.0124  	-0.3148  	0.46675  	259.293  	237.676  	
-0.2015  	-0.2080  	-1.1742  	-0.4005  	0.07161  	-0.8210  	0.50955  	-0.6136  	-0.0887  	-0.4348  	-0.7767  	1.13856  	0.45070  	0.72277  	-0.0786  	0.65071  	-0.5241  	0.44988  	0.48821  	0.79807  	0.11552  	0.37678  	-0.9253  	0.71709  	0.08399  	0.01497  	-0.1408  	0.30843  	-0.0157  	0.15826  	0.03224  	0.20214  	-0.1330  	-0.1023  	0.08584  	0.07180  	-0.5879  	-0.0626  	-0.3403  	-0.4255  	0.47127  	-0.0057  	-0.1220  	0.71837  	0.37981  	-0.1211  	-0.0249  	-0.0010  	0.03406  	-0.1465  	-0.1088  	-0.0527  	0.04307  	-0.0261  	-0.0530  	0.04165  	-0.0014  	0.02036  	0.01724  	-0.0111  	-0.0564  	0.02928  	0.16936  	0.02384  	0.09669  	-0.0212  	0.00338  	-0.0095  	-0.0124  	-0.3098  	0.46675  	259.293  	237.676  	
-0.2152  	-0.2319  	-1.2426  	-0.3293  	0.14946  	-0.8229  	0.52973  	-0.6494  	-0.0868  	-0.4466  	-0.7627  	1.16243  	0.42721  	0.68192  	-0.0863  	0.61382  	-0.5383  	0.46075  	0.47694  	0.81048  	0.12882  	0.34866  	-0.9549  	0.72451  	0.05380  	0.02178  	-0.1222  	0.36834  	0.00157  	0.16162  	0.03074  	0.20994  	-0.1299  	-0.0964  	0.11696  	0.07404  	-0.6035  	-0.0783  	-0.3452  	-0.4218  	0.47574  	-0.0006  	-0.1325  	0.72428  	0.38817  	-0.1316  	-0.0259  	-0.0036  	0.03403  	-0.1474  	-0.1044  	-0.0511  	0.04341  	-0.0195  	-0.0491  	0.04598  	0.00940  	0.02397  	0.01984  	-0.0106  	-0.0596  	0.02873  	0.17068  	0.02503  	0.09638  	-0.0214  	0.00334  	-0.0097  	-0.0118  	-0.3185  	0.46675  	259.293  	237.676  	
-0.0532  	-0.1591  	-1.1018  	-0.1469  	0.21479  	-0.7760  	0.49666  	-0.4870  	-0.0663  	-0.4996  	-0.7802  	1.24434  	0.51636  	0.80677  	0.19043  	0.58225  	-0.4043  	0.22439  	0.56601  	0.48776  	0.31167  	0.07629  	-1.2541  	0.79459  	-0.0643  	0.13486  	-0.1345  	0.14276  	0.04371  	0.10136  	0.16005  	0.15706  	-0.2317  	-0.2920  	0.09828  	-0.0524  	-0.6611  	-0.0811  	-0.5015  	-0.5133  	0.53181  	0.14095  	-0.2941  	0.82023  	0.30056  	-0.0990  	-0.0578  	0.03372  	0.01043  	-0.1560  	-0.0925  	-0.0430  	0.04025  	-0.0064  	-0.0432  	0.04680  	-0.0082  	0.00797  	0.01090  	0.00095  	-0.0416  	0.01821  	0.15049  	0.01652  	0.09603  	-0.0220  	0.00274  	-0.0099  	-0.0115  	-0.3085  	0.46675  	259.293  	237.676  	
0.15255  	-0.0314  	-0.9102  	-0.0412  	0.19177  	-0.6182  	0.47955  	-0.2939  	-0.0286  	-0.5531  	-0.8074  	1.30967  	0.66153  	0.90558  	0.27641  	0.61616  	-0.3197  	-0.0094  	0.63053  	0.23376  	0.43867  	-0.0866  	-1.4678  	0.79653  	-0.1277  	0.23900  	-0.1118  	0.03963  	0.03684  	0.09542  	0.30419  	0.09928  	-0.2659  	-0.4624  	0.03867  	-0.1214  	-0.7276  	-0.0769  	-0.6026  	-0.6235  	0.59644  	0.26380  	-0.3761  	0.90104  	0.24993  	-0.0833  	-0.0717  	0.06504  	0.00884  	-0.1764  	-0.0987  	-0.0446  	0.04124  	0.00811  	-0.0397  	0.04689  	-0.0065  	-0.0072  	0.01032  	0.00525  	-0.0394  	0.03394  	0.13963  	0.02397  	0.09470  	-0.0222  	0.00255  	-0.0097  	-0.0113  	-0.3016  	0.46675  	259.293  	237.676  	
0.15700  	-0.0365  	-1.0124  	-0.0674  	0.19512  	-0.7457  	0.51440  	-0.3190  	-0.0831  	-0.4748  	-0.9167  	1.12304  	0.73872  	1.01539  	0.26969  	0.52759  	-0.3381  	0.03253  	0.65614  	0.20642  	0.32213  	-0.1085  	-1.6573  	0.83353  	-0.0084  	0.25952  	-0.0874  	0.00987  	0.17089  	0.14294  	0.32089  	0.06243  	-0.2936  	-0.4886  	0.03664  	-0.0579  	-0.8380  	-0.1197  	-0.5701  	-0.6081  	0.55875  	0.31770  	-0.4048  	0.92582  	0.22789  	-0.0860  	-0.0886  	0.09058  	0.01049  	-0.1845  	-0.0928  	-0.0483  	0.03601  	0.00701  	-0.0370  	0.04685  	-0.0159  	-0.0117  	0.00680  	0.01299  	-0.0328  	0.02150  	0.13326  	0.02186  	0.09324  	-0.0222  	0.00239  	-0.0094  	-0.0113  	-0.2951  	0.46675  	259.293  	237.676  	
-0.2576  	-0.1585  	-1.2631  	0.00628  	0.38949  	-0.9939  	0.52540  	-0.4029  	-0.1243  	-0.4274  	-0.8547  	1.32900  	0.72582  	1.01010  	0.09027  	0.53445  	-0.4439  	0.09081  	0.62794  	0.24214  	0.20649  	-0.0957  	-1.6426  	0.82579  	-0.0714  	0.24302  	-0.2668  	0.15627  	0.29036  	0.15002  	0.25802  	0.04007  	-0.3137  	-0.4652  	-0.0135  	0.02405  	-0.9315  	-0.1951  	-0.5118  	-0.5869  	0.59743  	0.29275  	-0.4166  	0.87453  	0.26067  	-0.0828  	-0.0986  	0.05775  	0.01886  	-0.1822  	-0.0943  	-0.0386  	0.05726  	0.01307  	-0.0373  	0.03770  	-0.0089  	-0.0060  	0.01099  	0.01563  	-0.0376  	0.02474  	0.12531  	0.02539  	0.09164  	-0.0221  	0.00224  	-0.0090  	-0.0112  	-0.2891  	0.46675  	259.293  	237.676  	
-0.2607  	-0.2276  	-1.0917  	-0.3645  	0.15248  	-0.7632  	0.51625  	-0.5143  	-0.0830  	-0.4182  	-0.8098  	1.13229  	0.51428  	0.71762  	0.00136  	0.56897  	-0.4406  	0.26617  	0.60858  	0.50424  	0.19756  	0.07511  	-1.2728  	0.76504  	0.03201  	0.12234  	-0.1256  	0.18017  	0.09757  	0.14495  	0.20495  	0.12666  	-0.2529  	-0.3135  	0.00798  	0.00341  	-0.7324  	-0.1137  	-0.4394  	-0.4968  	0.52670  	0.12283  	-0.2670  	0.83090  	0.31509  	-0.1045  	-0.0579  	0.03446  	0.02476  	-0.1669  	-0.0835  	-0.0474  	0.03352  	-0.0101  	-0.0407  	0.04532  	0.00162  	-0.0009  	0.01342  	0.00618  	-0.0507  	0.00886  	0.14845  	0.02314  	0.08992  	-0.0218  	0.00212  	-0.0086  	-0.0113  	-0.2834  	0.46675  	259.293  	237.676  	
-0.1310  	-0.1818  	-1.1518  	-0.3419  	0.11277  	-0.6498  	0.54166  	-0.6096  	-0.0809  	-0.3989  	-0.8924  	1.12324  	0.42347  	0.67502  	-0.1276  	0.65692  	-0.5615  	0.47917  	0.54151  	0.81359  	0.07424  	0.35435  	-0.9324  	0.71348  	0.10957  	0.00563  	-0.1160  	0.32041  	0.00960  	0.18127  	0.02779  	0.21124  	-0.1349  	-0.0875  	0.08223  	0.08524  	-0.6358  	-0.0805  	-0.3017  	-0.3661  	0.48153  	-0.0252  	-0.0937  	0.75674  	0.36212  	-0.1368  	-0.0398  	0.01440  	0.03340  	-0.1523  	-0.0946  	-0.0510  	0.04581  	-0.0172  	-0.0496  	0.04780  	0.00093  	0.01454  	0.01757  	-0.0069  	-0.0639  	0.03301  	0.17152  	0.02123  	0.08807  	-0.0213  	0.00202  	-0.0080  	-0.0115  	-0.2781  	0.46675  	259.293  	237.676  	
-0.2371  	-0.2261  	-1.2104  	-0.3757  	0.10476  	-0.7941  	0.55279  	-0.6688  	-0.1057  	-0.3779  	-0.8315  	1.12615  	0.42086  	0.55011  	-0.2426  	0.66871  	-0.5681  	0.50984  	0.52594  	0.85011  	-0.0065  	0.35813  	-0.9623  	0.66870  	0.11904  	0.00573  	-0.1518  	0.42526  	0.10971  	0.15527  	0.03876  	0.21559  	-0.1588  	-0.1033  	0.01919  	0.14960  	-0.6830  	-0.0961  	-0.2846  	-0.3836  	0.49844  	-0.0223  	-0.0922  	0.75240  	0.36630  	-0.1415  	-0.0329  	0.03062  	0.04373  	-0.1565  	-0.0963  	-0.0512  	0.04342  	-0.0252  	-0.0454  	0.04284  	0.00287  	0.02552  	0.01818  	-0.0117  	-0.0567  	0.02796  	0.18003  	0.02141  	0.08609  	-0.0207  	0.00195  	-0.0075  	-0.0117  	-0.2733  	0.46675  	259.293  	237.676  	
