-0.5367  	-0.1556  	-1.0907  	-0.2552  	0.01447  	-0.2378  	-0.1349  	0.08794  	0.47571  	0.05320  	0.00707  	0.96038  	0.28253  	-0.4645  	-1.5459  	0.15268  	-0.1240  	0.26578  	0.24507  	0.14837  	-0.0534  	0.57813  	-0.2429  	0.31666  	-0.0585  	0.13108  	-0.0902  	-0.3404  	-0.6118  	-0.2472  	0.06071  	0.26863  	-0.2435  	0.00809  	0.03544  	-0.0330  	0.00403  	0.10277  	-0.3174  	-0.2756  	0.43760  	-0.0273  	-0.0340  	0.53246  	0.22803  	-0.0546  	-0.0174  	0.05067  	0.02405  	-0.0266  	-0.1123  	-0.0143  	0.00233  	0.01638  	-0.0190  	-0.0001  	0.01216  	0.02006  	-0.0114  	0.00614  	-0.0026  	-0.0375  	0.04459  	-0.0006  	0.17931  	0.03802  	0.00603  	-0.0004  	0.05871  	0.38001  	
-0.3275  	-0.1286  	-0.9487  	-0.1675  	0.01233  	-0.1959  	-0.1637  	0.14759  	0.52438  	-0.0032  	-0.0732  	1.01704  	0.34237  	-0.3725  	-1.3125  	0.12687  	-0.0842  	0.24168  	0.2633  	0.09771  	-0.0438  	0.58469  	-0.2361  	0.39780  	0.01763  	0.08528  	-0.0015  	-0.4426  	-0.6892  	-0.2121  	0.05981  	0.27444  	-0.2208  	-0.0005  	0.06224  	-0.0690  	0.07560  	0.13545  	-0.3249  	-0.2571  	0.40500  	-0.0262  	-0.0454  	0.53769  	0.23290  	-0.0523  	-0.0203  	0.04774  	0.02295  	-0.0365  	-0.1202  	-0.0090  	-0.0088  	0.02200  	-0.0224  	-0.0042  	-0.0004  	0.01379  	-0.0088  	0.01254  	-0.0011  	-0.0346  	0.05575  	0.00255  	0.18120  	0.04063  	0.00764  	-0.0014  	0.05928  	0.37752  	
-0.0931  	-0.0856  	-0.8818  	-0.0663  	0.02375  	0.16193  	-0.1425  	0.14571  	0.55761  	-0.1192  	-0.3365  	0.95933  	0.41786  	-0.3773  	-1.2629  	0.32623  	-0.0748  	0.30916  	0.28895  	0.00895  	-0.1301  	0.59990  	-0.1870  	0.28810  	0.05138  	0.09553  	-0.0002  	-0.3666  	-0.6411  	-0.1799  	0.02441  	0.32512  	-0.2058  	-0.0130  	0.02452  	-0.0286  	0.06460  	0.13942  	-0.3543  	-0.2633  	0.50499  	-0.0434  	0.01834  	0.55969  	0.22857  	-0.0516  	-0.0195  	0.06780  	0.03382  	-0.0225  	-0.1295  	-0.0202  	-0.0015  	0.02370  	-0.0139  	0.00602  	0.00086  	0.01072  	-0.0039  	0.01227  	-7.0170  	-0.0331  	0.05925  	0.01538  	0.18277  	0.04257  	0.00896  	-0.0023  	0.05967  	0.37583  	
0.06589  	0.00042  	-0.7579  	0.16260  	0.10183  	0.25825  	-0.1285  	0.14434  	0.53778  	-0.1088  	-0.3846  	0.98901  	0.38859  	-0.4063  	-1.2409  	0.42400  	-0.1322  	0.30977  	0.29776  	0.08425  	-0.1867  	0.62222  	-0.2252  	0.26942  	0.03987  	0.08288  	-0.0312  	-0.2855  	-0.5818  	-0.1790  	-0.0016  	0.30887  	-0.2345  	0.01597  	0.04664  	-0.0188  	0.05095  	0.14368  	-0.3387  	-0.2221  	0.45356  	-0.0661  	0.03761  	0.56685  	0.21954  	-0.0528  	-0.0184  	0.07123  	0.04176  	-0.0432  	-0.1034  	-0.0198  	0.00261  	0.01245  	-0.0152  	0.00958  	0.00716  	0.01456  	-0.0091  	0.00628  	-0.0107  	-0.0494  	0.05910  	0.00334  	0.18402  	0.04381  	0.00999  	-0.0033  	0.05991  	0.37494  	
0.08977  	-0.0052  	-0.7416  	0.15355  	0.11876  	0.18984  	-0.1446  	0.13294  	0.50747  	-0.0247  	-0.2192  	1.10839  	0.34718  	-0.4435  	-1.2925  	0.46143  	-0.1880  	0.28569  	0.27971  	0.16159  	-0.1915  	0.56387  	-0.2981  	0.24896  	0.02529  	0.07207  	-0.0875  	-0.2263  	-0.5374  	-0.1792  	-0.0144  	0.32633  	-0.2243  	0.00459  	0.10388  	0.05616  	0.00758  	0.13948  	-0.3125  	-0.2328  	0.44543  	-0.0355  	0.00486  	0.54963  	0.20668  	-0.0608  	-0.0162  	0.07204  	0.04402  	-0.0293  	-0.1029  	-0.0151  	0.00756  	0.02245  	-0.0112  	0.00260  	0.01643  	0.01161  	-0.0162  	0.00655  	-0.0114  	-0.0554  	0.05967  	0.00365  	0.18496  	0.04438  	0.01073  	-0.0041  	0.05998  	0.37487  	
0.10650  	-0.0180  	-0.7339  	0.12981  	0.13284  	0.22494  	-0.0938  	0.05658  	0.52583  	-0.0348  	-0.2790  	1.04218  	0.34661  	-0.4569  	-1.3491  	0.51799  	-0.1875  	0.30928  	0.27923  	0.14324  	-0.2162  	0.57536  	-0.3331  	0.24143  	0.06948  	0.05436  	-0.0694  	-0.2418  	-0.5560  	-0.1679  	-0.0077  	0.32681  	-0.2473  	0.02203  	0.12761  	0.09226  	0.02627  	0.13605  	-0.3280  	-0.2109  	0.44490  	-0.0338  	0.01702  	0.55217  	0.21458  	-0.0585  	-0.0233  	0.06474  	0.04395  	-0.0356  	-0.0937  	-0.0144  	0.00632  	0.02283  	-0.0064  	0.00766  	0.01521  	0.01645  	-0.0107  	0.00584  	-0.0111  	-0.0574  	0.06584  	0.00631  	0.18558  	0.04426  	0.01118  	-0.0049  	0.05988  	0.37560  	
0.04267  	0.00850  	-0.7556  	0.09068  	0.10874  	0.23535  	-0.0879  	0.05440  	0.49823  	-0.0160  	-0.3026  	1.02681  	0.31895  	-0.4777  	-1.4178  	0.51223  	-0.1744  	0.33498  	0.26397  	0.13304  	-0.2490  	0.61994  	-0.3594  	0.20939  	0.08493  	0.08751  	-0.0521  	-0.2528  	-0.5292  	-0.1813  	0.01065  	0.32358  	-0.2522  	0.02373  	0.07172  	0.09094  	0.00315  	0.13562  	-0.3022  	-0.2095  	0.45202  	-0.0521  	0.01721  	0.57002  	0.23112  	-0.0620  	-0.0189  	0.06806  	0.05044  	-0.0351  	-0.0958  	-0.0194  	0.00580  	0.01998  	-0.0018  	0.00581  	0.01015  	0.02056  	-0.0171  	0.00747  	-0.0059  	-0.0550  	0.06166  	0.01015  	0.18589  	0.04346  	0.01135  	-0.0056  	0.05962  	0.37713  	
-0.2595  	-0.0852  	-0.9857  	0.00373  	0.05599  	-0.0002  	-0.0988  	0.03337  	0.48343  	-0.0712  	-0.2625  	0.98012  	0.33282  	-0.4425  	-1.2770  	0.26953  	-0.1259  	0.29325  	0.25244  	0.06537  	-0.1557  	0.62505  	-0.2884  	0.28478  	0.15658  	0.06855  	0.02408  	-0.2809  	-0.5441  	-0.1478  	0.00844  	0.32608  	-0.2868  	0.01682  	0.07805  	0.09185  	0.03814  	0.14527  	-0.3401  	-0.2355  	0.44028  	-0.0456  	-0.0179  	0.54331  	0.21284  	-0.0716  	-0.0087  	0.04855  	0.03947  	-0.0340  	-0.0941  	-0.0110  	0.00341  	0.03063  	-0.0067  	0.00293  	0.01120  	0.02135  	-0.0045  	0.01335  	-0.0093  	-0.0496  	0.06435  	0.00789  	0.18583  	0.04088  	0.01131  	-0.0056  	0.05818  	0.38263  	
-0.0894  	-0.0955  	-0.8990  	0.04529  	0.06374  	0.10932  	-0.1357  	0.08608  	0.51630  	-0.1823  	-0.3407  	1.02095  	0.35395  	-0.3591  	-1.0845  	0.27019  	-0.0846  	0.24392  	0.25349  	0.01911  	-0.0885  	0.64302  	-0.1461  	0.32578  	0.04716  	0.08959  	0.08527  	-0.3854  	-0.6393  	-0.1812  	-0.0078  	0.31458  	-0.2663  	5.86844  	0.11550  	-0.0187  	0.08704  	0.17390  	-0.3833  	-0.2359  	0.41400  	-0.0355  	-0.0314  	0.55318  	0.21328  	-0.0574  	-0.0059  	0.06126  	0.03258  	-0.0382  	-0.1101  	-0.0046  	0.00287  	0.02550  	-0.0101  	0.00497  	0.00535  	0.01308  	0.00265  	0.01027  	-0.0054  	-0.0464  	0.05364  	0.00247  	0.18422  	0.03839  	0.01086  	-0.0063  	0.05785  	0.38525  	
0.00815  	0.00470  	-0.8288  	0.15218  	0.11509  	0.18860  	-0.0932  	0.09734  	0.51987  	-0.1392  	-0.4014  	1.08397  	0.40622  	-0.3008  	-1.1285  	0.28962  	-0.1132  	0.28436  	0.26560  	0.03084  	-0.1991  	0.65406  	-0.1567  	0.28039  	0.05085  	0.08309  	-0.0306  	-0.2821  	-0.5218  	-0.1671  	0.02496  	0.28132  	-0.2265  	0.00826  	0.05260  	-0.0364  	0.02566  	0.14846  	-0.3438  	-0.2141  	0.43818  	-0.0667  	0.02625  	0.57004  	0.21004  	-0.0668  	-0.0100  	0.07016  	0.03467  	-0.0395  	-0.1117  	-0.0117  	0.00086  	0.01835  	-0.0121  	0.01276  	0.00508  	0.00876  	-0.0046  	0.02271  	0.00024  	-0.0432  	0.05285  	0.00498  	0.18376  	0.03523  	0.01005  	-0.0072  	0.05767  	0.38614  	
-0.0555  	0.02701  	-0.8068  	0.10332  	0.11345  	0.14523  	-0.0898  	0.11399  	0.53837  	-0.0817  	-0.4528  	1.03460  	0.43606  	-0.2507  	-1.1795  	0.24423  	-0.1380  	0.30853  	0.25941  	0.06843  	-0.2428  	0.67337  	-0.2285  	0.21136  	0.04137  	0.09823  	-0.0959  	-0.2425  	-0.4856  	-0.1768  	0.03398  	0.25322  	-0.2210  	0.01857  	-0.0003  	0.00063  	-0.0266  	0.12889  	-0.3015  	-0.2248  	0.49641  	-0.0688  	0.04090  	0.57859  	0.21247  	-0.0646  	-0.0237  	0.07062  	0.03593  	-0.0360  	-0.1130  	-0.0120  	0.00139  	0.02035  	-0.0100  	0.01072  	0.00909  	0.01152  	-0.0119  	0.00658  	-0.0009  	-0.0267  	0.04451  	0.00647  	0.18330  	0.03229  	0.00900  	-0.0080  	0.05695  	0.39675  	
-0.1377  	-0.0710  	-0.9451  	0.09696  	0.13145  	0.13774  	-0.1219  	0.09638  	0.52218  	-0.1628  	-0.3594  	1.02267  	0.34821  	-0.4232  	-1.2138  	0.30374  	-0.1092  	0.29859  	0.26273  	0.05948  	-0.1748  	0.60691  	-0.2285  	0.25202  	0.06950  	0.09463  	-0.0065  	-0.2861  	-0.5625  	-0.1674  	0.01967  	0.29455  	-0.2537  	0.01352  	0.06508  	-0.0219  	0.00554  	0.13782  	-0.3098  	-0.2429  	0.44197  	-0.0369  	0.00383  	0.55981  	0.22069  	-0.0619  	-0.0144  	0.04881  	0.03092  	-0.0316  	-0.1005  	-0.0110  	-0.0020  	0.02215  	-0.0142  	0.00818  	0.01697  	0.02024  	-0.0109  	0.00969  	-0.0073  	-0.0405  	0.05526  	0.00479  	0.18344  	0.02838  	0.00796  	-0.0087  	0.05617  	0.40345  	
0.08104  	0.00375  	-0.8140  	0.16485  	0.14111  	0.24164  	-0.1218  	0.07832  	0.51144  	-0.1244  	-0.3791  	1.02942  	0.35097  	-0.4273  	-1.2312  	0.43444  	-0.1379  	0.30253  	0.28534  	0.07802  	-0.1538  	0.62053  	-0.2478  	0.27251  	0.05466  	0.07584  	0.00096  	-0.3057  	-0.5640  	-0.1600  	-0.0041  	0.31549  	-0.2481  	0.01976  	0.08593  	0.02904  	0.04855  	0.13706  	-0.3490  	-0.2318  	0.42163  	-0.0409  	0.00523  	0.57288  	0.22207  	-0.0546  	-0.0135  	0.05572  	0.03829  	-0.0362  	-0.1100  	-0.0147  	0.00103  	0.02067  	-0.0166  	0.00495  	0.00948  	0.01588  	-0.0097  	0.00669  	-0.0138  	-0.0485  	0.05703  	7.78651  	0.18377  	0.02660  	0.00653  	-0.0092  	0.05559  	0.40589  	
0.03860  	-0.0152  	-0.7517  	0.08462  	0.08973  	0.18274  	-0.0822  	0.07515  	0.51229  	-0.0043  	-0.3242  	1.05946  	0.33262  	-0.4774  	-1.3723  	0.48375  	-0.1941  	0.37721  	0.24204  	0.15651  	-0.3138  	0.61453  	-0.3289  	0.18142  	0.05801  	0.08399  	-0.1187  	-0.1634  	-0.4757  	-0.1664  	0.00872  	0.30230  	-0.2387  	0.02282  	0.04032  	0.07973  	-0.0553  	0.12135  	-0.2842  	-0.1956  	0.47951  	-0.0461  	0.02606  	0.57613  	0.21078  	-0.0574  	-0.0182  	0.07804  	0.04862  	-0.0375  	-0.0939  	-0.0141  	0.00898  	0.01175  	-0.0061  	0.00304  	0.01560  	0.01766  	-0.0150  	0.00785  	-0.0126  	-0.0488  	0.06024  	0.00739  	0.18418  	0.02449  	0.00530  	-0.0097  	0.05553  	0.39729  	
-0.1157  	-0.0389  	-0.8677  	0.03780  	0.01748  	0.05908  	-0.0975  	-0.0237  	0.45725  	-0.0119  	-0.3614  	0.95074  	0.37363  	-0.4898  	-1.3968  	0.39275  	-0.1912  	0.33503  	0.25232  	0.12410  	-0.2937  	0.63448  	-0.3288  	0.19497  	0.13295  	0.08370  	-0.1079  	-0.1796  	-0.4504  	-0.1655  	0.03241  	0.31722  	-0.2714  	0.01743  	0.03137  	0.14819  	-0.0766  	0.12462  	-0.2851  	-0.2144  	0.50872  	-0.0472  	0.03271  	0.56120  	0.22278  	-0.0696  	-0.0198  	0.07604  	0.03472  	-0.0485  	-0.0924  	-0.0077  	0.00508  	0.01960  	-0.0080  	0.00260  	0.01634  	0.01423  	-0.0033  	0.01467  	-0.0056  	-0.0557  	0.06738  	0.00742  	0.18425  	0.02383  	0.00458  	-0.0102  	0.05513  	0.39355  	
-0.3919  	-0.1133  	-1.1152  	-0.2008  	0.01719  	-0.1625  	-0.0879  	-0.0814  	0.45638  	0.00186  	-0.1670  	0.98041  	0.31760  	-0.5751  	-1.4581  	0.30457  	-0.1194  	0.31724  	0.25663  	0.09625  	-0.2487  	0.58744  	-0.2447  	0.26097  	0.17020  	0.09998  	-0.0645  	-0.2604  	-0.5018  	-0.1587  	0.04677  	0.27333  	-0.2792  	0.01930  	0.06329  	0.11765  	-0.0094  	0.11635  	-0.3395  	-0.2527  	0.44773  	-0.0222  	-0.0294  	0.55310  	0.23321  	-0.0670  	-0.0188  	0.04999  	0.03179  	-0.0296  	-0.1026  	-0.0057  	0.00395  	0.02309  	-0.0056  	0.01275  	0.00087  	0.01239  	-0.0049  	0.01310  	-0.0085  	-0.0351  	0.06654  	0.00266  	0.18368  	0.02291  	0.00401  	-0.0107  	0.05442  	0.39808  	
-0.5437  	-0.1999  	-1.0850  	-0.3364  	-0.0373  	-0.2545  	-0.1485  	0.00245  	0.47954  	-0.0511  	-0.0140  	0.93454  	0.31664  	-0.5564  	-1.4300  	0.21322  	-0.1205  	0.26952  	0.25873  	0.13580  	-0.1142  	0.57023  	-0.1991  	0.31085  	0.01356  	0.10488  	-0.0795  	-0.2755  	-0.6062  	-0.2108  	0.05484  	0.28561  	-0.2449  	0.00789  	0.07653  	0.02225  	0.04732  	0.14621  	-0.3682  	-0.2980  	0.42722  	-0.0369  	-0.0269  	0.52599  	0.22918  	-0.0551  	-0.0142  	0.04573  	0.03587  	-0.0338  	-0.1202  	-0.0122  	0.00604  	0.02261  	-0.0122  	-0.0015  	0.00947  	0.01945  	-0.0097  	0.01609  	-0.0010  	-0.0449  	0.06085  	0.00460  	0.18142  	0.02303  	0.00345  	-0.0109  	0.05472  	0.39130  	
-0.5887  	-0.1959  	-1.0825  	-0.3014  	-0.0135  	-0.2344  	-0.1240  	-0.0079  	0.48860  	-0.0126  	0.01860  	0.98136  	0.29302  	-0.5520  	-1.4361  	0.20441  	-0.1006  	0.26500  	0.22852  	0.13531  	-0.0946  	0.60602  	-0.1902  	0.29395  	-0.0311  	0.11745  	-0.1059  	-0.3315  	-0.6462  	-0.2287  	0.05775  	0.29422  	-0.2304  	0.00377  	0.04174  	-7.8598  	0.05307  	0.13107  	-0.3475  	-0.2935  	0.44529  	-0.0416  	-0.0213  	0.52786  	0.22353  	-0.0530  	-0.0148  	0.04721  	0.03948  	-0.0304  	-0.1178  	-0.0195  	0.00099  	0.02071  	-0.0091  	0.00047  	0.00872  	0.02218  	-0.0129  	0.00979  	0.00092  	-0.0380  	0.06021  	0.00174  	0.17921  	0.02203  	0.00308  	-0.0111  	0.05553  	0.37935  	
-0.5199  	-0.1433  	-1.0507  	-0.2745  	0.01453  	-0.2201  	-0.1272  	0.03602  	0.49708  	-0.0109  	-0.0085  	0.95336  	0.29503  	-0.5422  	-1.4533  	0.20737  	-0.0973  	0.28259  	0.24262  	0.17728  	-0.0736  	0.55454  	-0.2081  	0.30544  	-0.0227  	0.11168  	-0.1067  	-0.3196  	-0.6200  	-0.2276  	0.03259  	0.27986  	-0.2398  	0.01693  	0.05766  	-0.0222  	0.06730  	0.12048  	-0.3291  	-0.2918  	0.45526  	-0.0441  	-0.0353  	0.53166  	0.22562  	-0.0542  	-0.0185  	0.05052  	0.03699  	-0.0323  	-0.1138  	-0.0154  	-0.0017  	0.02076  	-0.0143  	0.00501  	0.01186  	0.02217  	-0.0114  	0.00992  	-0.0012  	-0.0430  	0.05910  	0.00395  	0.17596  	0.02149  	0.00263  	-0.0116  	0.05599  	0.38006  	
-0.3673  	-0.1341  	-1.0120  	-0.1761  	0.01610  	-0.1429  	-0.1558  	0.07093  	0.51797  	-0.0293  	-0.0977  	1.00915  	0.35839  	-0.4764  	-1.3539  	0.20974  	-0.0989  	0.30200  	0.25648  	0.14902  	-0.1131  	0.56565  	-0.1699  	0.30883  	0.00517  	0.09717  	-0.1094  	-0.3257  	-0.6161  	-0.2269  	0.03603  	0.27756  	-0.2346  	0.01173  	0.03029  	-0.0219  	0.02909  	0.12227  	-0.3056  	-0.2762  	0.45532  	-0.0449  	-0.0279  	0.54186  	0.22049  	-0.0527  	-0.0137  	0.05657  	0.03929  	-0.0355  	-0.1109  	-0.0107  	-0.0001  	0.01760  	-0.0162  	-0.0022  	0.01010  	0.02152  	-0.0099  	0.00696  	-0.0026  	-0.0473  	0.05897  	0.00784  	0.17344  	0.02026  	0.00273  	-0.0118  	0.05634  	0.37518  	
-0.3182  	-0.0765  	-0.9453  	-0.1868  	0.00524  	-0.0013  	-0.1177  	0.06617  	0.51315  	-0.0241  	-0.2078  	0.98611  	0.39285  	-0.4208  	-1.3216  	0.22250  	-0.1057  	0.29709  	0.24799  	0.09394  	-0.1816  	0.61592  	-0.1387  	0.27960  	0.04524  	0.10487  	-0.0743  	-0.2830  	-0.5240  	-0.2055  	0.04732  	0.26064  	-0.2423  	0.00941  	-0.0131  	-0.0220  	-0.0123  	0.11050  	-0.2872  	-0.2465  	0.47715  	-0.0492  	0.01073  	0.56216  	0.21626  	-0.0602  	-0.0151  	0.07137  	0.04492  	-0.0374  	-0.1104  	-0.0102  	-0.0025  	0.02096  	-0.0172  	7.28038  	0.00785  	0.01574  	-0.0074  	0.00997  	-0.0031  	-0.0444  	0.05795  	0.00240  	0.17145  	0.02031  	0.00316  	-0.0119  	0.05706  	0.36802  	
-0.3305  	-0.0844  	-0.9585  	-0.1353  	0.00949  	0.08871  	-0.1045  	0.03012  	0.51627  	-0.0498  	-0.3845  	0.98299  	0.38751  	-0.5044  	-1.3178  	0.26022  	-0.1057  	0.36663  	0.26810  	0.08188  	-0.3460  	0.64624  	-0.1369  	0.16144  	0.03585  	0.13555  	-0.1565  	-0.1242  	-0.4185  	-0.1957  	0.08599  	0.27601  	-0.2465  	0.01529  	-0.1537  	0.00035  	-0.1017  	0.10182  	-0.2311  	-0.2542  	0.51798  	-0.0760  	0.04426  	0.57942  	0.21682  	-0.0694  	-0.0263  	0.08892  	0.04064  	-0.0326  	-0.1114  	-0.0118  	0.00020  	0.01418  	-0.0117  	0.00096  	0.00858  	0.01492  	-0.0027  	0.00569  	0.00071  	-0.0416  	0.06162  	0.00479  	0.17145  	0.01948  	0.00363  	-0.0121  	0.05760  	0.36645  	
-0.2415  	-0.0425  	-0.9270  	-0.0401  	0.01942  	0.09153  	-0.1306  	0.05152  	0.52155  	-0.1106  	-0.4046  	1.03182  	0.37178  	-0.5409  	-1.2496  	0.28909  	-0.0662  	0.35726  	0.25531  	0.07690  	-0.2887  	0.64507  	-0.1280  	0.17737  	0.00833  	0.12512  	-0.1493  	-0.1872  	-0.4558  	-0.1890  	0.04615  	0.27502  	-0.2388  	0.02834  	-0.1170  	-0.0151  	-0.0552  	0.14104  	-0.2640  	-0.2433  	0.53246  	-0.0646  	0.03640  	0.57544  	0.20803  	-0.0616  	-0.0201  	0.07227  	0.03591  	-0.0356  	-0.1145  	-0.0109  	0.00090  	0.02200  	-0.0117  	-0.0029  	0.00931  	0.01797  	-0.0067  	0.00992  	-0.0015  	-0.0332  	0.05741  	0.01104  	0.17313  	0.01946  	0.00397  	-0.0122  	0.05682  	0.37451  	
-0.1006  	-0.0117  	-0.8866  	0.13826  	0.10560  	0.11802  	-0.1563  	0.10838  	0.52503  	-0.1520  	-0.3786  	1.09930  	0.35059  	-0.4082  	-1.1342  	0.29944  	-0.0977  	0.29669  	0.24608  	0.03337  	-0.1872  	0.63548  	-0.1489  	0.21908  	-0.0226  	0.11279  	-0.1124  	-0.2712  	-0.5272  	-0.1708  	0.02279  	0.28806  	-0.2325  	0.01996  	-0.0055  	-0.0550  	0.02177  	0.16127  	-0.3107  	-0.2420  	0.49754  	-0.0566  	0.02844  	0.57392  	0.21169  	-0.0564  	-0.0131  	0.05121  	0.02900  	-0.0324  	-0.1219  	-0.0099  	0.00120  	0.02630  	-0.0146  	0.00090  	0.00577  	0.01353  	-0.0156  	0.00785  	-0.0066  	-0.0379  	0.04842  	0.00254  	0.17637  	0.01968  	0.00430  	-0.0126  	0.05596  	0.38334  	
0.03856  	0.01626  	-0.8298  	0.20343  	0.11425  	0.19584  	-0.1524  	0.15506  	0.53697  	-0.2018  	-0.3157  	1.11734  	0.36982  	-0.3113  	-1.0341  	0.30217  	-0.1134  	0.26338  	0.23439  	0.04724  	-0.0557  	0.62452  	-0.1577  	0.25721  	-0.0244  	0.09669  	-0.0631  	-0.3467  	-0.6029  	-0.1827  	0.03055  	0.29825  	-0.2188  	0.00933  	0.09172  	-0.0915  	0.08623  	0.16791  	-0.3472  	-0.2664  	0.46551  	-0.0494  	0.00125  	0.56093  	0.21779  	-0.0545  	-0.0140  	0.05337  	0.02837  	-0.0296  	-0.1169  	-0.0128  	0.00103  	0.01761  	-0.0167  	0.00998  	0.00613  	0.01590  	-0.0144  	0.00754  	0.00206  	-0.0440  	0.05285  	0.00616  	0.17973  	0.02234  	0.00453  	-0.0126  	0.05567  	0.37574  	
0.22450  	0.10647  	-0.7095  	0.29858  	0.12276  	0.30070  	-0.1196  	0.24336  	0.57460  	-0.2138  	-0.2931  	1.09620  	0.41592  	-0.1466  	-0.9439  	0.37910  	-0.1209  	0.22337  	0.23585  	0.00328  	0.10147  	0.64259  	-0.1789  	0.30183  	-0.0341  	0.07110  	0.03749  	-0.4604  	-0.7182  	-0.1910  	0.00992  	0.32738  	-0.2217  	0.01570  	0.18968  	-0.1350  	0.16152  	0.19899  	-0.3880  	-0.2838  	0.40834  	-0.0503  	-0.0025  	0.54852  	0.21347  	-0.0522  	-0.0121  	0.06322  	0.03298  	-0.0255  	-0.1127  	-0.0088  	0.00593  	0.02213  	-0.0143  	0.01613  	-0.0034  	0.01594  	-0.0098  	0.00359  	-0.0024  	-0.0357  	0.04845  	0.00117  	0.18280  	0.02433  	0.00507  	-0.0126  	0.05578  	0.35911  	
0.35834  	0.14856  	-0.6150  	0.34309  	0.11912  	0.37043  	-0.1084  	0.29253  	0.63129  	-0.2429  	-0.2676  	1.10995  	0.41788  	-0.1010  	-0.9337  	0.43437  	-0.1286  	0.18718  	0.24337  	-0.0258  	0.16333  	0.64904  	-0.1526  	0.33800  	-0.0445  	0.06208  	0.06827  	-0.5523  	-0.8117  	-0.1966  	0.00031  	0.34544  	-0.2010  	0.00458  	0.22805  	-0.1588  	0.22237  	0.21462  	-0.4146  	-0.3087  	0.39768  	-0.0498  	0.00427  	0.55677  	0.21179  	-0.0548  	-0.0167  	0.06472  	0.04128  	-0.0206  	-0.1182  	-0.0127  	0.00778  	0.02849  	-0.0161  	0.02118  	-0.0024  	0.01610  	-0.0150  	0.01061  	-0.0008  	-0.0320  	0.04720  	-4.6182  	0.18427  	0.02709  	0.00522  	-0.0123  	0.05547  	0.35973  	
0.41561  	0.14342  	-0.5808  	0.35358  	0.11286  	0.43363  	-0.1029  	0.32952  	0.64519  	-0.2739  	-0.2739  	1.11739  	0.43669  	-0.0652  	-0.8906  	0.47145  	-0.1089  	0.16880  	0.25940  	-0.0638  	0.17900  	0.66704  	-0.1255  	0.38961  	-0.0237  	0.05355  	0.12907  	-0.6052  	-0.8518  	-0.1799  	0.00115  	0.35850  	-0.2039  	0.00457  	0.25505  	-0.1649  	0.25973  	0.22689  	-0.4128  	-0.3166  	0.37217  	-0.0435  	0.00651  	0.55092  	0.20876  	-0.0555  	-0.0206  	0.07429  	0.04849  	-0.0269  	-0.1185  	-0.0092  	0.00809  	0.03125  	-0.0151  	0.02306  	-0.0048  	0.01730  	-0.0151  	0.01786  	-0.0020  	-0.0374  	0.05591  	0.00193  	0.18272  	0.02865  	0.00530  	-0.0122  	0.05471  	0.37491  	
0.41591  	0.13650  	-0.5815  	0.35817  	0.11281  	0.44404  	-0.1014  	0.33841  	0.64798  	-0.2717  	-0.2771  	1.12151  	0.44383  	-0.0633  	-0.8906  	0.47432  	-0.1030  	0.16806  	0.25800  	-0.0598  	0.18043  	0.66546  	-0.1195  	0.39499  	-0.0214  	0.05418  	0.13302  	-0.6020  	-0.8529  	-0.1784  	0.00051  	0.35828  	-0.2067  	0.00581  	0.25130  	-0.1656  	0.25847  	0.22732  	-0.4076  	-0.3179  	0.36716  	-0.0435  	0.00619  	0.55219  	0.21018  	-0.0549  	-0.0215  	0.07483  	0.04918  	-0.0275  	-0.1174  	-0.0088  	0.00833  	0.03066  	-0.0149  	0.02297  	-0.0063  	0.01783  	-0.0149  	0.01811  	-0.0011  	-0.0375  	0.05689  	0.00323  	0.17931  	0.03016  	0.00542  	-0.0113  	0.05522  	0.37686  	
0.40057  	0.13486  	-0.5894  	0.34824  	0.10827  	0.42895  	-0.1040  	0.33551  	0.64903  	-0.2637  	-0.2684  	1.13417  	0.43748  	-0.0722  	-0.9022  	0.46813  	-0.1024  	0.17068  	0.25366  	-0.0573  	0.16967  	0.66109  	-0.1175  	0.38030  	-0.0302  	0.05826  	0.11558  	-0.5854  	-0.8457  	-0.1830  	0.00423  	0.35525  	-0.2033  	0.00687  	0.23894  	-0.1668  	0.25694  	0.22788  	-0.4090  	-0.3243  	0.38193  	-0.0472  	0.01066  	0.55146  	0.20917  	-0.0549  	-0.0207  	0.07364  	0.04776  	-0.0265  	-0.1198  	-0.0079  	0.00796  	0.03164  	-0.0155  	0.02200  	-0.0067  	0.01736  	-0.0137  	0.01762  	-0.0005  	-0.0368  	0.05499  	0.00304  	0.17687  	0.03091  	0.00543  	-0.0104  	0.05648  	0.37393  	
0.07984  	0.07677  	-0.7418  	0.13147  	0.06966  	0.19018  	-0.1219  	0.19341  	0.57938  	-0.1744  	-0.2614  	1.10289  	0.40965  	-0.2101  	-1.1205  	0.36783  	-0.1396  	0.28582  	0.24079  	0.05556  	-0.0460  	0.60793  	-0.1900  	0.25570  	-0.0259  	0.09693  	-0.0347  	-0.3358  	-0.6524  	-0.1963  	0.04239  	0.29335  	-0.1992  	0.00635  	0.11468  	-0.0859  	0.09856  	0.16217  	-0.3456  	-0.2629  	0.46668  	-0.0468  	0.01067  	0.55474  	0.20946  	-0.0518  	-0.0175  	0.06229  	0.02747  	-0.0211  	-0.1190  	-0.0105  	0.00899  	0.02121  	-0.0172  	0.00803  	0.00478  	0.01766  	-0.0091  	0.00668  	-0.0034  	-0.0315  	0.05335  	0.00783  	0.17446  	0.03260  	0.00529  	-0.0094  	0.05751  	0.38679  	
-0.0609  	-0.0332  	-0.8607  	0.04758  	0.05371  	0.05831  	-0.1111  	0.07362  	0.52504  	-0.1082  	-0.3068  	1.04730  	0.38236  	-0.3691  	-1.1929  	0.30687  	-0.1223  	0.30865  	0.21778  	0.07639  	-0.2054  	0.63529  	-0.1911  	0.22507  	0.02571  	0.10090  	-0.0841  	-0.2506  	-0.5332  	-0.1837  	0.01887  	0.30372  	-0.2282  	0.01505  	0.01869  	-0.0195  	-0.0005  	0.15392  	-0.3199  	-0.2253  	0.48971  	-0.0515  	0.02664  	0.56191  	0.21630  	-0.0570  	-0.0109  	0.06044  	0.04101  	-0.0328  	-0.1163  	-0.0123  	0.00511  	0.01942  	-0.0126  	0.00022  	0.00426  	0.01527  	-0.0046  	0.01248  	-0.0034  	-0.0373  	0.05667  	0.00807  	0.17344  	0.03355  	0.00567  	-0.0079  	0.05850  	0.38292  	
-0.1774  	-0.1019  	-0.9675  	0.06653  	0.08212  	0.02583  	-0.0973  	0.02078  	0.50145  	-0.1182  	-0.3057  	1.02510  	0.32708  	-0.4942  	-1.2355  	0.29342  	-0.1286  	0.30678  	0.23967  	0.05721  	-0.2709  	0.63400  	-0.2131  	0.21608  	0.04097  	0.11315  	-0.0858  	-0.2038  	-0.4765  	-0.1686  	0.02250  	0.29625  	-0.2620  	0.01984  	0.00163  	0.02477  	-0.0083  	0.14458  	-0.3080  	-0.2451  	0.47602  	-0.0395  	0.01460  	0.55812  	0.21832  	-0.0607  	-0.0167  	0.05727  	0.03658  	-0.0379  	-0.1080  	-0.0073  	0.00257  	0.02499  	-0.0075  	0.00179  	0.00901  	0.01755  	-0.0037  	0.01249  	-0.0021  	-0.0445  	0.05259  	0.00714  	0.17318  	0.03565  	0.00626  	-0.0063  	0.05951  	0.38418  	
-0.2727  	-0.1109  	-1.0156  	-0.0013  	0.08021  	-0.0008  	-0.1050  	0.01228  	0.49834  	-0.1079  	-0.2909  	1.01210  	0.30928  	-0.5398  	-1.2978  	0.29175  	-0.1101  	0.31533  	0.24819  	0.06701  	-0.2679  	0.60617  	-0.2121  	0.19069  	0.02803  	0.11936  	-0.1056  	-0.1790  	-0.4766  	-0.1701  	0.03202  	0.28367  	-0.2716  	0.01850  	-0.0194  	0.03256  	-0.0244  	0.13283  	-0.2928  	-0.2557  	0.49242  	-0.0451  	0.01329  	0.56174  	0.22210  	-0.0609  	-0.0137  	0.05787  	0.03172  	-0.0368  	-0.1131  	-0.0078  	0.00637  	0.02088  	-0.0083  	0.00053  	0.00886  	0.01873  	-0.0073  	0.00596  	-0.0010  	-0.0464  	0.05535  	0.00830  	0.17426  	0.03671  	0.00678  	-0.0052  	0.05995  	0.39048  	
-0.2411  	-0.0960  	-1.0159  	0.04178  	0.13762  	0.04192  	-0.1264  	0.04152  	0.48478  	-0.1014  	-0.2837  	1.06596  	0.35083  	-0.4665  	-1.2380  	0.30300  	-0.1225  	0.32109  	0.25668  	0.09148  	-0.2514  	0.60733  	-0.2383  	0.20525  	-0.0040  	0.11168  	-0.1043  	-0.1870  	-0.4977  	-0.1682  	0.03471  	0.27962  	-0.2581  	0.01629  	0.01241  	0.01365  	-0.0381  	0.11821  	-0.2961  	-0.2571  	0.47873  	-0.0502  	0.00487  	0.55707  	0.22138  	-0.0604  	-0.0133  	0.05473  	0.03321  	-0.0341  	-0.1111  	-0.0091  	0.00891  	0.01751  	-0.0127  	0.00020  	0.01137  	0.02042  	-0.0087  	0.00785  	-0.0016  	-0.0477  	0.05507  	0.00574  	0.17622  	0.03839  	0.00760  	-0.0042  	0.05949  	0.39257  	
-0.0840  	-0.0273  	-0.8983  	0.21425  	0.19896  	0.09052  	-0.1516  	0.13938  	0.48949  	-0.1630  	-0.3436  	1.12876  	0.45170  	-0.3767  	-1.0765  	0.21662  	-0.0329  	0.14541  	0.30357  	-0.1578  	-0.1408  	0.39823  	-0.5269  	0.23417  	-0.0862  	0.20566  	-0.1350  	-0.2584  	-0.4297  	-0.1988  	0.15259  	0.23067  	-0.3203  	-0.1356  	-0.0209  	-0.0577  	-0.1317  	0.11182  	-0.4149  	-0.3272  	0.52938  	0.08789  	-0.1083  	0.62899  	0.15704  	-0.0346  	-0.0370  	0.06933  	0.02163  	-0.0377  	-0.0996  	-0.0073  	0.00833  	0.03580  	-0.0108  	0.00226  	0.01205  	0.00499  	-0.0064  	0.02229  	0.00135  	-0.0467  	0.03656  	0.00539  	0.17843  	0.03969  	0.00882  	-0.0040  	0.05893  	0.40152  	
0.36106  	0.14788  	-0.5742  	0.32906  	0.11993  	0.21185  	-0.1753  	0.33332  	0.54691  	-0.1538  	-0.3406  	1.12450  	0.59649  	-0.1804  	-0.9748  	0.31357  	0.04325  	-0.0382  	0.36437  	-0.3876  	0.06379  	0.21501  	-0.7108  	0.29983  	-0.1287  	0.27693  	-0.0542  	-0.5465  	-0.5158  	-0.1957  	0.24863  	0.22155  	-0.3765  	-0.2915  	-0.0081  	-0.1559  	-0.1247  	0.14794  	-0.5047  	-0.4268  	0.57731  	0.19012  	-0.1821  	0.69570  	0.10151  	-0.0167  	-0.0738  	0.11060  	0.02512  	-0.0523  	-0.1165  	-0.0028  	0.01187  	0.05706  	-0.0018  	0.00377  	-0.0183  	-0.0026  	-0.0145  	0.02085  	0.00684  	-0.0389  	0.02929  	-0.0005  	0.17947  	0.04158  	0.01001  	-0.0039  	0.05918  	0.38639  	
-0.1526  	-0.0259  	-0.8749  	0.19616  	0.18604  	-0.1121  	-0.1402  	0.24780  	0.49410  	-0.0951  	-0.1518  	1.07757  	0.51351  	-0.2774  	-1.2743  	0.24785  	0.00374  	0.00097  	0.40083  	-0.3634  	0.01827  	0.10910  	-0.8977  	0.40635  	-0.0936  	0.32083  	-0.0939  	-0.4938  	-0.4793  	-0.2647  	0.27151  	0.14447  	-0.3720  	-0.3364  	0.01903  	-0.0572  	-0.1646  	0.10992  	-0.5703  	-0.3967  	0.57076  	0.25376  	-0.2451  	0.69681  	0.10052  	-0.0143  	-0.0688  	0.09112  	0.00317  	-0.0623  	-0.1058  	-0.0088  	-0.0027  	0.05125  	0.00143  	-0.0020  	-0.0058  	-0.0094  	0.00116  	0.03612  	-0.0046  	-0.0513  	0.01447  	0.00137  	0.18079  	0.04133  	0.01084  	-0.0042  	0.05951  	0.37265  	
-0.2877  	-0.1281  	-0.9071  	-0.0461  	0.15589  	-0.1128  	-0.1386  	0.19225  	0.40881  	-0.2121  	-0.0353  	1.03768  	0.37154  	-0.4892  	-1.0898  	0.05317  	0.07251  	-0.0706  	0.37635  	-0.4136  	0.14965  	0.12981  	-0.7738  	0.35716  	-0.1213  	0.30572  	0.05237  	-0.5434  	-0.5712  	-0.2669  	0.24322  	0.18396  	-0.3982  	-0.3135  	0.07300  	-0.0782  	-0.0475  	0.13328  	-0.6086  	-0.4017  	0.51664  	0.21212  	-0.2678  	0.67966  	0.13457  	-0.0132  	-0.0500  	0.06737  	-0.0121  	-0.0487  	-0.0869  	0.00078  	-0.0059  	0.04496  	-0.0087  	0.00259  	0.00764  	-0.0035  	-0.0205  	0.03435  	0.00075  	-0.0555  	0.01914  	-0.0025  	0.18043  	0.04056  	0.01054  	-0.0049  	0.05914  	0.38186  	
0.30281  	0.05166  	-0.7514  	0.25780  	0.22507  	0.14538  	-0.0845  	0.26128  	0.52886  	-0.1300  	-0.4228  	1.12410  	0.55429  	-0.1020  	-0.7924  	0.15922  	-0.0780  	0.02443  	0.29652  	-0.2467  	0.08322  	0.41794  	-0.4893  	0.41984  	-0.0911  	0.15829  	0.06789  	-0.5856  	-0.6220  	-0.1732  	0.16074  	0.26127  	-0.2999  	-0.1583  	0.12650  	-0.1836  	0.01109  	0.10584  	-0.4897  	-0.3177  	0.43150  	0.10684  	-0.1406  	0.63957  	0.16196  	-0.0391  	-0.0390  	0.08774  	0.03605  	-0.0213  	-0.1004  	-0.0120  	-0.0021  	0.04500  	-0.0153  	0.02087  	0.00932  	-0.0056  	-0.0233  	0.02476  	0.00505  	-0.0394  	0.02706  	0.00183  	0.17928  	0.03823  	0.00990  	-0.0060  	0.05792  	0.38766  	
0.50345  	0.08065  	-0.5451  	0.42807  	0.25178  	0.47521  	-0.0210  	0.24374  	0.59291  	-0.1329  	-0.9330  	0.90407  	0.65418  	0.24201  	-0.5723  	0.07208  	-0.0783  	0.16431  	0.25048  	-0.1747  	-0.0964  	0.77938  	-0.0770  	0.27729  	0.17568  	0.06646  	0.15698  	-0.5146  	-0.5592  	-0.0801  	0.06910  	0.26101  	-0.2319  	0.02174  	0.08278  	-0.1214  	0.02364  	0.12128  	-0.2766  	-0.2325  	0.40505  	-0.0186  	0.03710  	0.58974  	0.20331  	-0.0673  	-0.0357  	0.12656  	0.08146  	-0.0317  	-0.1141  	-0.0037  	-0.0008  	0.02846  	-0.0128  	0.02215  	-0.0063  	0.01598  	-0.0194  	0.01029  	-0.0057  	-0.0323  	0.06219  	-0.0048  	0.17854  	0.03633  	0.00907  	-0.0067  	0.05746  	0.38915  	
0.31385  	0.13526  	-0.7057  	0.27101  	0.19502  	0.23088  	0.00232  	0.18221  	0.47767  	-0.0497  	-0.7069  	0.76428  	0.60252  	0.14819  	-0.7778  	0.06275  	-0.1115  	0.10512  	0.24112  	-0.1069  	-0.1601  	0.78380  	-0.2241  	0.40785  	0.35469  	0.04829  	0.32367  	-0.5741  	-0.5825  	-0.0185  	0.03251  	0.31425  	-0.2756  	-0.0023  	0.15988  	-0.0409  	0.03649  	0.09927  	-0.2799  	-0.2108  	0.34754  	-0.0081  	-0.0070  	0.55671  	0.19743  	-0.0574  	-0.0415  	0.11445  	0.06515  	-0.0309  	-0.1161  	-0.0080  	-0.0098  	0.02680  	-0.0249  	0.00680  	0.00106  	0.01036  	-0.0123  	0.00865  	0.00044  	-0.0341  	0.07205  	-0.0098  	0.17911  	0.03415  	0.00801  	-0.0078  	0.05705  	0.39445  	
-0.3042  	-0.1490  	-1.0679  	0.29798  	0.20130  	-0.0017  	-0.1143  	0.20916  	0.47735  	-0.0794  	-0.2141  	1.06722  	0.39155  	-0.2533  	-1.0741  	0.27633  	-0.1685  	0.32811  	0.23105  	0.18336  	-0.0523  	0.59295  	-0.3203  	0.32232  	-0.0352  	0.07885  	-0.1489  	-0.2175  	-0.5631  	-0.1828  	-0.0073  	0.29857  	-0.2215  	0.00777  	0.15108  	-0.0575  	-0.0279  	0.07978  	-0.3390  	-0.1869  	0.32557  	-0.0146  	-0.0573  	0.53477  	0.23175  	-0.0551  	-0.0001  	0.04797  	0.02116  	-0.0274  	-0.1073  	-0.0154  	0.00016  	0.02821  	-0.0164  	0.00136  	0.01671  	0.00438  	-0.0015  	0.01872  	-0.0149  	-0.0288  	0.03599  	-0.0029  	0.17956  	0.03234  	0.00699  	-0.0086  	0.05593  	0.40868  	
-0.4602  	-0.2045  	-1.1121  	0.29031  	0.29017  	-0.1625  	-0.0845  	0.06262  	0.45431  	-0.0155  	-0.1294  	1.16660  	0.36489  	-0.3859  	-1.2099  	0.27006  	-0.2310  	0.35983  	0.18415  	0.27577  	-0.1733  	0.57049  	-0.3450  	0.28834  	-0.0437  	0.10228  	-0.2104  	-0.1607  	-0.5643  	-0.2072  	0.03145  	0.24791  	-0.1845  	0.03575  	0.12834  	-0.0384  	-0.0696  	0.06566  	-0.3006  	-0.2275  	0.35764  	0.00048  	-0.0573  	0.51070  	0.25203  	-0.0543  	-0.0217  	0.04489  	0.04277  	-0.0239  	-0.1112  	-0.0089  	0.00196  	0.02297  	-0.0145  	0.00316  	0.01055  	0.01508  	-0.0053  	0.01623  	-0.0171  	-0.0391  	0.04708  	0.00599  	0.18063  	0.02943  	0.00620  	-0.0093  	0.05469  	0.41866  	
-0.3194  	-0.1311  	-1.1293  	0.33245  	0.36117  	-0.1309  	-0.0351  	0.10348  	0.47684  	-0.0517  	-0.1154  	1.30002  	0.47222  	-0.2777  	-1.1499  	0.18005  	-0.2673  	0.33918  	0.20609  	0.29213  	-0.2069  	0.60517  	-0.3960  	0.28782  	-0.0002  	0.11840  	-0.1969  	-0.0355  	-0.4802  	-0.1782  	0.00811  	0.20853  	-0.1680  	0.04687  	0.10321  	-0.0072  	-0.0988  	0.05808  	-0.2727  	-0.2454  	0.36920  	0.00168  	-0.0617  	0.50499  	0.25714  	-0.0549  	-0.0196  	0.05789  	0.04859  	-0.0341  	-0.1094  	-0.0150  	-0.0028  	0.01581  	-0.0251  	0.00553  	0.01458  	0.02060  	-0.0028  	0.00284  	-0.0145  	-0.0490  	0.04625  	-0.0031  	0.18222  	0.02789  	0.00542  	-0.0098  	0.05357  	0.42997  	
-0.0448  	0.00697  	-0.9077  	0.28466  	0.24500  	0.18860  	-0.1135  	0.14752  	0.55368  	-0.2217  	-0.4114  	1.24877  	0.45781  	-0.1602  	-0.9648  	0.28863  	-0.1621  	0.28714  	0.29287  	0.13981  	-0.1616  	0.62004  	-0.3180  	0.30132  	0.00752  	0.06283  	-0.1141  	-0.2236  	-0.5546  	-0.1363  	0.00871  	0.26348  	-0.2324  	0.01695  	0.08825  	-0.0330  	-0.0315  	0.12737  	-0.2733  	-0.2022  	0.40076  	-0.0255  	-0.0190  	0.52361  	0.22121  	-0.0410  	-0.0185  	0.07951  	0.03285  	-0.0315  	-0.1168  	-0.0112  	-0.0038  	0.02602  	-0.0158  	0.01558  	0.01269  	0.00523  	-0.0022  	0.01807  	-0.0040  	-0.0502  	0.03891  	-0.0036  	0.18360  	0.02610  	0.00501  	-0.0104  	0.05295  	0.43186  	
0.17205  	0.01975  	-0.7347  	0.24480  	0.16984  	0.28021  	-0.1250  	0.10816  	0.56676  	-0.0909  	-0.4533  	1.04661  	0.41441  	-0.3829  	-1.2063  	0.46353  	-0.1377  	0.32475  	0.30356  	0.09259  	-0.1661  	0.60939  	-0.2891  	0.27113  	0.04051  	0.06263  	-0.0302  	-0.3045  	-0.5862  	-0.1593  	-0.0068  	0.33965  	-0.2239  	0.00891  	0.09565  	-0.0021  	0.01738  	0.12985  	-0.3302  	-0.2274  	0.45158  	-0.0370  	0.00821  	0.55499  	0.22677  	-0.0490  	-0.0292  	0.07686  	0.04809  	-0.0385  	-0.1148  	-0.0175  	0.00221  	0.01668  	-0.0177  	0.01035  	0.00887  	0.01757  	-0.0083  	0.01403  	-0.0058  	-0.0540  	0.05841  	0.00492  	0.18414  	0.02545  	0.00510  	-0.0108  	0.05211  	0.43039  	
0.09773  	-0.0222  	-0.7393  	0.19217  	0.14619  	0.16813  	-0.0922  	0.04879  	0.49175  	-0.0310  	-0.3546  	1.04551  	0.33654  	-0.4881  	-1.3671  	0.50625  	-0.1838  	0.36007  	0.28268  	0.15998  	-0.2418  	0.62163  	-0.3652  	0.22297  	0.16033  	0.05238  	-0.0694  	-0.1883  	-0.4828  	-0.1312  	-0.0174  	0.32036  	-0.2691  	0.00931  	0.06288  	0.11453  	-0.0215  	0.11647  	-0.2988  	-0.2187  	0.43450  	-0.0318  	0.01697  	0.55839  	0.22491  	-0.0602  	-0.0249  	0.08630  	0.04978  	-0.0362  	-0.0877  	-0.0176  	0.00725  	0.01362  	-0.0053  	0.01105  	0.02462  	0.01650  	-0.0091  	0.01103  	-0.0090  	-0.0637  	0.06313  	0.00590  	0.18374  	0.02454  	0.00531  	-0.0113  	0.05129  	0.43410  	
-0.1461  	-0.0537  	-0.8895  	0.11083  	0.08298  	0.13330  	-0.1233  	0.02827  	0.46176  	-0.0943  	-0.3406  	0.98216  	0.26764  	-0.4896  	-1.3406  	0.40128  	-0.1154  	0.30623  	0.28351  	0.10468  	-0.1928  	0.62972  	-0.3039  	0.30131  	0.16430  	0.04493  	0.04257  	-0.2739  	-0.4986  	-0.1163  	-0.0345  	0.34218  	-0.2960  	-0.0095  	0.07627  	0.13289  	0.02276  	0.13012  	-0.3172  	-0.2178  	0.43028  	-0.0481  	-0.0040  	0.56772  	0.21673  	-0.0570  	-0.0208  	0.05186  	0.04011  	-0.0361  	-0.0892  	-0.0123  	0.00970  	0.01845  	-0.0066  	0.00756  	0.01788  	0.02460  	-0.0087  	0.01357  	-0.0063  	-0.0638  	0.06603  	0.00652  	0.18143  	0.02453  	0.00530  	-0.0114  	0.05167  	0.42271  	
-0.1228  	-0.1176  	-0.9389  	0.13852  	0.07732  	0.16593  	-0.1549  	-0.0228  	0.46275  	-0.1690  	-0.3534  	0.96000  	0.29988  	-0.5600  	-1.2944  	0.35099  	-0.1031  	0.26520  	0.25294  	0.04152  	-0.1995  	0.60878  	-0.2129  	0.30544  	0.16101  	0.07672  	0.03621  	-0.2948  	-0.5756  	-0.1290  	-0.0108  	0.34540  	-0.3156  	0.00204  	0.07385  	0.06827  	0.06340  	0.15269  	-0.3382  	-0.2382  	0.43568  	-0.0338  	-0.0024  	0.57137  	0.22406  	-0.0609  	-0.0181  	0.04982  	0.03442  	-0.0279  	-0.1007  	-0.0063  	0.00670  	0.02919  	-0.0023  	0.01370  	0.01555  	0.01838  	-0.0014  	0.00394  	-0.0136  	-0.0598  	0.06066  	0.00186  	0.17920  	0.02333  	0.00538  	-0.0114  	0.05274  	0.40606  	
0.00995  	-0.0705  	-0.8398  	0.30046  	0.19275  	0.16718  	-0.1249  	0.01004  	0.45595  	-0.0560  	-0.3482  	1.07600  	0.31847  	-0.5345  	-1.3533  	0.49138  	-0.1417  	0.32422  	0.26917  	0.09642  	-0.2674  	0.61274  	-0.3316  	0.28025  	0.15416  	0.05849  	-0.0111  	-0.2452  	-0.5654  	-0.1190  	-0.0217  	0.32869  	-0.3162  	0.00326  	0.05745  	0.12310  	0.00848  	0.14792  	-0.3239  	-0.2275  	0.42487  	-0.0320  	-0.0052  	0.55489  	0.22343  	-0.0571  	-0.0194  	0.06479  	0.04680  	-0.0353  	-0.0943  	-0.0109  	0.00895  	0.02392  	-0.0050  	0.00510  	0.01973  	0.01969  	-0.0082  	0.01312  	-0.0195  	-0.0605  	0.06251  	0.00193  	0.17588  	0.02240  	0.00502  	-0.0116  	0.05326  	0.40540  	
0.06023  	-0.0594  	-0.7954  	0.30940  	0.27274  	0.18764  	-0.0999  	0.01168  	0.46229  	-0.0079  	-0.3411  	1.11284  	0.33935  	-0.5548  	-1.4140  	0.55409  	-0.1685  	0.31155  	0.29835  	0.09693  	-0.3023  	0.62190  	-0.3988  	0.30295  	0.22683  	0.04324  	0.05063  	-0.2113  	-0.5220  	-0.0874  	-0.0355  	0.35087  	-0.3105  	-0.0030  	0.06866  	0.15687  	-0.0113  	0.14307  	-0.3015  	-0.2127  	0.39773  	-0.0136  	-0.0031  	0.55682  	0.23024  	-0.0592  	-0.0319  	0.07252  	0.05640  	-0.0392  	-0.0893  	-0.0131  	0.01092  	0.02524  	-0.0057  	0.00464  	0.01942  	0.01901  	-0.0052  	0.01410  	-0.0153  	-0.0632  	0.06493  	0.00338  	0.17362  	0.02087  	0.00462  	-0.0115  	0.05339  	0.39495  	
0.00739  	-0.0670  	-0.8527  	0.26328  	0.18482  	0.23882  	-0.1214  	-0.0129  	0.45417  	-0.1574  	-0.4539  	0.95312  	0.30974  	-0.4677  	-1.2292  	0.35898  	-0.1129  	0.28399  	0.26809  	0.06574  	-0.2099  	0.63033  	-0.2722  	0.30960  	0.20036  	0.05019  	0.05622  	-0.2526  	-0.5441  	-0.0886  	-0.0254  	0.34823  	-0.3115  	0.01833  	0.09986  	0.12010  	0.04197  	0.14972  	-0.3359  	-0.2453  	0.40345  	-0.0382  	-0.0018  	0.56393  	0.21692  	-0.0559  	-0.0282  	0.05446  	0.04096  	-0.0318  	-0.0832  	-0.0100  	0.01469  	0.02151  	-0.0081  	0.00962  	0.01953  	0.02344  	-0.0043  	0.01136  	-0.0137  	-0.0618  	0.06302  	6.44442  	0.17178  	0.02073  	0.00464  	-0.0112  	0.05375  	0.38625  	
0.06207  	-0.0385  	-0.8312  	0.30461  	0.18306  	0.25008  	-0.1100  	0.00631  	0.44256  	-0.1224  	-0.4273  	0.97053  	0.33648  	-0.4048  	-1.1737  	0.38982  	-0.1470  	0.28698  	0.26519  	0.10361  	-0.1809  	0.66420  	-0.2822  	0.30363  	0.19695  	0.04103  	0.04731  	-0.2732  	-0.5603  	-0.1001  	-0.0272  	0.33990  	-0.2946  	0.02635  	0.12507  	0.10425  	0.03226  	0.13486  	-0.3438  	-0.2381  	0.38398  	-0.0322  	-0.0124  	0.54876  	0.22704  	-0.0597  	-0.0321  	0.05276  	0.04241  	-0.0385  	-0.0885  	-0.0151  	0.00872  	0.02024  	-0.0087  	0.01321  	0.01987  	0.02113  	-0.0066  	0.00861  	-0.0179  	-0.0554  	0.06235  	-0.0004  	0.17118  	0.01985  	0.00430  	-0.0111  	0.05399  	0.38776  	
0.15093  	-0.0205  	-0.7979  	0.28362  	0.21717  	0.25757  	-0.0605  	0.05453  	0.48272  	-0.0872  	-0.3772  	1.06284  	0.35732  	-0.3890  	-1.2209  	0.47226  	-0.1815  	0.32972  	0.24467  	0.15028  	-0.2374  	0.62311  	-0.3491  	0.26821  	0.11175  	0.03872  	-0.0279  	-0.1924  	-0.5030  	-0.1352  	-0.0259  	0.33597  	-0.2784  	0.02349  	0.11087  	0.10399  	-0.0102  	0.12289  	-0.3224  	-0.1986  	0.42478  	-0.0421  	-0.0039  	0.56191  	0.22375  	-0.0659  	-0.0250  	0.06454  	0.05025  	-0.0362  	-0.0884  	-0.0200  	0.01209  	0.01555  	-0.0067  	0.01159  	0.02472  	0.01978  	-0.0068  	0.01464  	-0.0158  	-0.0527  	0.06365  	0.00768  	0.17186  	0.01956  	0.00379  	-0.0109  	0.05301  	0.39659  	
0.27950  	-0.0128  	-0.7328  	0.38916  	0.25195  	0.32380  	-0.0784  	0.07261  	0.49830  	-0.0780  	-0.3281  	1.09229  	0.37064  	-0.3836  	-1.2023  	0.51742  	-0.1850  	0.31706  	0.24277  	0.14229  	-0.1530  	0.64880  	-0.4321  	0.32896  	0.15171  	0.03573  	0.08718  	-0.2647  	-0.6397  	-0.1426  	-0.0337  	0.36677  	-0.2451  	-0.0021  	0.17837  	0.05816  	0.04647  	0.11648  	-0.3450  	-0.2056  	0.39069  	-0.0141  	-0.0080  	0.55289  	0.22686  	-0.0586  	-0.0231  	0.07441  	0.06048  	-0.0376  	-0.0806  	-0.0160  	0.00811  	0.01443  	-0.0144  	0.00819  	0.02060  	0.00970  	-0.0102  	0.01805  	-0.0130  	-0.0644  	0.05208  	-0.0022  	0.17399  	0.01983  	0.00360  	-0.0111  	0.05206  	0.40886  	
0.44176  	0.10247  	-0.6401  	0.58835  	0.38059  	0.37577  	-0.0377  	0.19280  	0.57097  	-0.1306  	-0.5826  	1.08636  	0.49996  	-0.1246  	-0.8557  	0.40832  	-0.1676  	0.22547  	0.26211  	0.10864  	-0.1116  	0.67991  	-0.3514  	0.32418  	0.17142  	0.03339  	0.08227  	-0.3478  	-0.5263  	-0.0944  	-0.0554  	0.33330  	-0.2550  	0.01798  	0.19211  	-0.0222  	0.03818  	0.12100  	-0.3158  	-0.1836  	0.37853  	-0.0103  	-0.0016  	0.58243  	0.21549  	-0.0577  	-0.0409  	0.10128  	0.06161  	-0.0365  	-0.0804  	-0.0143  	0.00650  	0.01772  	-0.0075  	0.02469  	0.02027  	0.00839  	-0.0080  	0.01465  	-0.0055  	-0.0535  	0.04702  	0.00169  	0.17642  	0.02234  	0.00370  	-0.0112  	0.05164  	0.40905  	
0.35728  	0.10852  	-0.8048  	0.85237  	0.50087  	0.30787  	-0.1092  	0.29327  	0.56933  	-0.1744  	-0.6453  	1.08455  	0.56932  	0.10307  	-0.6920  	0.32639  	-0.1586  	0.20410  	0.24705  	0.06713  	-0.1169  	0.71841  	-0.3977  	0.34969  	0.19579  	0.01804  	0.14218  	-0.3555  	-0.5261  	-0.0460  	-0.0345  	0.32080  	-0.2356  	0.03201  	0.27295  	-0.0268  	-0.0242  	0.09285  	-0.3192  	-0.1764  	0.28501  	-0.0051  	-0.0324  	0.56938  	0.21932  	-0.0616  	-0.0118  	0.07741  	0.06124  	-0.0380  	-0.0960  	-0.0112  	0.00391  	0.02812  	-0.0126  	0.02392  	0.00523  	0.01451  	-0.0120  	0.01877  	-0.0027  	-0.0512  	0.03729  	-0.0075  	0.17818  	0.02473  	0.00456  	-0.0114  	0.05190  	0.39802  	
-0.1388  	-0.0759  	-1.0270  	0.29211  	0.33129  	-0.0347  	-0.0372  	0.12553  	0.49283  	-0.0981  	-0.2394  	1.16035  	0.42659  	-0.1828  	-1.0246  	0.23402  	-0.1801  	0.28590  	0.21057  	0.19338  	-0.1021  	0.60804  	-0.3526  	0.40979  	0.05501  	0.04016  	0.00105  	-0.2877  	-0.5968  	-0.1615  	0.00521  	0.30068  	-0.2241  	-0.0019  	0.18974  	-0.0600  	0.06675  	0.10642  	-0.3772  	-0.1797  	0.34235  	-0.0212  	-0.0988  	0.52472  	0.22822  	-0.0549  	-0.0107  	0.04017  	0.05583  	-0.0373  	-0.1068  	-0.0102  	0.00318  	0.02837  	-0.0143  	0.00647  	0.01341  	0.00376  	-0.0026  	0.01943  	-0.0053  	-0.0418  	0.04469  	-0.0008  	0.17835  	0.02744  	0.00500  	-0.0112  	0.05169  	0.39905  	
-0.3037  	-0.1105  	-0.9888  	0.02581  	0.20510  	-0.0069  	-0.1013  	0.13101  	0.50322  	-0.1356  	-0.2035  	1.13915  	0.35542  	-0.3140  	-1.0960  	0.19845  	-0.1255  	0.26070  	0.27635  	0.14901  	-0.0307  	0.58265  	-0.2642  	0.34258  	0.00504  	0.09670  	0.03731  	-0.3020  	-0.6928  	-0.2151  	0.03201  	0.27688  	-0.2196  	0.00349  	0.18206  	-0.0607  	0.06376  	0.13550  	-0.3637  	-0.2591  	0.39945  	-0.0218  	-0.0579  	0.52625  	0.23084  	-0.0595  	-0.0056  	0.04463  	0.01813  	-0.0261  	-0.1141  	-0.0117  	-0.0124  	0.01697  	-0.0205  	-0.0014  	0.02027  	0.02315  	-0.0188  	0.01374  	-0.0075  	-0.0489  	0.05787  	0.00395  	0.17578  	0.02980  	0.00541  	-0.0111  	0.05123  	0.40526  	
0.22832  	0.10871  	-0.6856  	0.32509  	0.15907  	0.32808  	-0.1209  	0.23508  	0.57958  	-0.2176  	-0.4286  	1.16791  	0.47419  	-0.0816  	-0.8206  	0.37194  	-0.1149  	0.22880  	0.25737  	0.07755  	0.03288  	0.64890  	-0.2129  	0.32858  	0.03167  	0.05816  	0.04449  	-0.4347  	-0.6837  	-0.1879  	-0.0150  	0.31160  	-0.2025  	0.00023  	0.18637  	-0.1257  	0.11682  	0.14758  	-0.3227  	-0.2133  	0.36597  	-0.0413  	-0.0157  	0.56922  	0.21862  	-0.0574  	-0.0281  	0.07773  	0.04402  	-0.0203  	-0.1094  	-0.0148  	-0.0059  	0.02397  	-0.0145  	0.01988  	-0.0015  	0.00675  	-0.0204  	0.00887  	-0.0007  	-0.0402  	0.06104  	0.01198  	0.17238  	0.03219  	0.00604  	-0.0104  	0.05222  	0.40603  	
0.40207  	0.11555  	-0.5519  	0.27681  	0.08885  	0.37065  	-0.0990  	0.31736  	0.60857  	-0.2147  	-0.3365  	1.09466  	0.43615  	-0.1165  	-0.9265  	0.48382  	-0.1592  	0.27200  	0.27732  	0.00979  	0.07669  	0.66206  	-0.1586  	0.31055  	0.03450  	0.05517  	0.05430  	-0.4908  	-0.7096  	-0.1707  	-0.0002  	0.34534  	-0.1854  	0.01885  	0.19412  	-0.1353  	0.15926  	0.19314  	-0.3678  	-0.2840  	0.38633  	-0.0453  	0.02786  	0.56256  	0.21668  	-0.0604  	-0.0257  	0.08168  	0.05875  	-0.0429  	-0.1161  	-0.0112  	0.00838  	0.02480  	-0.0112  	0.01659  	-0.0080  	0.01080  	-0.0207  	0.01432  	-0.0036  	-0.0435  	0.05449  	-0.0037  	0.17033  	0.03273  	0.00668  	-0.0094  	0.05398  	0.39969  	
0.48424  	0.07657  	-0.4654  	0.26020  	0.09396  	0.44406  	-0.0027  	0.34114  	0.62476  	-0.1496  	-0.2231  	1.12826  	0.38972  	-0.1040  	-1.0134  	0.55570  	-0.1390  	0.21414  	0.28317  	-0.0053  	0.19204  	0.64929  	-0.1429  	0.34499  	0.08055  	0.04331  	0.12058  	-0.5650  	-0.7816  	-0.2085  	-0.0115  	0.34267  	-0.2131  	0.00274  	0.19948  	-0.1240  	0.24562  	0.20853  	-0.3661  	-0.3032  	0.36957  	-0.0456  	0.03067  	0.58151  	0.22330  	-0.0615  	-0.0262  	0.09376  	0.06860  	-0.0255  	-0.1029  	-0.0177  	0.01258  	0.03216  	-0.0107  	0.02590  	-0.0075  	0.01679  	-0.0167  	0.01852  	-0.0046  	-0.0470  	0.06192  	0.00120  	0.16921  	0.03288  	0.00737  	-0.0084  	0.05532  	0.42077  	
0.34785  	0.03870  	-0.5481  	0.25395  	0.13578  	0.35824  	-0.0631  	0.20816  	0.58161  	-0.1061  	-0.4039  	1.11956  	0.48308  	-0.0750  	-1.0930  	0.48512  	-0.1521  	0.24220  	0.25058  	0.11071  	0.02557  	0.61812  	-0.2682  	0.26722  	0.13624  	0.02137  	0.04077  	-0.4054  	-0.6969  	-0.1491  	0.02599  	0.33036  	-0.2118  	0.00551  	0.13573  	-0.0631  	0.14655  	0.16268  	-0.3124  	-0.2761  	0.43808  	-0.0583  	0.02679  	0.57100  	0.22120  	-0.0511  	-0.0195  	0.08589  	0.06546  	-0.0353  	-0.1024  	-0.0157  	0.00942  	0.01375  	-0.0098  	0.01226  	0.01380  	0.01352  	-0.0179  	0.02204  	-0.0031  	-0.0562  	0.05629  	-0.0006  	0.17022  	0.03222  	0.00834  	-0.0073  	0.05645  	0.42715  	
-0.0164  	-0.0245  	-0.8741  	0.06197  	0.08763  	0.08924  	-0.0932  	0.01980  	0.52084  	-0.0387  	-0.3358  	1.03991  	0.43712  	-0.3121  	-1.2021  	0.26915  	-0.1449  	0.34869  	0.24236  	0.16402  	-0.1989  	0.61013  	-0.2928  	0.26664  	0.10832  	0.06548  	-0.0867  	-0.2558  	-0.5684  	-0.1492  	0.06551  	0.31551  	-0.2243  	0.01064  	0.04905  	0.01177  	-0.0306  	0.11634  	-0.3125  	-0.2177  	0.45936  	-0.0669  	-0.0080  	0.54356  	0.21671  	-0.0585  	-0.0095  	0.06057  	0.04129  	-0.0238  	-0.1024  	-0.0159  	0.00245  	0.01617  	-0.0174  	-0.0011  	0.01246  	0.02088  	-0.0164  	0.01470  	-0.0090  	-0.0514  	0.05588  	-0.0033  	0.17272  	0.03242  	0.01001  	-0.0061  	0.05767  	0.43929  	
-0.2564  	-0.1019  	-0.9934  	-0.0073  	0.10867  	-0.0044  	-0.0952  	0.01790  	0.48396  	-0.0840  	-0.2768  	1.01381  	0.33368  	-0.4597  	-1.2663  	0.25520  	-0.1449  	0.36846  	0.25717  	0.10199  	-0.2383  	0.57522  	-0.2485  	0.22563  	0.05104  	0.09347  	-0.0955  	-0.2039  	-0.5120  	-0.1700  	0.05813  	0.28873  	-0.2638  	0.01926  	0.03220  	0.02222  	-0.0245  	0.12282  	-0.3151  	-0.2523  	0.45794  	-0.0435  	-0.0055  	0.55329  	0.21900  	-0.0630  	-0.0164  	0.04467  	0.02822  	-0.0325  	-0.1080  	-0.0147  	0.00521  	0.02081  	-0.0119  	-0.0012  	0.01496  	0.01888  	-0.0114  	0.00819  	-0.0066  	-0.0401  	0.06120  	0.01028  	0.17669  	0.03231  	0.01102  	-0.0050  	0.05785  	0.46544  	
-0.2570  	-0.0847  	-0.9909  	0.01619  	0.09795  	0.05706  	-0.1357  	0.02661  	0.48663  	-0.0890  	-0.2788  	1.04603  	0.32073  	-0.5022  	-1.2581  	0.31124  	-0.1288  	0.31908  	0.24681  	0.09512  	-0.2546  	0.60487  	-0.2085  	0.19899  	0.01208  	0.11620  	-0.1053  	-0.1894  	-0.4831  	-0.1530  	0.03929  	0.29047  	-0.2704  	0.01816  	0.00445  	0.01900  	-0.0243  	0.14159  	-0.3079  	-0.2571  	0.48709  	-0.0445  	0.01171  	0.56715  	0.22140  	-0.0634  	-0.0091  	0.04845  	0.04004  	-0.0365  	-0.1084  	-0.0084  	0.00788  	0.02401  	-0.0096  	0.00083  	0.00771  	0.02039  	-0.0084  	0.00638  	-0.0015  	-0.0466  	0.05418  	0.00396  	0.18279  	0.03336  	0.01242  	-0.0039  	0.05686  	0.48301  	
0.04239  	0.03187  	-0.8379  	0.23733  	0.15967  	0.17718  	-0.1448  	0.14484  	0.54452  	-0.1784  	-0.3078  	1.12612  	0.37545  	-0.2615  	-1.0404  	0.31993  	-0.1297  	0.25247  	0.23583  	0.08817  	-0.0532  	0.61047  	-0.2318  	0.25604  	-0.0123  	0.08136  	-0.0705  	-0.3098  	-0.5997  	-0.1929  	0.01718  	0.29921  	-0.2124  	0.02618  	0.11159  	-0.0875  	0.07322  	0.16108  	-0.3507  	-0.2601  	0.45001  	-0.0486  	-0.0138  	0.55545  	0.21759  	-0.0512  	-0.0086  	0.05272  	0.02917  	-0.0267  	-0.1125  	-0.0126  	-0.0018  	0.02035  	-0.0155  	0.00819  	0.00269  	0.01297  	-0.0139  	0.00839  	0.00088  	-0.0460  	0.05485  	0.00196  	0.19027  	0.03414  	0.01404  	-0.0032  	0.05525  	0.49973  	
0.27524  	0.11402  	-0.7092  	0.31669  	0.16575  	0.29577  	-0.0975  	0.20990  	0.58512  	-0.1934  	-0.3625  	1.12682  	0.45485  	-0.1555  	-1.0274  	0.39273  	-0.1312  	0.26206  	0.23201  	0.09307  	0.00243  	0.62537  	-0.2503  	0.26386  	0.02168  	0.06351  	-0.0179  	-0.3582  	-0.6314  	-0.1767  	-0.0123  	0.30501  	-0.2010  	0.00472  	0.16042  	-0.0801  	0.06668  	0.16656  	-0.3309  	-0.2519  	0.41519  	-0.0429  	0.00891  	0.54848  	0.21538  	-0.0546  	-0.0101  	0.06923  	0.04109  	-0.0211  	-0.0958  	-0.0131  	0.00454  	0.02060  	-0.0138  	0.01811  	0.00495  	0.01886  	-0.0110  	0.00230  	-0.0044  	-0.0444  	0.05139  	0.00099  	0.19690  	0.03592  	0.01613  	-0.0024  	0.05436  	0.49216  	
0.30713  	0.09983  	-0.6922  	0.34425  	0.14230  	0.31556  	-0.0694  	0.22361  	0.59929  	-0.1907  	-0.3802  	1.08039  	0.47449  	-0.1015  	-0.9861  	0.35519  	-0.1206  	0.26919  	0.21345  	0.07147  	-0.0350  	0.64931  	-0.2478  	0.28421  	0.03166  	0.09309  	-0.0402  	-0.3722  	-0.6063  	-0.1590  	-0.0027  	0.30380  	-0.1808  	0.00988  	0.14311  	-0.0857  	0.03845  	0.15842  	-0.3268  	-0.2718  	0.44510  	-0.0486  	0.02204  	0.54785  	0.20821  	-0.0615  	-0.0112  	0.07984  	0.05000  	-0.0294  	-0.1053  	-0.0108  	0.00258  	0.01863  	-0.0190  	0.01318  	0.00592  	0.01645  	-0.0142  	0.00496  	0.00078  	-0.0481  	0.05599  	0.00124  	0.20301  	0.03645  	0.01718  	-0.0020  	0.05331  	0.48515  	
0.24049  	0.08674  	-0.7584  	0.34996  	0.16917  	0.30303  	-0.0777  	0.21952  	0.58765  	-0.2001  	-0.3795  	1.06675  	0.43655  	-0.0922  	-0.9771  	0.34959  	-0.0998  	0.23083  	0.24104  	0.03431  	0.01029  	0.66341  	-0.2502  	0.31168  	0.04543  	0.07495  	0.03964  	-0.4455  	-0.6614  	-0.1669  	-0.0114  	0.33190  	-0.2110  	0.00861  	0.16303  	-0.0927  	0.12360  	0.17711  	-0.3584  	-0.2669  	0.42255  	-0.0426  	0.01787  	0.55733  	0.21617  	-0.0567  	-0.0135  	0.07888  	0.04327  	-0.0269  	-0.1162  	-0.0102  	0.00248  	0.01921  	-0.0172  	0.01667  	-0.0001  	0.01068  	-0.0103  	0.00934  	-0.0020  	-0.0418  	0.05600  	0.00169  	0.20744  	0.03628  	0.01611  	-0.0016  	0.05143  	0.48458  	
0.13746  	0.04827  	-0.8026  	0.32994  	0.17937  	0.29335  	-0.0923  	0.16956  	0.55539  	-0.1967  	-0.3768  	1.10222  	0.39794  	-0.2344  	-1.0075  	0.37587  	-0.1184  	0.29612  	0.23887  	0.08074  	-0.0607  	0.65054  	-0.2310  	0.25932  	0.03117  	0.07031  	-0.0303  	-0.3053  	-0.5686  	-0.1670  	-0.0158  	0.32075  	-0.2299  	0.00804  	0.10302  	-0.0553  	0.05561  	0.16469  	-0.3319  	-0.2346  	0.45077  	-0.0507  	0.01821  	0.55390  	0.21331  	-0.0555  	-0.0172  	0.06956  	0.04147  	-0.0283  	-0.1051  	-0.0092  	0.00155  	0.02054  	-0.0118  	0.01126  	0.00750  	0.01864  	-0.0096  	0.01179  	-0.0050  	-0.0495  	0.05477  	0.00661  	0.21027  	0.03507  	0.01411  	-0.0013  	0.04911  	0.47503  	
0.01469  	-0.0333  	-0.8762  	0.15659  	0.15591  	0.15432  	-0.0501  	0.04295  	0.53270  	-0.1147  	-0.3720  	0.99687  	0.41323  	-0.3828  	-1.2450  	0.33917  	-0.1465  	0.31681  	0.22356  	0.13392  	-0.2985  	0.63171  	-0.3009  	0.22883  	0.12314  	0.07708  	-0.1232  	-0.1663  	-0.4709  	-0.1452  	0.01389  	0.29305  	-0.2509  	0.01149  	0.00681  	0.04906  	-0.0595  	0.12819  	-0.2819  	-0.1984  	0.47465  	-0.0517  	0.00449  	0.55484  	0.20117  	-0.0616  	-0.0237  	0.08077  	0.04431  	-0.0360  	-0.0974  	-0.0101  	-0.0016  	0.01972  	-0.0086  	0.00662  	0.01255  	0.01542  	-0.0116  	0.00541  	-0.0037  	-0.0524  	0.06012  	0.00663  	0.21237  	0.03366  	0.01150  	-0.0011  	0.04805  	0.46606  	
-0.1654  	-0.1023  	-1.0649  	0.25166  	0.26126  	0.03754  	-0.0955  	0.04786  	0.48525  	-0.0652  	-0.2868  	1.08700  	0.40008  	-0.3276  	-1.2449  	0.27137  	-0.1731  	0.34033  	0.20258  	0.19749  	-0.2564  	0.63746  	-0.3612  	0.29700  	0.11623  	0.06061  	-0.0868  	-0.1628  	-0.4548  	-0.1264  	-0.0027  	0.27469  	-0.2578  	0.02619  	0.07369  	0.05443  	-0.1109  	0.10492  	-0.2670  	-0.1820  	0.38795  	-0.0246  	-0.0334  	0.53236  	0.22434  	-0.0592  	-0.0170  	0.06640  	0.04266  	-0.0378  	-0.0896  	-0.0100  	0.00037  	0.01354  	-0.0170  	0.00047  	0.01508  	0.01790  	-0.0038  	0.01040  	-0.0079  	-0.0592  	0.06091  	0.00209  	0.21393  	0.03167  	0.00805  	-0.0012  	0.04742  	0.45942  	
-0.1454  	-0.0667  	-1.1047  	0.48184  	0.42515  	0.06943  	-0.0780  	0.08611  	0.49593  	-0.1120  	-0.3935  	1.25209  	0.44346  	-0.2752  	-1.0818  	0.26292  	-0.1539  	0.32490  	0.21207  	0.26146  	-0.2736  	0.60234  	-0.3791  	0.28387  	0.18247  	0.06414  	-0.0604  	-0.0328  	-0.4226  	-0.1119  	-0.0090  	0.25720  	-0.2227  	0.03805  	0.10149  	0.03273  	-0.1720  	0.07302  	-0.2521  	-0.1790  	0.32272  	-0.0030  	-0.0661  	0.51318  	0.23045  	-0.0655  	-0.0246  	0.08293  	0.05221  	-0.0395  	-0.0688  	-0.0121  	-0.0083  	0.02217  	-0.0171  	0.01774  	0.02287  	0.00741  	0.00101  	0.01408  	-0.0094  	-0.0513  	0.05724  	-0.0045  	0.21439  	0.03032  	0.00449  	-0.0015  	0.04637  	0.46863  	
0.02443  	-0.0747  	-1.0798  	0.68079  	0.56952  	0.13828  	-0.0439  	0.13684  	0.52857  	-0.1495  	-0.4707  	1.32199  	0.54321  	-0.1067  	-1.0025  	0.31366  	-0.2055  	0.36639  	0.15418  	0.30148  	-0.3709  	0.56671  	-0.5714  	0.24705  	0.20172  	0.06993  	-0.0939  	0.08278  	-0.3469  	-0.0705  	-0.0538  	0.26707  	-0.2194  	0.05845  	0.16340  	0.07103  	-0.2026  	0.03786  	-0.2301  	-0.1616  	0.29349  	0.00414  	-0.0526  	0.51275  	0.24148  	-0.0657  	-0.0235  	0.07775  	0.06015  	-0.0278  	-0.0780  	-0.0189  	-0.0033  	0.02416  	-0.0062  	0.01511  	0.02943  	0.01086  	0.00472  	0.01187  	-0.0321  	-0.0581  	0.04188  	0.00085  	0.21409  	0.02902  	0.00091  	-0.0019  	0.04541  	0.47205  	
0.05883  	-0.0011  	-1.0580  	0.84767  	0.63975  	0.16586  	-0.0112  	0.23287  	0.54424  	-0.2203  	-0.5291  	1.30283  	0.57075  	0.07192  	-0.8158  	0.30500  	-0.2424  	0.29692  	0.13137  	0.30458  	-0.3824  	0.61259  	-0.5778  	0.26591  	0.22017  	0.03946  	-0.0734  	0.08161  	-0.3248  	-0.0333  	-0.0703  	0.24495  	-0.1791  	0.08515  	0.19147  	0.03536  	-0.1736  	0.02675  	-0.2171  	-0.1292  	0.25991  	0.01408  	-0.0716  	0.50977  	0.23133  	-0.0673  	-0.0074  	0.08177  	0.05045  	-0.0133  	-0.0717  	-0.0181  	-0.0031  	0.03033  	-0.0164  	0.02205  	0.04083  	0.00756  	0.00232  	0.01539  	-0.0122  	-0.0539  	0.04498  	-0.0013  	0.21372  	0.02906  	-0.0020  	-0.0024  	0.04439  	0.48644  	
0.25419  	0.08969  	-0.9060  	0.82049  	0.58124  	0.35790  	-0.0591  	0.18967  	0.56513  	-0.2536  	-0.8665  	1.17595  	0.61704  	0.20883  	-0.4833  	0.18246  	-0.1522  	0.20630  	0.18702  	0.16163  	-0.3319  	0.72143  	-0.4329  	0.29662  	0.16081  	0.07047  	-0.0090  	-0.0862  	-0.3949  	-0.0508  	-0.0588  	0.26727  	-0.1940  	0.05865  	0.14094  	-0.0428  	-0.1392  	0.06314  	-0.2143  	-0.1130  	0.32401  	0.00409  	-0.0226  	0.55082  	0.21990  	-0.0554  	-0.0099  	0.09156  	0.05032  	-0.0188  	-0.1011  	-0.0064  	-0.0049  	0.02261  	-0.0087  	0.02438  	0.01277  	0.00073  	0.00512  	0.02824  	-0.0151  	-0.0482  	0.03086  	-0.0144  	0.21364  	0.03022  	-0.0048  	-0.0027  	0.04323  	0.49919  	
0.47055  	0.16433  	-0.7078  	0.71700  	0.43084  	0.55200  	-0.0717  	0.21587  	0.55252  	-0.2264  	-0.9163  	0.94212  	0.65030  	0.14864  	-0.5705  	0.23072  	-0.1285  	0.18804  	0.23002  	-0.1132  	-0.2051  	0.78307  	-0.2421  	0.32779  	0.21190  	0.03883  	0.14839  	-0.3718  	-0.4385  	-0.0061  	-0.0137  	0.28843  	-0.2323  	0.02377  	0.12849  	-0.0907  	-0.0645  	0.08193  	-0.2492  	-0.1670  	0.36002  	-0.0222  	0.00099  	0.56195  	0.19225  	-0.0536  	-0.0341  	0.11005  	0.06601  	-0.0411  	-0.1046  	-0.0116  	0.00121  	0.01718  	-0.0149  	0.02629  	0.00474  	0.00414  	-0.0106  	0.01630  	-0.0046  	-0.0402  	0.04110  	-0.0094  	0.21506  	0.03320  	-0.0066  	-0.0029  	0.04165  	0.50597  	
0.46917  	0.13803  	-0.6823  	0.43822  	0.25235  	0.34447  	-0.0095  	0.25843  	0.57222  	-0.1779  	-0.7137  	0.88403  	0.60867  	0.12797  	-0.7757  	0.21748  	-0.1598  	0.22274  	0.26379  	-0.0801  	-0.1156  	0.76095  	-0.2592  	0.32817  	0.23984  	0.01512  	0.18336  	-0.5275  	-0.5362  	-0.0859  	0.04208  	0.31488  	-0.2206  	0.00881  	0.18059  	-0.0591  	-0.0055  	0.11837  	-0.3316  	-0.1881  	0.37923  	-0.0454  	0.00967  	0.58583  	0.19806  	-0.0596  	-0.0240  	0.11937  	0.06251  	-0.0441  	-0.0995  	-0.0142  	-0.0057  	0.01604  	-0.0191  	0.02372  	-0.0002  	0.01204  	-0.0195  	0.01478  	-0.0005  	-0.0352  	0.04439  	-0.0129  	0.21684  	0.03529  	-0.0077  	-0.0030  	0.03958  	0.51559  	
-0.1093  	-0.0110  	-0.9069  	0.18433  	0.23667  	-0.0220  	-0.0512  	0.17023  	0.49005  	-0.1249  	-0.2977  	0.99218  	0.43865  	-0.0836  	-0.9563  	0.23722  	-0.1062  	0.25458  	0.25466  	0.03237  	0.00773  	0.65393  	-0.3290  	0.49387  	0.09211  	0.04822  	0.20272  	-0.5244  	-0.6983  	-0.1700  	0.00211  	0.29996  	-0.2473  	-0.0007  	0.27211  	-0.0201  	0.10878  	0.14202  	-0.3967  	-0.1765  	0.35420  	0.01778  	-0.0727  	0.51624  	0.21943  	-0.0731  	-0.0113  	0.05636  	0.04424  	-0.0251  	-0.1109  	-0.0057  	-0.0109  	0.02856  	-0.0141  	0.00425  	-0.0056  	0.01345  	-0.0001  	0.01779  	-0.0103  	-0.0455  	0.03223  	-0.0108  	0.21678  	0.03761  	-0.0078  	-0.0032  	0.03871  	0.51793  	
-0.4303  	-0.1767  	-1.0355  	-0.1381  	0.09612  	-0.0561  	-0.1299  	0.03596  	0.50439  	-0.0579  	-0.1398  	0.97533  	0.31126  	-0.4981  	-1.2243  	0.23795  	-0.1149  	0.28550  	0.26309  	0.08820  	-0.0775  	0.58727  	-0.2376  	0.30792  	-0.0662  	0.11023  	-0.0154  	-0.3802  	-0.6885  	-0.2050  	0.04103  	0.28915  	-0.2334  	0.00640  	0.17054  	-0.0283  	0.05619  	0.15761  	-0.3801  	-0.2313  	0.38401  	-0.0147  	-0.0234  	0.53290  	0.22601  	-0.0457  	-0.0042  	0.02632  	0.01796  	-0.0274  	-0.1152  	-0.0051  	-0.0091  	0.02507  	-0.0137  	0.00051  	0.00408  	0.01685  	-0.0178  	0.01338  	-0.0024  	-0.0484  	0.04743  	0.00526  	0.21659  	0.03824  	-0.0080  	-0.0036  	0.03840  	0.52207  	
-0.2802  	-0.1089  	-0.9489  	-0.1289  	0.00296  	0.02636  	-0.1030  	0.03984  	0.50210  	-0.0334  	-0.2830  	1.02496  	0.36657  	-0.4696  	-1.4126  	0.24698  	-0.0957  	0.35299  	0.26615  	0.14158  	-0.2291  	0.58174  	-0.2121  	0.24571  	0.08908  	0.09979  	-0.0940  	-0.2402  	-0.4947  	-0.1683  	0.06378  	0.27131  	-0.2616  	0.01019  	-0.0431  	0.02591  	-0.0449  	0.11533  	-0.2733  	-0.2213  	0.46864  	-0.0459  	0.01670  	0.55632  	0.23093  	-0.0653  	-0.0136  	0.07229  	0.03827  	-0.0292  	-0.1105  	-0.0135  	-0.0041  	0.01845  	-0.0122  	0.00467  	0.00650  	0.01531  	-0.0157  	0.01285  	-0.0010  	-0.0427  	0.05875  	-0.0012  	0.21617  	0.03756  	-0.0084  	-0.0037  	0.03786  	0.52044  	
-0.0668  	-0.0276  	-0.9145  	0.16543  	0.14699  	0.14417  	-0.1284  	0.13026  	0.54415  	-0.1030  	-0.3586  	1.15321  	0.38662  	-0.3644  	-1.1561  	0.29484  	-0.1220  	0.29521  	0.26087  	0.13040  	-0.1340  	0.59982  	-0.2118  	0.27881  	0.00246  	0.09611  	-0.0543  	-0.2887  	-0.5894  	-0.1760  	0.03665  	0.29077  	-0.2038  	0.01454  	0.03216  	-0.0488  	-0.0018  	0.11997  	-0.3024  	-0.2289  	0.46269  	-0.0577  	0.01208  	0.57551  	0.21765  	-0.0544  	-0.0047  	0.06289  	0.03258  	-0.0372  	-0.1131  	-0.0183  	0.00142  	0.02395  	-0.0226  	0.00450  	0.01132  	0.01176  	-0.0185  	0.00980  	0.00010  	-0.0460  	0.04529  	0.00299  	0.21602  	0.03554  	-0.0086  	-0.0036  	0.03760  	0.51500  	
0.00788  	-0.0395  	-0.8653  	0.40573  	0.29065  	0.29539  	-0.1468  	0.11400  	0.52472  	-0.1746  	-0.5180  	1.17469  	0.40725  	-0.3390  	-1.0923  	0.36032  	-0.1457  	0.33700  	0.28556  	0.14787  	-0.2671  	0.61423  	-0.3030  	0.24609  	0.06652  	0.08894  	-0.1074  	-0.1290  	-0.4622  	-0.1158  	0.00853  	0.28650  	-0.2203  	0.03312  	0.03085  	0.00340  	-0.0779  	0.10607  	-0.2808  	-0.2161  	0.45119  	-0.0508  	0.01286  	0.57717  	0.23412  	-0.0597  	-0.0170  	0.07102  	0.04775  	-0.0463  	-0.1020  	-0.0186  	-0.0021  	0.01234  	-0.0146  	0.00306  	0.02117  	0.02335  	-0.0071  	0.01179  	-0.0135  	-0.0563  	0.05576  	-0.0019  	0.21487  	0.03453  	-0.0079  	-0.0037  	0.03830  	0.50573  	
0.08410  	-0.0238  	-0.8505  	0.49738  	0.36125  	0.28076  	-0.1101  	0.12161  	0.52335  	-0.1729  	-0.5937  	1.17211  	0.46159  	-0.2786  	-1.0434  	0.36155  	-0.1716  	0.36936  	0.25541  	0.18113  	-0.3521  	0.65562  	-0.3805  	0.24758  	0.09386  	0.07054  	-0.1333  	-0.0751  	-0.3920  	-0.1081  	-0.0185  	0.30402  	-0.2161  	0.03340  	0.02143  	0.01092  	-0.1283  	0.10795  	-0.2620  	-0.1718  	0.45497  	-0.0601  	0.02561  	0.57183  	0.22173  	-0.0620  	-0.0129  	0.08873  	0.05591  	-0.0512  	-0.0938  	-0.0166  	-0.0073  	0.01161  	-0.0124  	0.00461  	0.01870  	0.02139  	-0.0128  	0.00765  	-0.0089  	-0.0538  	0.05231  	-0.0021  	0.21407  	0.03340  	-0.0075  	-0.0039  	0.03946  	0.50023  	
0.12783  	0.02697  	-0.8840  	0.59511  	0.44395  	0.29893  	-0.1103  	0.12354  	0.56174  	-0.1431  	-0.6106  	1.22566  	0.51896  	-0.1721  	-0.9590  	0.35482  	-0.1760  	0.32545  	0.20439  	0.18562  	-0.2980  	0.61526  	-0.3955  	0.21133  	0.09967  	0.07142  	-0.1333  	-0.0313  	-0.3786  	-0.0982  	-0.0118  	0.30470  	-0.2119  	0.04270  	0.05873  	-0.0075  	-0.1486  	0.08795  	-0.2347  	-0.1751  	0.42689  	-0.0435  	0.01250  	0.54866  	0.21414  	-0.0548  	-0.0197  	0.07511  	0.05654  	-0.0290  	-0.0952  	-0.0192  	-0.0056  	0.01784  	-0.0090  	0.00862  	0.01791  	0.01527  	-0.0025  	0.00497  	-0.0087  	-0.0392  	0.05812  	0.00454  	0.21397  	0.03281  	-0.0076  	-0.0038  	0.03993  	0.49082  	
0.08161  	0.00643  	-0.9863  	0.61952  	0.48195  	0.21235  	-0.0646  	0.13563  	0.53807  	-0.1798  	-0.5204  	1.27180  	0.52558  	-0.0223  	-0.9384  	0.34603  	-0.2053  	0.32256  	0.22236  	0.13094  	-0.2285  	0.64847  	-0.4342  	0.28082  	0.13200  	0.07052  	-0.0582  	-0.1146  	-0.4383  	-0.0802  	-0.0175  	0.27284  	-0.1998  	0.03453  	0.16449  	-0.0234  	-0.0700  	0.06577  	-0.2662  	-0.2022  	0.34893  	0.00281  	-0.0228  	0.54948  	0.23033  	-0.0527  	-0.0239  	0.07303  	0.05321  	-0.0322  	-0.1060  	-0.0153  	-0.0053  	0.01754  	-0.0246  	0.01583  	0.01670  	0.01435  	-0.0081  	0.00312  	-0.0036  	-0.0502  	0.04089  	-0.0020  	0.21431  	0.03261  	-0.0078  	-0.0040  	0.04075  	0.4812  	
-0.1436  	-0.0021  	-1.0305  	0.33703  	0.35803  	0.05229  	-0.0856  	0.08547  	0.50557  	-0.1334  	-0.3767  	1.21562  	0.40706  	-0.2665  	-1.0123  	0.27183  	-0.1886  	0.33829  	0.26432  	0.16881  	-0.1555  	0.62031  	-0.3712  	0.30004  	0.07633  	0.07199  	-0.0179  	-0.1994  	-0.5589  	-0.1489  	-0.0192  	0.29229  	-0.2272  	0.03188  	0.16684  	-0.0056  	-0.0353  	0.10626  	-0.3201  	-0.2024  	0.35500  	-0.0044  	-0.0391  	0.54409  	0.23307  	-0.0568  	-0.0215  	0.04811  	0.03487  	-0.0299  	-0.0982  	-0.0165  	0.00109  	0.01840  	-0.0119  	0.01509  	0.02340  	0.01851  	-0.0096  	0.01791  	-0.0060  	-0.0493  	0.04447  	-0.0034  	0.21418  	0.03359  	-0.0078  	-0.0041  	0.04160  	0.47290  	
-0.0085  	-0.0748  	-0.8648  	0.17921  	0.16767  	0.26671  	-0.1214  	0.05739  	0.51963  	-0.1624  	-0.4140  	1.01427  	0.36607  	-0.4103  	-1.1666  	0.35596  	-0.1337  	0.30595  	0.27436  	0.09273  	-0.1719  	0.62435  	-0.2290  	0.28188  	0.10983  	0.07708  	-0.0276  	-0.2827  	-0.5857  	-0.1510  	-0.0160  	0.31490  	-0.2591  	0.02376  	0.07527  	0.01715  	0.01664  	0.14377  	-0.3362  	-0.2297  	0.42038  	-0.0427  	-0.0194  	0.56055  	0.21178  	-0.0564  	-0.0162  	0.05789  	0.02850  	-0.0309  	-0.0993  	-0.0128  	0.00522  	0.02133  	-0.0149  	0.01468  	0.01730  	0.01670  	-0.0081  	0.01286  	-0.0086  	-0.0513  	0.05637  	0.00584  	0.21315  	0.03536  	-0.0074  	-0.0042  	0.04310  	0.45371  	
0.09448  	-0.0158  	-0.7753  	0.24324  	0.20758  	0.20071  	-0.1117  	0.04697  	0.51605  	-0.0531  	-0.3881  	1.11284  	0.34370  	-0.4870  	-1.3324  	0.49023  	-0.1323  	0.36071  	0.28805  	0.15319  	-0.2602  	0.59918  	-0.3133  	0.24997  	0.09122  	0.07386  	-0.0887  	-0.1746  	-0.5040  	-0.1256  	-0.0105  	0.31359  	-0.2674  	0.01641  	0.03561  	0.06370  	-0.0198  	0.11978  	-0.2986  	-0.1995  	0.44696  	-0.0406  	0.01124  	0.56827  	0.22425  	-0.0481  	-0.0202  	0.07928  	0.04948  	-0.0392  	-0.0947  	-0.0136  	0.00878  	0.01196  	-0.0101  	0.00680  	0.01768  	0.01366  	-0.0086  	0.01111  	-0.0076  	-0.0583  	0.05642  	0.00354  	0.21073  	0.03800  	-0.0072  	-0.0040  	0.04391  	0.44440  	
-0.0144  	-0.0583  	-0.8452  	0.15164  	0.15545  	0.11584  	-0.0978  	0.03532  	0.50462  	-0.0280  	-0.3287  	1.06555  	0.34126  	-0.5143  	-1.3855  	0.46124  	-0.1726  	0.41764  	0.26166  	0.17327  	-0.3065  	0.60710  	-0.3559  	0.21867  	0.14243  	0.07333  	-0.0995  	-0.1086  	-0.4549  	-0.1574  	-0.0012  	0.30949  	-0.2685  	0.01287  	0.02312  	0.11175  	-0.0692  	0.10918  	-0.2839  	-0.2053  	0.44869  	-0.0406  	0.01527  	0.56759  	0.21420  	-0.0611  	-0.0244  	0.07668  	0.04167  	-0.0340  	-0.0888  	-0.0129  	0.01067  	0.01686  	-0.0029  	0.00476  	0.01763  	0.01722  	-0.0022  	0.01873  	-0.0071  	-0.0514  	0.05992  	0.00629  	0.20544  	0.04156  	-0.0067  	-0.0035  	0.04362  	0.44990  	
-0.1500  	-0.0895  	-0.9029  	0.02384  	0.03139  	0.16432  	-0.1429  	0.05170  	0.43753  	-0.1708  	-0.3849  	0.94627  	0.34741  	-0.6391  	-1.2799  	0.24080  	-0.0167  	0.15312  	0.33274  	-0.1992  	-0.1581  	0.36288  	-0.4742  	0.26761  	0.09555  	0.18431  	0.03315  	-0.3531  	-0.3873  	-0.1681  	0.11283  	0.27761  	-0.4016  	-0.1496  	-0.0617  	0.05042  	-0.0732  	0.13876  	-0.4410  	-0.3036  	0.53833  	0.08851  	-0.0998  	0.64904  	0.17199  	-0.0324  	-0.0419  	0.06923  	0.01030  	-0.0448  	-0.1023  	-0.0018  	0.01141  	0.03839  	-0.0087  	0.00142  	0.00603  	0.00325  	-0.0068  	0.01765  	-0.0044  	-0.0669  	0.04048  	0.00548  	0.19795  	0.04479  	-0.0050  	-0.0032  	0.04483  	0.45802  	
-0.1649  	-0.0359  	-0.8566  	-0.0236  	0.03890  	0.08159  	-0.1918  	0.09084  	0.43299  	-0.1803  	-0.3770  	0.96557  	0.38764  	-0.6663  	-1.2235  	0.17016  	0.05194  	0.05200  	0.38042  	-0.3866  	-0.1131  	0.19767  	-0.6490  	0.22367  	-0.0048  	0.28668  	-0.0156  	-0.4046  	-0.3203  	-0.1906  	0.23125  	0.21391  	-0.4626  	-0.2826  	-0.1469  	0.00737  	-0.1702  	0.14349  	-0.5138  	-0.3752  	0.61357  	0.19198  	-0.2074  	0.70657  	0.11294  	-0.0254  	-0.0591  	0.08750  	-0.0070  	-0.0548  	-0.1028  	0.00021  	0.01332  	0.04887  	-0.0002  	0.00147  	-0.0011  	-0.0032  	-0.0093  	0.02734  	0.00408  	-0.0579  	0.02849  	0.01138  	0.19130  	0.04467  	-0.0029  	-0.0031  	0.04692  	0.45708  	
-0.3213  	-0.0810  	-0.8990  	-0.0941  	-0.0001  	-0.0316  	-0.1864  	0.13238  	0.44685  	-0.1123  	-0.2706  	1.04438  	0.45941  	-0.6370  	-1.2807  	0.16909  	0.07354  	0.03217  	0.39470  	-0.4294  	-0.1566  	0.13643  	-0.6907  	0.17773  	-0.0894  	0.31187  	-0.1387  	-0.3806  	-0.2855  	-0.2154  	0.27964  	0.17362  	-0.4468  	-0.3018  	-0.1904  	0.00403  	-0.2342  	0.12288  	-0.5227  	-0.4153  	0.66353  	0.20890  	-0.2124  	0.72797  	0.09631  	-0.0213  	-0.0676  	0.10099  	-0.0038  	-0.0519  	-0.0996  	-0.0013  	0.00302  	0.05750  	0.00389  	0.00078  	0.00285  	-0.0052  	-0.0085  	0.02383  	0.00736  	-0.0443  	0.02901  	0.00974  	0.18615  	0.04094  	-6.7852  	-0.0030  	0.04869  	0.47372  	
-0.4715  	-0.1167  	-0.9729  	-0.2029  	-0.0242  	-0.2257  	-0.1984  	0.09600  	0.44062  	-0.0726  	-0.1106  	1.01026  	0.43355  	-0.6244  	-1.3759  	0.14000  	0.03965  	0.05770  	0.37241  	-0.3351  	-0.0947  	0.16663  	-0.6699  	0.20507  	-0.1051  	0.30238  	-0.1482  	-0.3578  	-0.3438  	-0.2512  	0.27137  	0.17930  	-0.4337  	-0.2741  	-0.1349  	-0.0110  	-0.1985  	0.13941  	-0.5186  	-0.4150  	0.62906  	0.17836  	-0.1997  	0.69953  	0.11672  	-0.0297  	-0.0602  	0.09486  	-0.0004  	-0.0645  	-0.1040  	-0.0030  	0.01012  	0.05179  	-0.0005  	0.00253  	0.00071  	-0.0023  	-0.0061  	0.02811  	0.00680  	-0.0426  	0.02902  	0.00756  	0.18322  	0.03362  	0.00302  	-0.0028  	0.05074  	0.48126  	
-0.4854  	-0.1312  	-0.9882  	-0.2394  	0.00343  	-0.2398  	-0.1639  	0.05226  	0.46615  	-0.0284  	-0.0703  	0.96880  	0.35521  	-0.5801  	-1.4174  	0.18910  	-0.0262  	0.16795  	0.31288  	-0.1211  	-0.0893  	0.36783  	-0.4859  	0.25774  	-0.0702  	0.21365  	-0.1660  	-0.3127  	-0.4534  	-0.2474  	0.16013  	0.23047  	-0.3473  	-0.1468  	-0.0653  	-0.0013  	-0.1090  	0.13658  	-0.4406  	-0.3646  	0.54647  	0.07774  	-0.1166  	0.61595  	0.16007  	-0.0373  	-0.0390  	0.07530  	0.01241  	-0.0471  	-0.1075  	-0.0052  	0.00855  	0.03870  	-0.0061  	-0.0027  	0.00908  	0.00835  	-0.0055  	0.02188  	-0.0001  	-0.0412  	0.03616  	0.00782  	0.18227  	0.02511  	0.00744  	-0.0026  	0.05292  	0.48081  	
-0.3855  	-0.0870  	-0.9395  	-0.2694  	-0.0175  	-0.1236  	-0.0904  	0.03695  	0.49750  	-0.0284  	-0.1915  	0.91409  	0.32872  	-0.4380  	-1.4263  	0.22821  	-0.1069  	0.29528  	0.25117  	0.08286  	-0.1563  	0.62509  	-0.1816  	0.29902  	0.04457  	0.11757  	-0.0233  	-0.3073  	-0.5781  	-0.2107  	0.03461  	0.27511  	-0.2572  	0.02190  	0.00210  	0.00706  	-0.0034  	0.12953  	-0.3220  	-0.2748  	0.48039  	-0.0417  	0.00549  	0.55105  	0.22536  	-0.0614  	-0.0180  	0.06775  	0.02753  	-0.0375  	-0.1217  	-0.0099  	0.00644  	0.02495  	-0.0169  	0.00168  	0.00817  	0.01590  	-0.0025  	0.01124  	-0.0030  	-0.0409  	0.05589  	0.00595  	0.18297  	0.01608  	0.01127  	-0.0029  	0.05445  	0.48314  	
-0.1875  	-0.1217  	-0.8940  	0.03390  	0.08762  	0.12411  	-0.1025  	0.05064  	0.51349  	-0.1336  	-0.3423  	1.01658  	0.35180  	-0.4943  	-1.3209  	0.37919  	-0.0885  	0.33109  	0.26512  	0.05396  	-0.2632  	0.59639  	-0.2485  	0.25745  	0.08468  	0.10476  	-0.0328  	-0.1977  	-0.5393  	-0.1624  	0.03652  	0.32533  	-0.2579  	0.01778  	-0.0118  	0.03440  	-0.0346  	0.11153  	-0.3020  	-0.2410  	0.46279  	-0.0537  	0.00395  	0.55471  	0.22316  	-0.0603  	-0.0227  	0.04930  	0.02632  	-0.0319  	-0.1118  	-0.0105  	0.00370  	0.02289  	-0.0064  	0.00337  	0.01284  	0.01534  	-0.0093  	0.01342  	-0.0036  	-0.0410  	0.06203  	0.01090  	0.18458  	0.00935  	0.01546  	-0.0030  	0.05509  	0.46467  	
0.03187  	-0.0778  	-0.8305  	0.28519  	0.19999  	0.17525  	-0.1024  	0.02913  	0.49182  	-0.0901  	-0.4371  	1.13053  	0.38195  	-0.5031  	-1.2640  	0.47584  	-0.1497  	0.36922  	0.23889  	0.14442  	-0.3532  	0.61594  	-0.3352  	0.22193  	0.09940  	0.07436  	-0.1302  	-0.0805  	-0.4530  	-0.1490  	0.02220  	0.30683  	-0.2669  	0.01879  	-0.0046  	0.08722  	-0.1025  	0.10723  	-0.2651  	-0.1849  	0.46707  	-0.0628  	0.02575  	0.56184  	0.21199  	-0.0550  	-0.0127  	0.07554  	0.04409  	-0.0451  	-0.0914  	-0.0111  	0.00746  	0.01487  	-0.0085  	0.00171  	0.02326  	0.01539  	-0.0055  	0.01329  	-0.0077  	-0.0564  	0.06133  	0.01038  	0.18597  	0.00568  	0.01956  	-0.0036  	0.05469  	0.45373  	
0.06000  	-0.0645  	-0.7984  	0.36012  	0.29475  	0.14996  	-0.0455  	0.03526  	0.53090  	0.00769  	-0.4094  	1.16153  	0.36122  	-0.4920  	-1.3198  	0.56677  	-0.2029  	0.41395  	0.23447  	0.19854  	-0.3957  	0.64693  	-0.4384  	0.22576  	0.18193  	0.06790  	-0.0898  	-0.0585  	-0.3576  	-0.1161  	-0.0444  	0.31811  	-0.2696  	0.03082  	0.01174  	0.14190  	-0.1367  	0.11439  	-0.2621  	-0.1764  	0.45002  	-0.0314  	0.03832  	0.56558  	0.20406  	-0.0584  	-0.0308  	0.09039  	0.05444  	-0.0520  	-0.0820  	-0.0204  	0.00366  	0.02237  	-0.0059  	0.01845  	0.02059  	0.01451  	-0.0043  	0.01880  	-0.0103  	-0.0569  	0.05545  	0.00988  	0.18495  	0.00683  	0.02380  	-0.0039  	0.05396  	0.43805  	
0.03573  	-0.0534  	-0.8740  	0.24037  	0.23882  	0.21075  	-0.0740  	0.00111  	0.50325  	-0.0633  	-0.4739  	1.02669  	0.36657  	-0.5031  	-1.2835  	0.46352  	-0.1633  	0.37492  	0.27250  	0.13851  	-0.3422  	0.64032  	-0.3777  	0.23788  	0.23180  	0.05117  	7.00955  	-0.0890  	-0.4107  	-0.0900  	-0.0191  	0.34551  	-0.3012  	0.02708  	0.02213  	0.15521  	-0.0801  	0.12442  	-0.2732  	-0.2083  	0.42863  	-0.0406  	0.01709  	0.56933  	0.20888  	-0.0597  	-0.0298  	0.07275  	0.05048  	-0.0468  	-0.0857  	-0.0158  	0.01266  	0.02754  	-0.0081  	0.01245  	0.02074  	0.01743  	0.00306  	0.01587  	-0.0105  	-0.0576  	0.05975  	0.00165  	0.18010  	0.01362  	0.02741  	-0.0047  	0.05286  	0.42973  	
-0.1073  	-0.0978  	-0.9531  	0.24253  	0.18410  	0.16400  	-0.1105  	0.01062  	0.46493  	-0.1560  	-0.4997  	1.01441  	0.33962  	-0.4580  	-1.2057  	0.32344  	-0.1099  	0.33674  	0.25079  	0.08012  	-0.2765  	0.61032  	-0.2773  	0.31008  	0.19782  	0.06079  	0.02453  	-0.1677  	-0.4604  	-0.1244  	-0.0265  	0.32994  	-0.3181  	0.01118  	0.05118  	0.09883  	-0.0379  	0.13609  	-0.3092  	-0.2057  	0.42038  	-0.0446  	-4.1765  	0.56973  	0.21622  	-0.0608  	-0.0203  	0.05366  	0.03664  	-0.0439  	-0.0917  	-0.0085  	0.00786  	0.02066  	-0.0086  	0.00784  	0.02184  	0.02190  	-0.0007  	0.00903  	-0.0118  	-0.0585  	0.05845  	0.00204  	0.17100  	0.02582  	0.02978  	-0.0045  	0.05095  	0.42547  	
-0.1274  	-0.0696  	-0.9513  	0.16078  	0.14543  	0.12815  	-0.1224  	0.02686  	0.48566  	-0.1693  	-0.4219  	1.01297  	0.31985  	-0.4743  	-1.1697  	0.27063  	-0.0993  	0.30490  	0.25059  	0.09615  	-0.1750  	0.62990  	-0.2331  	0.24651  	0.15156  	0.07163  	-0.0016  	-0.1975  	-0.5016  	-0.1419  	-0.0177  	0.32176  	-0.3003  	0.02346  	0.04404  	0.05299  	0.00916  	0.14779  	-0.3092  	-0.2584  	0.43899  	-0.0352  	-0.0091  	0.55791  	0.22027  	-0.0640  	-0.0186  	0.05357  	0.02949  	-0.0378  	-0.1000  	-0.0086  	0.00877  	0.02228  	-0.0123  	0.00742  	0.01911  	0.02154  	-0.0028  	0.00380  	-0.0089  	-0.0520  	0.05692  	0.00364  	0.15821  	0.04281  	0.03142  	-0.0050  	0.04875  	0.43738  	
-0.1079  	-0.0541  	-0.9275  	0.14120  	0.14343  	0.12199  	-0.1412  	0.07606  	0.50743  	-0.1573  	-0.3976  	1.08990  	0.37703  	-0.4376  	-1.1528  	0.31426  	-0.1098  	0.31969  	0.24063  	0.07832  	-0.1875  	0.63050  	-0.1954  	0.18572  	0.04061  	0.09637  	-0.0988  	-0.1885  	-0.4817  	-0.1554  	0.01795  	0.28704  	-0.2583  	0.02204  	0.01036  	0.00934  	-0.0248  	0.13720  	-0.2979  	-0.2477  	0.45702  	-0.0425  	0.01915  	0.56230  	0.21954  	-0.0614  	-0.0119  	0.05689  	0.03506  	-0.0307  	-0.1038  	-0.0091  	0.00582  	0.02034  	-0.0102  	0.00333  	0.01146  	0.01482  	-0.0033  	0.00803  	-0.0058  	-0.0482  	0.05877  	0.00754  	0.14369  	0.05962  	0.03272  	-0.0057  	0.04826  	0.45991  	
0.00786  	-0.0130  	-0.8700  	0.20822  	0.10440  	0.22374  	-0.1327  	0.13459  	0.54131  	-0.1750  	-0.4435  	1.09827  	0.40628  	-0.3690  	-1.0563  	0.27346  	-0.0982  	0.29400  	0.24753  	0.08746  	-0.1606  	0.66730  	-0.2100  	0.19726  	-0.0082  	0.11160  	-0.1072  	-0.2319  	-0.5395  	-0.1857  	0.02614  	0.28178  	-0.2234  	0.02126  	0.02172  	-0.0464  	-0.0127  	0.14554  	-0.2907  	-0.2488  	0.45722  	-0.0581  	0.03776  	0.56048  	0.20895  	-0.0642  	-0.0162  	0.05846  	0.04312  	-0.0293  	-0.1063  	-0.0117  	-0.0016  	0.01335  	-0.0128  	0.00651  	0.00966  	0.01581  	-0.0122  	0.00499  	-0.0039  	-0.0417  	0.06209  	0.00852  	0.12806  	0.07409  	0.03292  	-0.0067  	0.04846  	0.47994  	
0.04283  	-0.0021  	-0.8508  	0.19484  	0.13887  	0.21053  	-0.1047  	0.10082  	0.53593  	-0.1197  	-0.4434  	1.04128  	0.39515  	-0.3516  	-1.0717  	0.31009  	-0.1211  	0.33914  	0.23105  	0.10990  	-0.2149  	0.67052  	-0.2514  	0.15545  	0.01676  	0.10630  	-0.1640  	-0.1673  	-0.4939  	-0.1909  	0.03625  	0.28579  	-0.2333  	0.02601  	-0.0336  	-0.0208  	-0.0394  	0.13335  	-0.2697  	-0.2232  	0.50714  	-0.0695  	0.05057  	0.56470  	0.19982  	-0.0549  	-0.0194  	0.06488  	0.03147  	-0.0228  	-0.1112  	-0.0134  	0.00308  	0.02253  	-0.0107  	0.00162  	0.00629  	0.01696  	-0.0105  	0.00752  	-0.0092  	-0.0346  	0.05437  	0.00516  	0.11275  	0.08472  	0.03330  	-0.0074  	0.04920  	0.51286  	
0.00203  	0.01629  	-0.8584  	0.12526  	0.09979  	0.15637  	-0.1258  	0.08293  	0.53959  	-0.1215  	-0.3988  	1.01209  	0.44191  	-0.3165  	-1.1368  	0.28695  	-0.1594  	0.35309  	0.23688  	0.14785  	-0.2352  	0.63264  	-0.2546  	0.15287  	0.02295  	0.09283  	-0.1721  	-0.1353  	-0.4846  	-0.1929  	0.04386  	0.27116  	-0.2025  	0.03568  	0.00392  	-0.0016  	-0.0737  	0.12193  	-0.2732  	-0.2168  	0.50496  	-0.0608  	0.02886  	0.57254  	0.20689  	-0.0555  	-0.0101  	0.06993  	0.03338  	-0.0289  	-0.1095  	-0.0114  	0.00288  	0.02241  	-0.0119  	-0.0003  	0.00330  	0.01678  	-0.0152  	0.00274  	-0.0058  	-0.0356  	0.05971  	0.00277  	0.09858  	0.09118  	0.03311  	-0.0081  	0.05080  	0.53136  	
-0.0352  	-0.0105  	-0.8774  	0.10870  	0.11070  	0.14295  	-0.1337  	0.10279  	0.53326  	-0.1223  	-0.3979  	1.02854  	0.40390  	-0.3215  	-1.1441  	0.29934  	-0.1274  	0.32252  	0.23161  	0.11761  	-0.1972  	0.61961  	-0.2280  	0.20157  	0.04669  	0.08866  	-0.1203  	-0.2005  	-0.5048  	-0.1658  	0.04549  	0.29606  	-0.2379  	0.03278  	0.03304  	-0.0213  	-0.0657  	0.11460  	-0.2971  	-0.2025  	0.48374  	-0.0570  	0.02021  	0.55836  	0.21956  	-0.0494  	-0.0168  	0.05724  	0.03935  	-0.0272  	-0.1086  	-0.0164  	0.00202  	0.01195  	-0.0134  	0.00663  	0.00487  	0.02180  	-0.0116  	0.00678  	-0.0052  	-0.0322  	0.05196  	0.00334  	0.08774  	0.09446  	0.03408  	-0.0082  	0.05232  	0.54324  	
-0.1355  	-0.0675  	-0.9407  	0.09555  	0.09886  	0.07345  	-0.1319  	0.05811  	0.50501  	-0.1113  	-0.3609  	1.03437  	0.36524  	-0.4169  	-1.1948  	0.32059  	-0.1336  	0.33470  	0.23943  	0.09408  	-0.2558  	0.60767  	-0.2312  	0.21513  	0.04037  	0.10261  	-0.0923  	-0.1776  	-0.4720  	-0.1578  	0.03337  	0.28992  	-0.2506  	0.03526  	0.01669  	0.02099  	-0.0539  	0.13347  	-0.2987  	-0.2242  	0.46507  	-0.0478  	0.01841  	0.56250  	0.20920  	-0.0556  	-0.0183  	0.05271  	0.03256  	-0.0312  	-0.1075  	-0.0096  	0.00121  	0.01981  	-0.0121  	-0.0005  	0.00466  	0.01717  	-0.0023  	0.01221  	-0.0026  	-0.0398  	0.05335  	0.00422  	0.07871  	0.09808  	0.03570  	-0.0086  	0.05365  	0.53174  	
-0.2026  	-0.0949  	-0.9830  	0.08398  	0.14623  	0.02583  	-0.1175  	0.03275  	0.49704  	-0.1013  	-0.3328  	1.06547  	0.33998  	-0.4844  	-1.2503  	0.30959  	-0.1455  	0.33259  	0.23806  	0.10650  	-0.2876  	0.59972  	-0.2388  	0.18765  	0.02048  	0.10956  	-0.1168  	-0.1483  	-0.4639  	-0.1548  	0.03411  	0.28403  	-0.2630  	0.03126  	-0.0072  	0.03011  	-0.0555  	0.12755  	-0.2850  	-0.2365  	0.47415  	-0.0487  	0.01231  	0.56502  	0.21659  	-0.0635  	-0.0087  	0.05835  	0.03642  	-0.0350  	-0.1067  	-0.0097  	0.00583  	0.01925  	-0.0125  	-0.0002  	0.00748  	0.01918  	-0.0089  	0.00509  	-0.0037  	-0.0510  	0.05553  	0.00451  	0.07405  	0.10286  	0.03970  	-0.0085  	0.05480  	0.50484  	
-0.0655  	-0.0400  	-0.9245  	0.34663  	0.30315  	0.06735  	-0.1383  	0.13018  	0.51575  	-0.1855  	-0.3247  	1.16896  	0.42407  	-0.3884  	-1.0572  	0.25173  	-0.0428  	0.15020  	0.29928  	-0.1415  	-0.1448  	0.36312  	-0.5498  	0.24837  	-0.0869  	0.21145  	-0.1198  	-0.2176  	-0.4074  	-0.1819  	0.13141  	0.23962  	-0.3166  	-0.1380  	0.00973  	-0.0469  	-0.1336  	0.09479  	-0.4115  	-0.2996  	0.52250  	0.09810  	-0.1266  	0.62817  	0.16591  	-0.0353  	-0.0404  	0.07962  	0.02001  	-0.0382  	-0.0864  	-0.0089  	0.00495  	0.03459  	-0.0080  	0.01420  	0.01773  	0.00404  	0.00089  	0.02436  	-0.0011  	-0.0508  	0.02965  	0.00275  	0.07312  	0.10758  	0.04310  	-0.0084  	0.05442  	0.48821  	
0.22827  	0.06548  	-0.7626  	0.62092  	0.43734  	0.19096  	-0.1660  	0.29858  	0.54247  	-0.2036  	-0.4992  	1.29790  	0.61388  	-0.1740  	-0.7929  	0.28486  	-0.0166  	-0.0189  	0.33809  	-0.2883  	-0.0668  	0.19533  	-0.8458  	0.26064  	-0.1204  	0.25390  	-0.1188  	-0.3225  	-0.3627  	-0.1731  	0.21405  	0.19456  	-0.3742  	-0.2579  	0.00225  	-0.1286  	-0.2178  	0.08597  	-0.5059  	-0.3455  	0.53016  	0.20064  	-0.2138  	0.70197  	0.12066  	-0.0266  	-0.0603  	0.11011  	0.02248  	-0.0584  	-0.0945  	-0.0104  	-0.0070  	0.04055  	-0.0068  	0.00712  	0.01080  	-0.0074  	-0.0157  	0.02368  	0.00049  	-0.0464  	0.01842  	0.00386  	0.07466  	0.11228  	0.04645  	-0.0083  	0.05395  	0.47789  	
0.38308  	0.11651  	-0.5689  	0.57825  	0.29970  	0.36663  	-0.1262  	0.33909  	0.53553  	-0.2392  	-0.6117  	1.02988  	0.69479  	-0.0192  	-0.6652  	0.17894  	0.06247  	-0.0953  	0.38914  	-0.5323  	0.01776  	0.24861  	-0.7915  	0.33237  	0.02153  	0.24243  	0.04292  	-0.5715  	-0.4028  	-0.1225  	0.22078  	0.20481  	-0.4222  	-0.3069  	0.00353  	-0.1361  	-0.1711  	0.10420  	-0.5262  	-0.3635  	0.52814  	0.24555  	-0.2247  	0.71517  	0.08739  	-0.0192  	-0.0721  	0.13325  	0.03640  	-0.0676  	-0.0958  	-0.0045  	0.00244  	0.05529  	-0.0062  	0.01459  	0.00316  	-0.0142  	-0.0149  	0.02809  	0.00898  	-0.0513  	0.01687  	-0.0037  	0.07544  	0.11866  	0.04841  	-0.0087  	0.05306  	0.46738  	
0.14857  	0.10208  	-0.8514  	0.69111  	0.44414  	0.15247  	-0.1342  	0.34231  	0.51007  	-0.2339  	-0.5070  	1.14981  	0.63532  	0.00937  	-0.7107  	0.22385  	-0.0125  	-0.0279  	0.34833  	-0.3226  	-0.0137  	0.28690  	-0.9055  	0.33782  	0.05298  	0.22002  	0.02368  	-0.4282  	-0.3304  	-0.1000  	0.17990  	0.19032  	-0.4004  	-0.2805  	0.04543  	-0.1122  	-0.1822  	0.08805  	-0.4974  	-0.3393  	0.48297  	0.22843  	-0.2509  	0.67204  	0.12256  	-0.0176  	-0.0723  	0.09564  	0.01849  	-0.0583  	-0.0969  	-0.0012  	0.00269  	0.04799  	-0.0022  	0.00855  	0.00050  	-0.0118  	-0.0047  	0.02583  	0.00742  	-0.0479  	0.00911  	1.07903  	0.07598  	0.12510  	0.05031  	-0.0083  	0.05265  	0.42789  	
0.02659  	0.00374  	-1.0009  	0.63815  	0.49155  	0.13037  	-0.1197  	0.20580  	0.52642  	-0.1925  	-0.5409  	1.26358  	0.56909  	-0.1056  	-0.7748  	0.27538  	-0.0991  	0.10608  	0.27655  	-0.1352  	-0.0908  	0.41950  	-0.6688  	0.35660  	0.02578  	0.17098  	0.00035  	-0.2964  	-0.4095  	-0.1138  	0.09305  	0.24004  	-0.3028  	-0.1127  	0.14457  	-0.0948  	-0.1471  	0.07384  	-0.4264  	-0.2731  	0.40127  	0.14347  	-0.1832  	0.62515  	0.15018  	-0.0308  	-0.0414  	0.08011  	0.04434  	-0.0487  	-0.0839  	-0.0078  	7.98027  	0.04365  	-0.0112  	0.02532  	0.00470  	0.00153  	0.00539  	0.01481  	0.00267  	-0.0461  	0.01441  	-0.0105  	0.07478  	0.13164  	0.05034  	-0.0088  	0.05251  	0.41291  	
0.18965  	0.04408  	-0.8733  	0.54684  	0.33393  	0.34460  	-0.1047  	0.20011  	0.52239  	-0.2558  	-0.6643  	1.12241  	0.49664  	-0.0355  	-0.6366  	0.24799  	-0.1359  	0.18252  	0.23736  	0.03553  	-0.0858  	0.71644  	-0.2000  	0.39465  	0.04017  	0.06591  	0.12657  	-0.3963  	-0.6117  	-0.1057  	-0.0453  	0.29847  	-0.2321  	0.01393  	0.18774  	-0.0982  	0.02416  	0.11099  	-0.3254  	-0.1956  	0.34281  	-0.0184  	-0.0256  	0.57299  	0.22585  	-0.0592  	-0.0275  	0.07667  	0.04636  	-0.0328  	-0.1113  	-0.0110  	0.00425  	0.01682  	-0.0162  	0.02653  	0.00448  	0.01243  	-0.0043  	0.01674  	-0.0038  	-0.0384  	0.03762  	-0.0066  	0.07089  	0.13610  	0.04937  	-0.0091  	0.05262  	0.40607  	
0.57609  	0.10812  	-0.5485  	0.54352  	0.28972  	0.48833  	-0.0464  	0.23949  	0.59976  	-0.1085  	-0.7750  	0.88604  	0.61927  	0.12050  	-0.6463  	0.22708  	-0.1117  	0.20539  	0.24536  	-0.0854  	-0.1266  	0.74768  	-0.1635  	0.26948  	0.25776  	0.04676  	0.13996  	-0.4666  	-0.5248  	-0.0639  	0.00432  	0.30513  	-0.2457  	0.02227  	0.10344  	-0.0618  	-0.0006  	0.12351  	-0.2594  	-0.1906  	0.39918  	-0.0298  	0.02817  	0.57646  	0.19591  	-0.0558  	-0.0461  	0.12160  	0.08178  	-0.0400  	-0.1005  	-0.0139  	0.00539  	0.01921  	-0.0085  	0.03383  	0.00127  	0.01048  	-0.0166  	0.02372  	-0.0016  	-0.0462  	0.05612  	-0.0116  	0.06317  	0.14055  	0.04692  	-0.0100  	0.05335  	0.40830  	
0.34068  	0.14101  	-0.6762  	0.21013  	0.19176  	0.25089  	0.04877  	0.21166  	0.56614  	-0.0403  	-0.6333  	0.80870  	0.58008  	0.14518  	-0.8643  	0.15696  	-0.1525  	0.18171  	0.25631  	-0.0431  	-0.1127  	0.77701  	-0.3154  	0.35246  	0.30587  	0.00357  	0.25385  	-0.5146  	-0.5527  	-0.1124  	0.03520  	0.30541  	-0.2324  	0.01406  	0.20818  	-0.0229  	0.05560  	0.10374  	-0.3149  	-0.1619  	0.35729  	-0.0208  	-0.0006  	0.57587  	0.21149  	-0.0549  	-0.0229  	0.10745  	0.06086  	-0.0434  	-0.0836  	-0.0097  	-0.0124  	0.01233  	-0.0183  	0.02245  	0.00213  	0.00617  	-0.0152  	0.02017  	-0.0038  	-0.0294  	0.05067  	0.00256  	0.05332  	0.14386  	0.04451  	-0.0104  	0.05447  	0.40823  	
-0.1339  	-0.0491  	-0.9671  	-0.0931  	0.15950  	-0.0576  	-0.0721  	0.11445  	0.49750  	-0.1154  	-0.2056  	0.89851  	0.40446  	-0.1688  	-1.0579  	0.20291  	-0.1016  	0.23534  	0.19893  	0.03518  	0.05706  	0.60669  	-0.2704  	0.51334  	0.03935  	0.09823  	0.18582  	-0.5542  	-0.7805  	-0.2005  	0.04009  	0.34236  	-0.2054  	-0.0043  	0.28814  	-0.0771  	0.15972  	0.14780  	-0.4252  	-0.1922  	0.37484  	0.01087  	-0.0579  	0.53211  	0.21369  	-0.0568  	0.01291  	0.02326  	0.05295  	-0.0314  	-0.1072  	-0.0162  	-0.0144  	0.01849  	-0.0219  	-0.0006  	-0.0159  	0.02325  	-0.0020  	0.00692  	-0.0100  	-0.0410  	0.04678  	-0.0057  	0.04350  	0.14657  	0.04157  	-0.0109  	0.05602  	0.41841  	
-0.6242  	-0.2620  	-1.0827  	-0.4076  	-0.0340  	-0.2001  	-0.1859  	-0.0326  	0.45775  	-0.0222  	0.02535  	0.84646  	0.28540  	-0.5713  	-1.3916  	0.05877  	-0.0908  	0.21055  	0.22866  	0.06944  	-0.0171  	0.55430  	-0.2365  	0.34700  	-0.0750  	0.11330  	-0.0009  	-0.4682  	-0.7906  	-0.2218  	0.04854  	0.29214  	-0.2244  	-0.0049  	0.18435  	-0.0612  	0.10814  	0.13997  	-0.3647  	-0.2340  	0.35204  	-0.0038  	-0.0421  	0.52049  	0.24619  	-0.0505  	-0.0001  	0.00799  	0.01129  	-0.0084  	-0.1171  	-0.0080  	0.00078  	0.02615  	-0.0172  	-0.0048  	-0.0055  	0.01552  	-0.0242  	0.01090  	-0.0071  	-0.0357  	0.05423  	0.00666  	0.03452  	0.14749  	0.03915  	-0.0108  	0.05747  	0.43485  	
-0.5608  	-0.1810  	-1.0656  	-0.3146  	-0.0166  	-0.2491  	-0.1515  	0.03345  	0.50036  	0.01486  	0.04640  	0.95401  	0.30883  	-0.4951  	-1.4343  	0.18290  	-0.1067  	0.22748  	0.25979  	0.11388  	-0.0367  	0.55162  	-0.1327  	0.31201  	-0.0200  	0.13044  	-0.0516  	-0.3952  	-0.6610  	-0.2102  	0.04106  	0.28137  	-0.2416  	0.00307  	0.09917  	-0.0573  	0.10481  	0.14311  	-0.3519  	-0.2844  	0.43857  	-0.0390  	-0.0453  	0.54514  	0.22758  	-0.0535  	-0.0168  	0.04532  	0.03448  	-0.0316  	-0.1101  	-0.0174  	-0.0018  	0.02033  	-0.0182  	0.00929  	0.00112  	0.02091  	-0.0084  	0.01293  	0.00358  	-0.0388  	0.05502  	-0.0012  	0.02478  	0.14938  	0.03790  	-0.0105  	0.05878  	0.43149  	
-0.2745  	-0.1131  	-0.9541  	-0.2440  	-0.0235  	0.02155  	-0.1466  	0.07141  	0.52814  	-0.0335  	-0.1592  	0.97684  	0.38635  	-0.4503  	-1.3749  	0.20259  	-0.0870  	0.34161  	0.24067  	0.12650  	-0.1788  	0.57390  	-0.1694  	0.31063  	0.05896  	0.09791  	-0.0957  	-0.2627  	-0.5382  	-0.2133  	0.06720  	0.26205  	-0.2285  	0.00395  	-0.0054  	-0.0065  	-0.0485  	0.09047  	-0.2754  	-0.2362  	0.45085  	-0.0454  	-0.0159  	0.54520  	0.21360  	-0.0553  	-0.0135  	0.07166  	0.05167  	-0.0347  	-0.0921  	-0.0116  	-0.0085  	0.01585  	-0.0166  	0.00313  	0.00954  	0.01680  	-0.0096  	0.01166  	-0.0077  	-0.0472  	0.06138  	0.00226  	0.01749  	0.14960  	0.03815  	-0.0096  	0.05962  	0.44972  	
-0.1181  	-0.0226  	-0.9224  	0.19902  	0.15501  	0.21644  	-0.1647  	0.17482  	0.53589  	-0.1909  	-0.4000  	1.18929  	0.41841  	-0.3855  	-1.1706  	0.32458  	-0.1322  	0.38495  	0.28613  	0.17454  	-0.2206  	0.60604  	-0.2413  	0.25743  	0.03684  	0.11109  	-0.1190  	-0.1555  	-0.5337  	-0.1673  	0.05296  	0.25810  	-0.1958  	5.72744  	-0.0311  	-0.0325  	-0.0855  	0.08263  	-0.2400  	-0.2156  	0.45277  	-0.0503  	0.01225  	0.56374  	0.21252  	-0.0501  	-0.0188  	0.08434  	0.02899  	-0.0237  	-0.0924  	-0.0145  	-0.0079  	0.01291  	-0.0266  	0.01891  	0.02340  	0.00795  	-0.0040  	0.00778  	0.00185  	-0.0423  	0.03916  	-0.0089  	-0.0022  	0.15220  	0.04042  	-0.0100  	0.06007  	0.47515  	
0.10760  	0.05870  	-0.8139  	0.51664  	0.33776  	0.36079  	-0.1030  	0.14174  	0.55848  	-0.1788  	-0.6224  	1.22319  	0.50131  	-0.1820  	-0.9527  	0.36645  	-0.1481  	0.35132  	0.23496  	0.11848  	-0.2586  	0.66894  	-0.3086  	0.24479  	0.07617  	0.10250  	-0.1769  	-0.1275  	-0.4446  	-0.1383  	0.02319  	0.28071  	-0.2246  	0.02395  	0.01173  	-0.0456  	-0.0985  	0.10148  	-0.2072  	-0.1786  	0.46965  	-0.0738  	0.02932  	0.56035  	0.20131  	-0.0544  	-0.0243  	0.09292  	0.04706  	-0.0365  	-0.0911  	-0.0181  	-0.0010  	0.00628  	-0.0110  	0.00309  	0.01283  	0.01920  	-0.0047  	0.00210  	-0.0124  	-0.0448  	0.05940  	0.00525  	-0.0069  	0.14626  	0.04084  	-0.0100  	0.06070  	0.49731  	
0.31597  	0.08240  	-0.7344  	0.46485  	0.31131  	0.39745  	-0.0646  	0.22023  	0.60079  	-0.1256  	-0.5219  	1.17455  	0.51036  	-0.0820  	-1.0092  	0.48990  	-0.1864  	0.30937  	0.26810  	0.09632  	-0.1369  	0.64861  	-0.2830  	0.28225  	0.15008  	0.03068  	-0.0346  	-0.2813  	-0.5076  	-0.0936  	-0.0150  	0.30878  	-0.2385  	0.01744  	0.10906  	-0.0409  	-0.0266  	0.14314  	-0.2828  	-0.2102  	0.43444  	-0.0630  	0.03183  	0.55725  	0.21390  	-0.0574  	-0.0278  	0.08499  	0.06093  	-0.0444  	-0.0990  	-0.0214  	0.00989  	0.01865  	-0.0148  	0.01629  	0.00491  	0.01645  	-0.0186  	0.01338  	-0.0131  	-0.0471  	0.05207  	0.00860  	0.00072  	0.13474  	0.03922  	-0.0096  	0.06125  	0.49677  	
-0.0140  	-0.0760  	-0.9192  	0.34487  	0.29382  	0.10744  	-0.0463  	0.14689  	0.52441  	-0.1189  	-0.2987  	1.18598  	0.46154  	-0.1016  	-1.1281  	0.29749  	-0.2145  	0.32493  	0.21003  	0.19399  	-0.1180  	0.64803  	-0.3468  	0.35700  	0.10067  	0.06352  	-0.0344  	-0.2664  	-0.5776  	-0.1615  	0.03506  	0.25058  	-0.1884  	0.01991  	0.16179  	-0.0358  	0.03445  	0.10694  	-0.3041  	-0.2382  	0.36060  	-0.0314  	-0.0314  	0.55271  	0.22672  	-0.0579  	-0.0162  	0.07089  	0.03354  	-0.0325  	-0.1005  	-0.0166  	0.00090  	0.00838  	-0.0194  	0.01905  	0.00697  	0.01425  	-0.0132  	0.01441  	-0.0045  	-0.0411  	0.05807  	0.00018  	0.01921  	0.11911  	0.03708  	-0.0088  	0.06180  	0.49025  	
-0.4669  	-0.1914  	-1.1120  	-0.1760  	0.10654  	-0.1761  	-0.1434  	-0.0300  	0.47610  	-0.0710  	-0.0828  	1.02545  	0.34893  	-0.4557  	-1.3418  	0.15186  	-0.1294  	0.31345  	0.23303  	0.16802  	-0.0987  	0.55858  	-0.2715  	0.32955  	-0.0099  	0.09153  	-0.0724  	-0.2959  	-0.6940  	-0.2163  	0.03576  	0.28190  	-0.2203  	0.00782  	0.16676  	-0.0286  	0.03929  	0.12086  	-0.3579  	-0.2396  	0.36826  	-0.0191  	-0.0640  	0.52764  	0.23283  	-0.0605  	-0.0113  	0.03015  	0.02826  	-0.0292  	-0.0975  	-0.0114  	-0.0080  	0.02613  	-0.0159  	0.00817  	0.00559  	0.01304  	-0.0171  	0.00826  	-0.0089  	-0.0392  	0.05580  	0.00450  	0.04517  	0.10112  	0.03333  	-0.0081  	0.06180  	0.48716  	
-0.4683  	-0.2051  	-1.1266  	-0.0698  	0.11138  	-0.1831  	-0.1094  	0.04789  	0.49981  	-0.0174  	-0.0304  	1.05512  	0.34175  	-0.4599  	-1.3309  	0.20384  	-0.1433  	0.28842  	0.21548  	0.16925  	-0.1235  	0.59617  	-0.2136  	0.26895  	-0.0351  	0.11824  	-0.1093  	-0.2535  	-0.6404  	-0.2171  	0.04051  	0.27471  	-0.2203  	0.01472  	0.08456  	-0.0470  	0.01308  	0.12833  	-0.3232  	-0.2814  	0.39620  	-0.0265  	-0.0305  	0.52331  	0.22047  	-0.0647  	-0.0120  	0.03927  	0.03617  	-0.0316  	-0.1079  	-0.0106  	-0.0073  	0.02409  	-0.0194  	0.00418  	0.00399  	0.01450  	-0.0138  	0.00581  	0.00070  	-0.0406  	0.05720  	0.00737  	0.07559  	0.08230  	0.02959  	-0.0074  	0.06168  	0.48397  	
-0.2960  	-0.1071  	-1.0649  	0.16539  	0.23097  	-0.0493  	-0.0991  	0.13901  	0.52147  	-0.0756  	-0.1406  	1.16506  	0.38500  	-0.3323  	-1.1955  	0.24671  	-0.1514  	0.31234  	0.22905  	0.22578  	-0.1261  	0.58513  	-0.3591  	0.28516  	0.00479  	0.10752  	-0.1413  	-0.1830  	-0.5838  	-0.1974  	0.04369  	0.26553  	-0.1917  	0.02688  	0.09154  	-0.0141  	-0.0394  	0.09515  	-0.2757  	-0.2642  	0.38444  	-0.0171  	-0.0344  	0.51852  	0.21816  	-0.0534  	-0.0101  	0.04961  	0.03759  	-0.0331  	-0.1014  	-0.0129  	-0.0076  	0.01804  	-0.0160  	0.01143  	0.00933  	0.02114  	-0.0125  	0.00376  	-0.0044  	-0.0433  	0.04821  	0.00285  	0.10783  	0.06613  	0.02518  	-0.0069  	0.06100  	0.48825  	
-0.0557  	-0.0237  	-0.9200  	0.26406  	0.19057  	0.09902  	-0.1352  	0.16450  	0.54635  	-0.1359  	-0.2768  	1.23405  	0.40934  	-0.2615  	-1.0859  	0.28083  	-0.1269  	0.32252  	0.27292  	0.18958  	-0.1035  	0.58608  	-0.3118  	0.24753  	0.02269  	0.06983  	-0.0992  	-0.2059  	-0.5744  	-0.1567  	0.03722  	0.27366  	-0.2261  	0.02404  	0.08513  	-0.0404  	-0.0242  	0.12370  	-0.2753  	-0.2386  	0.41205  	-0.0504  	0.00666  	0.53220  	0.22832  	-0.0518  	-0.0176  	0.07276  	0.04069  	-0.0392  	-0.1038  	-0.0125  	-0.0019  	0.02164  	-0.0111  	0.01581  	0.01066  	0.01066  	-0.0038  	0.01598  	-0.0071  	-0.0415  	0.04409  	0.00191  	0.14086  	0.05309  	0.02135  	-0.0060  	0.05972  	0.48107  	
0.08069  	0.02062  	-0.8179  	0.33712  	0.17660  	0.33285  	-0.0878  	0.22330  	0.60055  	-0.2338  	-0.5235  	1.20020  	0.42917  	-0.1803  	-0.9219  	0.30365  	-0.1587  	0.33622  	0.26428  	0.10533  	-0.1205  	0.65208  	-0.2325  	0.23696  	0.02210  	0.07875  	-0.0682  	-0.2330  	-0.5203  	-0.1480  	0.01038  	0.26630  	-0.1953  	0.02600  	0.03985  	-0.0653  	-0.0269  	0.12623  	-0.2897  	-0.2661  	0.46078  	-0.0420  	0.00637  	0.56826  	0.21924  	-0.0484  	-0.0218  	0.08516  	0.04820  	-0.0348  	-0.1145  	-0.0152  	-0.0004  	0.01938  	-0.0199  	0.01677  	0.02124  	0.01078  	-0.0101  	0.00197  	0.00472  	-0.0501  	0.05320  	0.00352  	0.17296  	0.04244  	0.01752  	-0.0048  	0.05751  	0.48569  	
0.17287  	-0.0144  	-0.8043  	0.38200  	0.20284  	0.36167  	-0.1107  	0.15686  	0.54178  	-0.1846  	-0.4411  	1.11390  	0.42437  	-0.3183  	-0.9552  	0.39785  	-0.1311  	0.34523  	0.25656  	0.14140  	-0.0939  	0.61519  	-0.2491  	0.20748  	0.07258  	0.04781  	-0.0821  	-0.2361  	-0.5525  	-0.1550  	0.00635  	0.29573  	-0.2358  	0.02722  	0.06325  	-0.0256  	-0.0011  	0.14725  	-0.2995  	-0.2530  	0.44196  	-0.0588  	0.01854  	0.55758  	0.21337  	-0.0592  	-0.0242  	0.07330  	0.04396  	-0.0469  	-0.1013  	-0.0193  	0.00232  	0.02042  	-0.0153  	0.02113  	0.02011  	0.01768  	-0.0058  	0.01097  	-0.0084  	-0.0527  	0.05330  	0.00748  	0.19876  	0.03502  	0.01493  	-0.0035  	0.05570  	0.48121  	
0.24018  	0.05385  	-0.7092  	0.37853  	0.27339  	0.36419  	-0.1166  	0.14575  	0.56657  	-0.1586  	-0.4341  	1.12309  	0.41503  	-0.3174  	-1.0336  	0.47456  	-0.1464  	0.30992  	0.26632  	0.13224  	-0.0759  	0.63009  	-0.2867  	0.29248  	0.07409  	0.04300  	-0.0266  	-0.3084  	-0.5869  	-0.1616  	0.00625  	0.31702  	-0.2300  	0.03195  	0.13686  	-0.0104  	0.05028  	0.13745  	-0.3019  	-0.2259  	0.42183  	-0.0512  	0.02461  	0.55435  	0.21633  	-0.0551  	-0.0266  	0.07586  	0.04794  	-0.0367  	-0.0950  	-0.0164  	0.00346  	0.01627  	-0.0089  	0.02070  	0.01907  	0.01901  	-0.0103  	0.01443  	-0.0057  	-0.0557  	0.05395  	0.00739  	0.21504  	0.03167  	0.01309  	-0.0022  	0.05369  	0.47574  	
0.21357  	0.01383  	-0.7031  	0.33256  	0.23414  	0.31916  	-0.1396  	0.19156  	0.52426  	-0.1202  	-0.3799  	1.08917  	0.45029  	-0.4356  	-1.1040  	0.41673  	-0.0887  	0.16065  	0.34593  	-0.1143  	-0.0495  	0.40454  	-0.5608  	0.29053  	0.04468  	0.15545  	-0.0028  	-0.3275  	-0.4803  	-0.1694  	0.10483  	0.28434  	-0.3365  	-0.1513  	0.06056  	0.01413  	-0.0624  	0.14319  	-0.4380  	-0.3051  	0.48514  	0.08635  	-0.1020  	0.65578  	0.15970  	-0.0389  	-0.0446  	0.08542  	0.02508  	-0.0546  	-0.0784  	-0.0113  	0.01120  	0.02744  	-0.0043  	0.00680  	0.01812  	0.00528  	-0.0063  	0.01924  	-0.0063  	-0.0635  	0.03867  	0.00961  	0.21986  	0.03211  	0.01197  	-0.0014  	0.05147  	0.47749  	
0.10544  	-0.0017  	-0.7143  	0.24594  	0.16752  	0.21102  	-0.1492  	0.20622  	0.47590  	-0.1788  	-0.3587  	1.04009  	0.46856  	-0.4823  	-1.0775  	0.31313  	-0.0119  	0.01167  	0.39791  	-0.3618  	-0.0193  	0.22267  	-0.7446  	0.29041  	0.02052  	0.23825  	0.01957  	-0.4287  	-0.4131  	-0.1863  	0.20224  	0.24887  	-0.4287  	-0.2776  	0.01573  	0.03069  	-0.1094  	0.15679  	-0.5408  	-0.3887  	0.56812  	0.19793  	-0.2008  	0.71668  	0.10968  	-0.0220  	-0.0616  	0.09736  	0.01211  	-0.0598  	-0.0754  	-0.0037  	0.01695  	0.05027  	0.00386  	0.00533  	0.00924  	0.00021  	-0.0064  	0.02786  	-0.0024  	-0.0633  	0.03412  	0.01056  	0.21012  	0.03650  	0.01236  	-0.0017  	0.04967  	0.47076  	
0.03439  	0.00528  	-0.7720  	0.22546  	0.15339  	0.16362  	-0.1578  	0.16793  	0.45642  	-0.2599  	-0.3920  	1.00526  	0.43072  	-0.5616  	-1.0203  	0.21951  	0.05592  	-0.0437  	0.40372  	-0.4336  	-0.0490  	0.14502  	-0.7577  	0.24730  	-0.0155  	0.28134  	-0.0013  	-0.4340  	-0.3575  	-0.1770  	0.22920  	0.23041  	-0.4744  	-0.3164  	-0.0447  	0.01027  	-0.1441  	0.14528  	-0.5696  	-0.4037  	0.59323  	0.23034  	-0.2317  	0.72704  	0.09644  	-0.0148  	-0.0684  	0.09325  	0.00078  	-0.0598  	-0.0861  	-0.0018  	0.01131  	0.05482  	0.00891  	0.00374  	0.01288  	-0.0009  	-0.0056  	0.02548  	-0.0014  	-0.0557  	0.03592  	0.00739  	0.21234  	0.03463  	0.00972  	-0.0013  	0.04839  	0.46165  	
0.14775  	0.04603  	-0.7197  	0.28473  	0.15153  	0.18963  	-0.1670  	0.23981  	0.49196  	-0.2916  	-0.2813  	1.05227  	0.44205  	-0.3936  	-0.8662  	0.18995  	0.02047  	-0.0657  	0.37907  	-0.4473  	0.11999  	0.22208  	-0.6634  	0.31749  	-0.0689  	0.24500  	0.00353  	-0.5716  	-0.5126  	-0.2052  	0.22521  	0.24950  	-0.4040  	-0.2880  	0.05336  	-0.1152  	-0.0184  	0.18529  	-0.5936  	-0.4283  	0.57468  	0.19841  	-0.2251  	0.69421  	0.10583  	-0.0163  	-0.0585  	0.08352  	-0.0022  	-0.0538  	-0.1036  	0.00050  	0.00957  	0.05639  	0.00222  	0.00185  	0.00526  	-0.0032  	-0.0100  	0.02527  	0.00344  	-0.0522  	0.02913  	0.00320  	0.21405  	0.03196  	0.00629  	-0.0012  	0.04756  	0.45636  	
0.10455  	0.05534  	-0.7472  	0.23744  	0.11153  	0.18311  	-0.1670  	0.22452  	0.53143  	-0.2467  	-0.2643  	1.11858  	0.43563  	-0.3035  	-0.9544  	0.27661  	-0.0496  	0.08873  	0.30510  	-0.2330  	0.06199  	0.40005  	-0.4549  	0.26661  	-0.0760  	0.18209  	-0.0415  	-0.4740  	-0.5732  	-0.2016  	0.14725  	0.25740  	-0.3093  	-0.1464  	0.07923  	-0.1242  	0.02932  	0.17710  	-0.4933  	-0.3723  	0.53184  	0.09596  	-0.1206  	0.63237  	0.15650  	-0.0324  	-0.0300  	0.06195  	0.01121  	-0.0355  	-0.1119  	-0.0071  	0.00958  	0.04228  	-0.0094  	0.00630  	0.00196  	0.00403  	-0.0142  	0.01291  	0.00440  	-0.0399  	0.03806  	0.00436  	0.21479  	0.03007  	0.00282  	-0.0015  	0.04635  	0.46474  	
0.01908  	0.02375  	-0.8030  	0.10952  	0.08389  	0.13883  	-0.1417  	0.14535  	0.55826  	-0.1638  	-0.2690  	1.11289  	0.37801  	-0.2870  	-1.1377  	0.34670  	-0.1317  	0.28280  	0.23653  	0.06059  	-0.0732  	0.62161  	-0.1951  	0.23983  	-0.0179  	0.09372  	-0.0740  	-0.3211  	-0.6131  	-0.1917  	0.02537  	0.29602  	-0.2132  	0.01087  	0.09050  	-0.0625  	0.07921  	0.16239  	-0.3576  	-0.2704  	0.47844  	-0.0499  	0.00680  	0.55416  	0.22029  	-0.0552  	-0.0082  	0.05419  	0.03228  	-0.0254  	-0.1204  	-0.0131  	0.00380  	0.01946  	-0.0150  	0.00927  	0.00408  	0.01401  	-0.0160  	0.00255  	-0.0032  	-0.0392  	0.05165  	0.00855  	0.21489  	0.02821  	-0.0006  	-0.0017  	0.04524  	0.46756  	
-0.0338  	-0.0132  	-0.8514  	0.09218  	0.07036  	0.11509  	-0.1375  	0.09865  	0.52085  	-0.1487  	-0.2455  	1.08048  	0.33939  	-0.3913  	-1.1834  	0.33907  	-0.1190  	0.29350  	0.22941  	0.05703  	-0.1140  	0.61991  	-0.2042  	0.22332  	-0.0069  	0.10332  	-0.0795  	-0.2950  	-0.5774  	-0.1914  	0.00931  	0.29899  	-0.2317  	0.01000  	0.05044  	-0.0280  	0.05552  	0.17636  	-0.3463  	-0.2626  	0.48083  	-0.0429  	0.01541  	0.55369  	0.22461  	-0.0576  	-0.0085  	0.05333  	0.03345  	-0.0267  	-0.1171  	-0.0130  	0.00456  	0.02108  	-0.0148  	0.00430  	0.00961  	0.01453  	-0.0098  	0.00575  	-0.0050  	-0.0418  	0.05663  	0.00725  	0.21460  	0.02775  	-0.0036  	-0.0020  	0.04417  	0.48068  	
-0.0900  	-0.0305  	-0.8732  	0.10110  	0.07935  	0.11516  	-0.1452  	0.07205  	0.50843  	-0.1381  	-0.2587  	1.07417  	0.31818  	-0.4157  	-1.1942  	0.31876  	-0.1119  	0.29643  	0.22545  	0.04363  	-0.1158  	0.60715  	-0.2077  	0.22096  	-0.0092  	0.10727  	-0.0806  	-0.2734  	-0.5678  	-0.1816  	0.01578  	0.30297  	-0.2434  	0.00956  	0.04845  	-0.0226  	0.05230  	0.17136  	-0.3446  	-0.2659  	0.48050  	-0.0411  	0.01333  	0.55383  	0.22847  	-0.0602  	-0.0102  	0.04653  	0.02937  	-0.0268  	-0.1167  	-0.0098  	0.00530  	0.02371  	-0.0141  	0.00448  	0.01133  	0.01483  	-0.0094  	0.00667  	-0.0047  	-0.0425  	0.05676  	0.00681  	0.21448  	0.02862  	-0.0063  	-0.0023  	0.04308  	0.49055  	
0.10896  	0.04533  	-0.7680  	0.22981  	0.09071  	0.22411  	-0.1397  	0.16606  	0.54968  	-0.1907  	-0.2638  	1.10241  	0.37755  	-0.2626  	-1.0266  	0.36510  	-0.1285  	0.23699  	0.23254  	0.04859  	0.01444  	0.62025  	-0.1999  	0.28762  	-0.0244  	0.08265  	-0.0173  	-0.3949  	-0.6881  	-0.1937  	0.02543  	0.30862  	-0.2242  	0.02007  	0.15449  	-0.1059  	0.13566  	0.18851  	-0.3860  	-0.2826  	0.45298  	-0.0426  	0.00158  	0.55345  	0.22056  	-0.0562  	-0.0139  	0.05013  	0.02541  	-0.0235  	-0.1186  	-0.0078  	0.01138  	0.02421  	-0.0170  	0.00868  	0.00083  	0.01134  	-0.0106  	0.01032  	-0.0013  	-0.0399  	0.05333  	0.00314  	0.21534  	0.03122  	-0.0081  	-0.0025  	0.04151  	0.49767  	
-0.0746  	-0.0022  	-0.8332  	0.07016  	0.07830  	0.05920  	-0.1656  	0.09380  	0.56067  	-0.0505  	-0.2601  	1.15200  	0.40232  	-0.3225  	-1.3030  	0.40069  	-0.1308  	0.33098  	0.24048  	0.12125  	-0.1769  	0.59280  	-0.2231  	0.19261  	-0.1083  	0.13861  	-0.1948  	-0.1892  	-0.5950  	-0.2317  	0.07295  	0.27728  	-0.1782  	0.02084  	0.01366  	-0.0551  	-0.0191  	0.13549  	-0.3038  	-0.2447  	0.51301  	-0.0544  	0.03201  	0.55840  	0.20862  	-0.0569  	-0.0116  	0.05974  	0.03456  	-0.0250  	-0.1175  	-0.0108  	0.00073  	0.02043  	-0.0136  	0.00652  	0.00159  	0.00724  	-0.0076  	0.00379  	-0.0023  	-0.0307  	0.05143  	0.00828  	0.21652  	0.03294  	-0.0091  	-0.0025  	0.03948  	0.50776  	
-0.3550  	-0.1324  	-1.0291  	-0.1488  	-0.0266  	-0.1001  	-0.1514  	0.00636  	0.53155  	0.00374  	-0.1782  	1.07395  	0.36120  	-0.4350  	-1.5118  	0.32941  	-0.1232  	0.34853  	0.26159  	0.15453  	-0.2545  	0.57036  	-0.2376  	0.16819  	-0.1036  	0.14843  	-0.2475  	-0.1560  	-0.5853  	-0.2661  	0.09854  	0.28290  	-0.2195  	0.01246  	-0.0320  	0.00552  	-0.0813  	0.11083  	-0.2827  	-0.2761  	0.50378  	-0.0599  	0.02166  	0.56011  	0.20352  	-0.0644  	-0.0126  	0.07971  	0.04296  	-0.0245  	-0.1200  	-0.0159  	0.00389  	0.02078  	-0.0077  	0.00345  	0.01047  	0.02145  	-0.0214  	0.00762  	0.00470  	-0.0374  	0.07074  	0.01066  	0.21616  	0.03502  	-0.0090  	-0.0027  	0.03869  	0.51163  	
-0.6047  	-0.1913  	-1.1684  	-0.4091  	-0.0182  	-0.3035  	-0.1367  	-0.0334  	0.48271  	0.01143  	0.03136  	0.94582  	0.29568  	-0.5734  	-1.5579  	0.21542  	-0.1178  	0.31072  	0.23776  	0.12934  	-0.1884  	0.55699  	-0.3105  	0.21556  	-0.0101  	0.13482  	-0.1904  	-0.2297  	-0.5434  	-0.2291  	0.06321  	0.26456  	-0.2126  	0.01880  	-6.0725  	0.04954  	-0.0161  	0.12329  	-0.3121  	-0.2928  	0.47265  	-0.0473  	0.00392  	0.51382  	0.22299  	-0.0627  	-0.0172  	0.05510  	0.03807  	-0.0285  	-0.1157  	-0.0179  	-0.0037  	0.02608  	-0.0053  	0.00472  	0.00814  	0.01787  	-0.0073  	0.02431  	-0.0005  	-0.0401  	0.05971  	0.00399  	0.21586  	0.03543  	-0.0090  	-0.0031  	0.03842  	0.51836  	
-0.4268  	-0.1766  	-0.9963  	-0.2886  	-0.0931  	-0.2434  	-0.1313  	0.02317  	0.50116  	0.00188  	-0.0205  	0.92652  	0.31285  	-0.5127  	-1.4047  	0.22427  	-0.0720  	0.28533  	0.23223  	0.12461  	-0.1511  	0.58079  	-0.2341  	0.29973  	0.03762  	0.13610  	-0.0745  	-0.3734  	-0.6511  	-0.2321  	0.06682  	0.27632  	-0.2143  	-0.0054  	-0.0053  	-0.0255  	0.02966  	0.13905  	-0.3293  	-0.2857  	0.45397  	-0.0428  	-0.0179  	0.53821  	0.22919  	-0.0560  	-0.0181  	0.05739  	0.02854  	-0.0350  	-0.1082  	-0.0119  	-0.0029  	0.01844  	-0.0198  	0.00016  	0.00483  	0.02080  	-0.0136  	0.01363  	-0.0036  	-0.0403  	0.05291  	0.00592  	0.21589  	0.03463  	-0.0090  	-0.0034  	0.03785  	0.51998  	
-0.0744  	-0.0718  	-0.8218  	-0.0212  	0.01960  	0.14318  	-0.1052  	0.12705  	0.52258  	-0.0816  	-0.3763  	1.01637  	0.40569  	-0.3277  	-1.3083  	0.34178  	-0.0639  	0.32394  	0.27493  	0.04213  	-0.1783  	0.61329  	-0.2182  	0.27509  	0.02554  	0.10955  	-0.0457  	-0.3947  	-0.6016  	-0.1812  	0.06001  	0.30833  	-0.2205  	0.00422  	0.01209  	-0.0540  	0.02282  	0.14700  	-0.3250  	-0.2441  	0.50245  	-0.0594  	0.02620  	0.56197  	0.21413  	-0.0587  	-0.0139  	0.05866  	0.02965  	-0.0193  	-0.1135  	-0.0187  	-0.0009  	0.01129  	-0.0147  	0.00911  	0.00603  	0.01533  	-0.0145  	0.01388  	-0.0072  	-0.0271  	0.05543  	0.00349  	0.21658  	0.03253  	-0.0090  	-0.0034  	0.03765  	0.51634  	
0.17841  	0.02347  	-0.7151  	0.32815  	0.16917  	0.32177  	-0.1344  	0.20895  	0.58106  	-0.1838  	-0.4843  	1.14550  	0.49598  	-0.2448  	-1.0869  	0.40158  	-0.1209  	0.27874  	0.27729  	0.13278  	-0.1575  	0.65736  	-0.2677  	0.29302  	0.02434  	0.07086  	-0.0937  	-0.3006  	-0.5754  	-0.1679  	0.03466  	0.29375  	-0.2118  	0.01649  	0.04707  	-0.0492  	0.02531  	0.16326  	-0.2743  	-0.2246  	0.45537  	-0.0613  	0.04285  	0.55758  	0.20321  	-0.0599  	-0.0235  	0.08427  	0.04064  	-0.0299  	-0.1076  	-0.0099  	0.00075  	0.02512  	-0.0113  	0.01937  	0.00330  	0.01587  	-0.0128  	0.00327  	-0.0015  	-0.0417  	0.04808  	0.00166  	0.21660  	0.03130  	-0.0082  	-0.0036  	0.03847  	0.50925  	
0.26923  	0.05185  	-0.7664  	0.52737  	0.32380  	0.37422  	-0.1025  	0.17586  	0.55986  	-0.1766  	-0.5140  	1.16499  	0.45350  	-0.2605  	-1.0351  	0.44494  	-0.1379  	0.26444  	0.24702  	0.14755  	-0.1576  	0.59794  	-0.3410  	0.25782  	0.15201  	0.06283  	0.01007  	-0.2103  	-0.5313  	-0.0972  	-0.0225  	0.33087  	-0.2274  	0.02379  	0.08682  	-0.0277  	-0.0085  	0.15357  	-0.2768  	-0.2075  	0.39741  	-0.0367  	0.02573  	0.55850  	0.21398  	-0.0529  	-0.0329  	0.08299  	0.05387  	-0.0414  	-0.0968  	-0.0166  	-0.0009  	0.02657  	-0.0122  	0.01830  	0.01571  	0.01374  	-0.0030  	0.00902  	-0.0094  	-0.0491  	0.05654  	-0.0014  	0.21708  	0.03016  	-0.0078  	-0.0039  	0.03975  	0.50536  	
0.26641  	0.02714  	-0.8351  	0.73704  	0.44533  	0.41990  	-0.0908  	0.14241  	0.51641  	-0.1892  	-0.7271  	1.11377  	0.47984  	-0.1505  	-0.7334  	0.31883  	-0.1389  	0.25750  	0.25381  	0.07328  	-0.1948  	0.73849  	-0.2928  	0.27504  	0.22281  	0.03789  	0.04895  	-0.2408  	-0.4541  	-0.0267  	-0.0448  	0.30534  	-0.2609  	0.02940  	0.11781  	-0.0466  	-0.0484  	0.11291  	-0.2624  	-0.2017  	0.36204  	-0.0222  	0.00289  	0.57238  	0.20703  	-0.0592  	-0.0231  	0.08274  	0.06866  	-0.0347  	-0.0935  	-0.0125  	0.00858  	0.02898  	-0.0131  	0.01190  	0.01092  	0.01186  	-0.0084  	0.01366  	-0.0165  	-0.0519  	0.05531  	-0.0070  	0.21807  	0.03000  	-0.0080  	-0.0040  	0.04029  	0.49638  	
0.27833  	0.04132  	-0.7823  	0.65115  	0.38118  	0.45107  	-0.0784  	0.15982  	0.52810  	-0.2202  	-0.6685  	1.11079  	0.46095  	-0.1888  	-0.8724  	0.40255  	-0.1526  	0.28430  	0.22555  	0.09286  	-0.1592  	0.68682  	-0.3344  	0.26702  	0.17961  	0.03517  	0.02645  	-0.2298  	-0.4715  	-0.0777  	-0.0314  	0.30852  	-0.2453  	0.03460  	0.10425  	-0.0263  	-0.0205  	0.11316  	-0.2716  	-0.1861  	0.35774  	-0.0319  	-0.0002  	0.57172  	0.21501  	-0.0606  	-0.0273  	0.08666  	0.05224  	-0.0299  	-0.0886  	-0.0130  	0.00092  	0.02366  	-0.0169  	0.01840  	0.02242  	0.01534  	-0.0066  	0.00410  	-0.0138  	-0.0477  	0.05653  	-0.0019  	0.21945  	0.02995  	-0.0085  	-0.0041  	0.04098  	0.48662  	
0.26768  	-0.0276  	-0.7083  	0.53230  	0.33517  	0.36679  	-0.0938  	0.13714  	0.52864  	-0.1783  	-0.5106  	1.11426  	0.42483  	-0.2809  	-1.0370  	0.47525  	-0.1272  	0.24165  	0.26034  	0.04733  	-0.1271  	0.68774  	-0.3184  	0.33880  	0.19234  	0.04132  	0.10876  	-0.3563  	-0.5603  	-0.0833  	-0.0369  	0.32832  	-0.2714  	0.01521  	0.14705  	-0.0088  	0.07188  	0.13157  	-0.3114  	-0.2035  	0.35548  	-0.0103  	0.01224  	0.56895  	0.21665  	-0.0495  	-0.0288  	0.08312  	0.04653  	-0.0420  	-0.0919  	-0.0101  	0.00386  	0.02054  	-0.0117  	0.01554  	0.01161  	0.01480  	-0.0077  	0.01025  	-0.0110  	-0.0601  	0.04555  	-0.0012  	0.22003  	0.03119  	-0.0088  	-0.0041  	0.04178  	0.47582  	
0.21390  	0.00213  	-0.7892  	0.56978  	0.33847  	0.39507  	-0.0840  	0.11258  	0.52423  	-0.2208  	-0.6051  	1.09687  	0.41909  	-0.2912  	-0.9790  	0.39374  	-0.0807  	0.25366  	0.28636  	0.04018  	-0.1817  	0.66740  	-0.2643  	0.30941  	0.20525  	0.05142  	0.11784  	-0.3041  	-0.4904  	-0.0566  	-0.0621  	0.32800  	-0.2827  	0.01115  	0.08058  	0.00545  	0.01220  	0.13600  	-0.2853  	-0.1973  	0.35771  	-0.0199  	0.01458  	0.57816  	0.21211  	-0.0585  	-0.0327  	0.07494  	0.05315  	-0.0436  	-0.1018  	-0.0118  	0.00140  	0.02776  	-0.0112  	0.01522  	0.01539  	0.01613  	-0.0052  	0.01272  	-0.0105  	-0.0609  	0.04921  	-0.0030  	0.21952  	0.03353  	-0.0085  	-0.0043  	0.04323  	0.45461  	
0.27832  	0.03699  	-0.7749  	0.57965  	0.33683  	0.46895  	-0.1275  	0.18445  	0.52777  	-0.2431  	-0.5983  	1.07811  	0.42224  	-0.2113  	-0.8292  	0.36699  	-0.0903  	0.21175  	0.26157  	-0.0064  	-0.0719  	0.69514  	-0.2305  	0.33591  	0.16416  	0.04189  	0.10780  	-0.3663  	-0.5646  	-0.0872  	-0.0433  	0.32853  	-0.2694  	0.01405  	0.14736  	-0.0436  	0.05179  	0.15032  	-0.3229  	-0.2200  	0.36684  	-0.0257  	0.00950  	0.57591  	0.20520  	-0.0582  	-0.0261  	0.07998  	0.04876  	-0.0273  	-0.0999  	-0.0119  	0.00510  	0.02570  	-0.0092  	0.02227  	0.01724  	0.01329  	-0.0087  	0.01578  	-0.0112  	-0.0512  	0.05582  	-0.0005  	0.21702  	0.03676  	-0.0085  	-0.0040  	0.04393  	0.44541  	
0.30536  	0.05763  	-0.7583  	0.47591  	0.29269  	0.44782  	-0.1160  	0.19987  	0.54603  	-0.2592  	-0.5036  	1.08044  	0.45165  	-0.1928  	-0.8538  	0.35936  	-0.1182  	0.20192  	0.24247  	0.00927  	-0.0439  	0.67011  	-0.2174  	0.35551  	0.12374  	0.04011  	0.09256  	-0.4118  	-0.6141  	-0.1256  	-0.0302  	0.31293  	-0.2489  	0.00790  	0.20116  	-0.0677  	0.07755  	0.16231  	-0.3422  	-0.2163  	0.37108  	-0.0261  	0.00261  	0.56472  	0.20806  	-0.0580  	-0.0251  	0.07328  	0.04584  	-0.0244  	-0.1009  	-0.0157  	0.00209  	0.01898  	-0.0068  	0.02751  	0.01413  	0.01638  	-0.0099  	0.01046  	-0.0053  	-0.0496  	0.05952  	0.00234  	0.21218  	0.03988  	-0.0076  	-0.0036  	0.04356  	0.45420  	
0.35063  	0.08211  	-0.6538  	0.33985  	0.16295  	0.41513  	-0.1124  	0.22732  	0.57208  	-0.2007  	-0.5329  	1.00264  	0.51859  	-0.1046  	-1.0021  	0.37380  	-0.1287  	0.28857  	0.25278  	-0.0026  	-0.0705  	0.66362  	-0.2511  	0.31475  	0.13914  	0.03079  	0.06097  	-0.3982  	-0.5864  	-0.1276  	0.02402  	0.30309  	-0.2348  	0.00310  	0.13727  	-0.0478  	0.03761  	0.14965  	-0.3132  	-0.2311  	0.41612  	-0.0509  	0.02456  	0.54528  	0.18635  	-0.0592  	-0.0337  	0.09500  	0.05002  	-0.0371  	-0.0978  	-0.0149  	0.01196  	0.02041  	-0.0218  	0.02209  	0.00537  	0.01250  	-0.0118  	0.01889  	-0.0027  	-0.0398  	0.06630  	0.00147  	0.20407  	0.04203  	-0.0058  	-0.0034  	0.04474  	0.45878  	
-0.0294  	-0.0220  	-0.8515  	-0.0364  	0.12475  	0.02571  	-0.0312  	0.13160  	0.52207  	-0.0185  	-0.2182  	0.90272  	0.43861  	-0.1489  	-1.1822  	0.17800  	-0.1385  	0.21765  	0.25113  	0.05562  	0.01684  	0.66482  	-0.3098  	0.47543  	0.13296  	0.08695  	0.14865  	-0.5375  	-0.7659  	-0.1999  	0.04946  	0.31595  	-0.2175  	0.01472  	0.22087  	-0.0187  	0.08480  	0.18629  	-0.4063  	-0.2420  	0.44210  	-0.0207  	-0.0334  	0.57044  	0.23009  	-0.0640  	-0.0077  	0.05667  	0.03893  	-0.0322  	-0.1434  	-0.0155  	0.00077  	0.02434  	-0.0273  	-0.0081  	0.00038  	0.01023  	-0.0168  	0.02504  	-0.0025  	-0.0481  	0.06250  	-0.0105  	0.19661  	0.04264  	-0.0037  	-0.0034  	0.04681  	0.46249  	
-0.5982  	-0.2171  	-1.0663  	-0.3314  	-0.0202  	-0.1740  	-0.1484  	0.03823  	0.47892  	-0.0504  	-0.0026  	0.83521  	0.26634  	-0.5287  	-1.3535  	0.12883  	-0.0917  	0.20822  	0.22794  	0.04529  	0.00058  	0.59256  	-0.2243  	0.39704  	-0.0471  	0.10418  	-0.0082  	-0.4643  	-0.7214  	-0.2352  	0.03112  	0.29978  	-0.2039  	0.00437  	0.15841  	-0.0607  	0.10240  	0.12047  	-0.3556  	-0.2193  	0.37726  	-0.0163  	-0.0677  	0.53206  	0.23508  	-0.0566  	-0.0047  	0.02449  	0.01133  	-0.0134  	-0.1072  	-0.0099  	0.00477  	0.02421  	-0.0163  	0.00180  	0.00535  	0.01761  	-0.0187  	0.01409  	0.00218  	-0.0341  	0.04287  	0.00710  	0.18983  	0.04319  	-0.0014  	-0.0032  	0.04848  	0.46013  	
-0.6494  	-0.2228  	-1.1018  	-0.3919  	0.02340  	-0.2913  	-0.1305  	0.00371  	0.48240  	0.04313  	0.08518  	0.97214  	0.30276  	-0.5310  	-1.5185  	0.16961  	-0.1476  	0.23464  	0.21122  	0.12736  	-0.0983  	0.59038  	-0.1747  	0.30047  	-0.0397  	0.12313  	-0.0853  	-0.3485  	-0.6604  	-0.2139  	0.06583  	0.27400  	-0.2302  	0.01036  	0.10091  	-0.0461  	0.07337  	0.14459  	-0.3369  	-0.2965  	0.41120  	-0.0290  	-0.0537  	0.52366  	0.23392  	-0.0689  	-0.0246  	0.04256  	0.03543  	-0.0344  	-0.1167  	-0.0071  	-0.0007  	0.01880  	-0.0140  	0.00644  	0.00441  	0.01596  	-0.0169  	0.00780  	0.00671  	-0.0340  	0.05756  	0.00611  	0.18502  	0.04218  	0.00062  	-0.0024  	0.05003  	0.46204  	
-0.5034  	-0.1428  	-1.0319  	-0.2956  	-0.0073  	-0.2402  	-0.1435  	0.10233  	0.50760  	0.01048  	0.01745  	0.96505  	0.29616  	-0.4666  	-1.4717  	0.16009  	-0.1109  	0.22267  	0.27221  	0.12860  	-0.0372  	0.55726  	-0.2003  	0.32210  	-0.0082  	0.11351  	-0.0493  	-0.3652  	-0.6141  	-0.2105  	0.02551  	0.27686  	-0.2375  	0.01507  	0.08810  	-0.0479  	0.08728  	0.12717  	-0.3294  	-0.2788  	0.43509  	-0.0374  	-0.0551  	0.54832  	0.22607  	-0.0545  	-0.0197  	0.04582  	0.02835  	-0.0319  	-0.1106  	-0.0162  	-0.0026  	0.02153  	-0.0233  	0.00939  	0.00708  	0.01748  	-0.0120  	0.01412  	0.00322  	-0.0398  	0.04994  	0.00056  	0.18066  	0.04074  	0.00240  	-0.0014  	0.05158  	0.46072  	
-0.1631  	-0.0829  	-0.8927  	-0.0874  	0.03189  	-0.0704  	-0.1457  	0.14898  	0.55458  	0.02173  	-0.1774  	1.05781  	0.39473  	-0.2745  	-1.1957  	0.17973  	-0.0887  	0.27841  	0.24163  	0.11270  	-0.0345  	0.57526  	-0.2439  	0.37178  	0.04556  	0.07626  	0.01377  	-0.4214  	-0.6485  	-0.2108  	0.04984  	0.26172  	-0.2117  	-0.0005  	0.05789  	-0.0685  	0.04759  	0.12564  	-0.3299  	-0.2077  	0.42545  	-0.0380  	-0.0283  	0.55089  	0.21505  	-0.0531  	-0.0218  	0.06614  	0.03128  	-0.0275  	-0.1032  	-0.0150  	-0.0038  	0.02087  	-0.0247  	0.00166  	-0.0012  	0.00582  	-0.0154  	0.00993  	-0.0033  	-0.0295  	0.04642  	0.00249  	0.17929  	0.03709  	0.00367  	-5.5655  	0.05272  	0.45116  	
0.14082  	0.10558  	-0.6763  	0.14096  	0.12106  	0.31365  	-0.1049  	0.22019  	0.61609  	-0.1151  	-0.5473  	1.01217  	0.51167  	-0.1203  	-0.9194  	0.29002  	-0.1069  	0.25583  	0.25306  	-0.0068  	-0.1033  	0.68276  	-0.1305  	0.24118  	0.02200  	0.08900  	-0.0372  	-0.3826  	-0.6354  	-0.1545  	0.05295  	0.26898  	-0.1868  	0.00651  	0.02854  	-0.1282  	0.08655  	0.13959  	-0.3617  	-0.2108  	0.46626  	-0.0605  	0.05461  	0.55722  	0.20623  	-0.0569  	-0.0243  	0.08764  	0.05587  	-0.0252  	-0.1126  	-0.0134  	-0.0059  	0.02602  	-0.0131  	0.02788  	-0.0118  	0.00805  	-0.0099  	0.01739  	-0.0013  	-0.0321  	0.05128  	-0.0019  	0.17997  	0.03241  	0.00529  	0.00143  	0.05274  	0.42623  	
0.34625  	0.07359  	-0.6738  	0.37380  	0.20511  	0.38259  	-0.1156  	0.23173  	0.60071  	-0.1874  	-0.5751  	0.98984  	0.52864  	-0.0877  	-0.8252  	0.31294  	-0.1054  	0.21927  	0.25029  	-0.0322  	-0.0376  	0.72054  	-0.1552  	0.30106  	0.04192  	0.07627  	0.00245  	-0.4997  	-0.6639  	-0.1285  	0.03871  	0.31827  	-0.2179  	0.00646  	0.11588  	-0.1352  	0.10318  	0.16019  	-0.3416  	-0.2606  	0.41094  	-0.0465  	0.05757  	0.56701  	0.19456  	-0.0576  	-0.0183  	0.08260  	0.05153  	-0.0299  	-0.1208  	-0.0182  	-0.0013  	0.01853  	-0.0135  	0.01797  	-0.0019  	0.00908  	-0.0222  	0.01272  	-0.0014  	-0.0356  	0.04910  	-0.0023  	0.18204  	0.02719  	0.00746  	0.00309  	0.05221  	0.41056  	
0.25711  	0.05623  	-0.6565  	0.29281  	0.17734  	0.40596  	-0.1026  	0.25950  	0.58786  	-0.1742  	-0.4411  	1.00728  	0.45833  	-0.2289  	-1.0375  	0.41318  	-0.1322  	0.25949  	0.29993  	0.03317  	-0.0506  	0.65666  	-0.2482  	0.29648  	0.10995  	0.03431  	0.00669  	-0.3988  	-0.6249  	-0.1672  	0.00444  	0.32554  	-0.2318  	-0.0143  	0.11736  	-0.0410  	0.11140  	0.18051  	-0.3409  	-0.2608  	0.45783  	-0.0595  	0.03632  	0.56448  	0.20599  	-0.0583  	-0.0329  	0.08338  	0.04756  	-0.0279  	-0.1139  	-0.0201  	0.01045  	0.01824  	-0.0116  	0.01745  	0.01732  	0.01401  	-0.0183  	0.01399  	-0.0094  	-0.0442  	0.05683  	0.00354  	0.18309  	0.02340  	0.00954  	0.00481  	0.05133  	0.39996  	
-0.0841  	-0.0241  	-0.8680  	0.02438  	0.08510  	0.07670  	-0.0660  	0.06148  	0.52381  	-0.0690  	-0.3124  	0.97983  	0.41126  	-0.3224  	-1.3075  	0.28186  	-0.1510  	0.30867  	0.23220  	0.15105  	-0.2421  	0.61685  	-0.2966  	0.25836  	0.09460  	0.08088  	-0.0882  	-0.2411  	-0.5104  	-0.1720  	0.03347  	0.27747  	-0.2279  	0.01683  	0.05743  	0.04452  	-0.0318  	0.12478  	-0.3096  	-0.2129  	0.46162  	-0.0493  	-0.0003  	0.56285  	0.21710  	-0.0667  	-0.0176  	0.06358  	0.05013  	-0.0422  	-0.0939  	-0.0108  	-0.0008  	0.01568  	-0.0159  	0.00206  	0.00975  	0.02160  	-0.0189  	0.00598  	-0.0070  	-0.0497  	0.06271  	0.00313  	0.18287  	0.02037  	0.01095  	0.00700  	0.05032  	0.38766  	
-0.3785  	-0.1264  	-1.1095  	0.05441  	0.16447  	-0.0607  	-0.1054  	0.04602  	0.48045  	-0.0628  	-0.2166  	1.00903  	0.33467  	-0.4402  	-1.2837  	0.25369  	-0.1374  	0.29660  	0.24624  	0.14173  	-0.1971  	0.61631  	-0.3207  	0.29370  	0.10113  	0.08114  	-0.0032  	-0.2118  	-0.5063  	-0.1514  	0.00935  	0.28485  	-0.2575  	0.01146  	0.09485  	0.05595  	-0.0352  	0.11138  	-0.3009  	-0.2383  	0.41722  	-0.0203  	-0.0354  	0.53568  	0.23584  	-0.0508  	-0.0119  	0.04140  	0.03063  	-0.0261  	-0.1052  	-0.0064  	0.00276  	0.02188  	-0.0155  	0.00050  	0.01592  	0.02186  	-0.0040  	0.01143  	-0.0043  	-0.0450  	0.05319  	-0.0005  	0.18019  	0.01862  	0.01035  	0.00917  	0.04884  	0.38339  	
-0.1407  	-0.0554  	-1.0503  	0.34248  	0.35607  	0.02503  	-0.0840  	0.07117  	0.51070  	-0.1287  	-0.2702  	1.22763  	0.40648  	-0.3085  	-1.1363  	0.27277  	-0.1865  	0.30796  	0.20894  	0.24328  	-0.2064  	0.60975  	-0.3975  	0.26707  	0.07538  	0.08202  	-0.1153  	-0.0813  	-0.4772  	-0.1512  	0.01474  	0.26111  	-0.2180  	0.04586  	0.10038  	0.02308  	-0.0940  	0.07586  	-0.2870  	-0.2233  	0.37211  	-0.0120  	-0.0465  	0.52258  	0.22378  	-0.0608  	-0.0100  	0.07201  	0.05494  	-0.0364  	-0.0808  	-0.0147  	-0.0062  	0.02073  	-0.0177  	0.01053  	0.02571  	0.01395  	-0.0092  	0.00843  	-0.0076  	-0.0549  	0.05746  	-0.0001  	0.17588  	0.01799  	0.00888  	0.01087  	0.04743  	0.37288  	
-0.0318  	-0.0472  	-1.0680  	0.45268  	0.43596  	0.09654  	-0.0675  	0.12304  	0.52483  	-0.1220  	-0.3707  	1.31177  	0.44474  	-0.2488  	-1.0454  	0.32323  	-0.1873  	0.35292  	0.21706  	0.27040  	-0.2630  	0.57462  	-0.4691  	0.26715  	0.12309  	0.06254  	-0.1191  	-0.0020  	-0.4205  	-0.1485  	-0.0013  	0.26561  	-0.2159  	0.03832  	0.10081  	0.02927  	-0.1624  	0.07488  	-0.2657  	-0.1853  	0.36490  	-0.0019  	-0.0336  	0.51899  	0.21531  	-0.0522  	-0.0047  	0.07193  	0.05229  	-0.0422  	-0.0914  	-0.0150  	-0.0133  	0.02045  	-0.0140  	0.00341  	0.02782  	0.01265  	-0.0077  	0.00682  	-0.0142  	-0.0577  	0.05611  	-0.0053  	0.17041  	0.01639  	0.00569  	0.01205  	0.04705  	0.37137  	
0.08096  	-0.0136  	-0.9825  	0.62714  	0.48110  	0.23268  	-0.0710  	0.20805  	0.54503  	-0.1732  	-0.5099  	1.31475  	0.50942  	-0.1431  	-0.9066  	0.35072  	-0.1696  	0.37100  	0.23537  	0.23456  	-0.2928  	0.60953  	-0.4464  	0.22831  	0.14274  	0.08620  	-0.1349  	-0.0021  	-0.3662  	-0.0923  	-0.0199  	0.27543  	-0.2173  	0.05268  	0.08503  	0.01397  	-0.1657  	0.07885  	-0.2322  	-0.1646  	0.36780  	-0.0271  	-0.0177  	0.54081  	0.21465  	-0.0561  	-0.0142  	0.07480  	0.05469  	-0.0403  	-0.0966  	-0.0185  	0.00405  	0.01937  	-0.0100  	0.00878  	0.01864  	0.01139  	0.00093  	0.01072  	-0.0196  	-0.0515  	0.04562  	-0.0001  	0.16666  	0.01520  	0.00186  	0.01301  	0.04671  	0.38468  	
0.15516  	0.02405  	-0.9400  	0.68640  	0.49439  	0.32176  	-0.0697  	0.19030  	0.55136  	-0.2272  	-0.6533  	1.28522  	0.55235  	-0.0154  	-0.8124  	0.35877  	-0.1926  	0.34053  	0.23402  	0.21013  	-0.2829  	0.65364  	-0.4317  	0.23486  	0.18291  	0.08313  	-0.0889  	-0.0036  	-0.3144  	-0.0426  	-0.0369  	0.27113  	-0.2125  	0.05074  	0.08526  	-0.0189  	-0.1625  	0.05833  	-0.2161  	-0.1576  	0.35072  	-0.0205  	-0.0199  	0.54645  	0.22175  	-0.0603  	-0.0110  	0.08380  	0.04572  	-0.0396  	-0.0957  	-0.0162  	-0.0007  	0.01993  	-0.0147  	0.01390  	0.01737  	0.00614  	0.00019  	0.01274  	-0.0113  	-0.0571  	0.04458  	-0.0044  	0.16387  	0.01518  	-0.0015  	0.01364  	0.04576  	0.40426  	
0.20098  	0.05510  	-0.9342  	0.75114  	0.49639  	0.35173  	-0.0715  	0.17371  	0.54506  	-0.2674  	-0.7785  	1.20679  	0.57502  	0.02731  	-0.6771  	0.32088  	-0.1658  	0.34048  	0.23027  	0.19582  	-0.2924  	0.69843  	-0.4222  	0.23814  	0.25155  	0.07796  	-0.0778  	0.00778  	-0.2426  	-0.0155  	-0.0632  	0.25758  	-0.2259  	0.05275  	0.07094  	-0.0269  	-0.1808  	0.04881  	-0.2027  	-0.1528  	0.33747  	-0.0146  	-0.0181  	0.53399  	0.22319  	-0.0522  	-0.0114  	0.08429  	0.04686  	-0.0482  	-0.0922  	-0.0164  	0.00206  	0.01386  	-0.0169  	0.01845  	0.01699  	0.01144  	0.00491  	0.01277  	-0.0082  	-0.0601  	0.04270  	-0.0093  	0.16226  	0.01463  	-0.0047  	0.01474  	0.04485  	0.43044  	
0.20704  	0.07227  	-0.9104  	0.70984  	0.42659  	0.40301  	-0.0804  	0.17029  	0.55908  	-0.2298  	-0.7837  	1.13137  	0.54349  	-0.1058  	-0.7097  	0.32981  	-0.1257  	0.34875  	0.23682  	0.16945  	-0.2738  	0.68282  	-0.3623  	0.20588  	0.22026  	0.06747  	-0.0816  	-0.0356  	-0.2819  	-0.0340  	-0.0631  	0.24833  	-0.2269  	0.06082  	0.02490  	-0.0114  	-0.1493  	0.07853  	-0.2231  	-0.1626  	0.35977  	-0.0409  	-0.0020  	0.55455  	0.21981  	-0.0579  	-0.0188  	0.08583  	0.05531  	-0.0465  	-0.0993  	-0.0179  	0.00511  	0.02097  	-0.0096  	0.01719  	0.02076  	0.01660  	-0.0058  	0.00744  	-0.0085  	-0.0607  	0.04822  	-0.0023  	0.16115  	0.01363  	-0.0067  	0.01498  	0.04423  	0.45736  	
0.12778  	0.03653  	-0.8816  	0.53606  	0.37540  	0.33892  	-0.1064  	0.14343  	0.53914  	-0.1849  	-0.6425  	1.13249  	0.49487  	-0.2162  	-0.8957  	0.34067  	-0.1424  	0.36288  	0.23794  	0.11413  	-0.2445  	0.63158  	-0.2840  	0.21316  	0.08717  	0.05715  	-0.0744  	-0.0995  	-0.3937  	-0.0842  	-0.0239  	0.27936  	-0.2178  	0.05430  	0.05109  	-0.0157  	-0.1056  	0.08286  	-0.2669  	-0.1636  	0.39468  	-0.0713  	0.00103  	0.55496  	0.22210  	-0.0560  	-0.0197  	0.08444  	0.04909  	-0.0337  	-0.0855  	-0.0139  	0.00501  	0.01171  	-0.0142  	0.01528  	0.01450  	0.01494  	-0.0057  	0.02084  	-0.0047  	-0.0543  	0.05708  	0.00190  	0.16148  	0.01150  	-0.0062  	0.01499  	0.04417  	0.46337  	
0.13533  	0.03485  	-0.8067  	0.45133  	0.28826  	0.35339  	-0.0980  	0.19265  	0.54428  	-0.2014  	-0.5545  	1.11017  	0.44007  	-0.2620  	-0.8779  	0.35542  	-0.1362  	0.31337  	0.23418  	0.09693  	-0.1331  	0.62952  	-0.2278  	0.28601  	0.04247  	0.07207  	-0.0452  	-0.2886  	-0.5496  	-0.1397  	-0.0219  	0.30808  	-0.2180  	0.03149  	0.08751  	-0.0798  	-0.0059  	0.12973  	-0.3204  	-0.2333  	0.41924  	-0.0460  	0.00251  	0.56941  	0.21046  	-0.0562  	-0.0192  	0.08441  	0.05249  	-0.0347  	-0.0986  	-0.0149  	0.00677  	0.01423  	-0.0126  	0.01577  	0.00482  	0.01475  	-0.0079  	0.01619  	-0.0030  	-0.0435  	0.05722  	0.00117  	0.16146  	0.00907  	-0.0028  	0.01423  	0.04397  	0.46699  	
0.21871  	0.05402  	-0.7240  	0.40332  	0.19842  	0.35892  	-0.1295  	0.20946  	0.56164  	-0.2147  	-0.4465  	1.06086  	0.42087  	-0.2503  	-0.8489  	0.34460  	-0.1225  	0.22728  	0.25531  	0.01921  	-0.0002  	0.64823  	-0.1845  	0.33719  	0.07044  	0.04564  	0.06814  	-0.4760  	-0.7162  	-0.1480  	-0.0062  	0.32747  	-0.2431  	0.01859  	0.17039  	-0.1055  	0.15756  	0.19094  	-0.3639  	-0.2712  	0.41141  	-0.0376  	-0.0009  	0.56504  	0.21448  	-0.0472  	-0.0246  	0.06781  	0.04190  	-0.0289  	-0.1172  	-0.0091  	0.01107  	0.02544  	-0.0129  	0.01817  	0.00105  	0.01689  	-0.0075  	0.00941  	-0.0020  	-0.0414  	0.05448  	-0.0049  	0.16298  	0.00623  	0.00173  	0.01354  	0.04338  	0.48799  	
0.36283  	0.12411  	-0.6161  	0.38539  	0.12480  	0.42088  	-0.1243  	0.31810  	0.62176  	-0.2789  	-0.3337  	1.09609  	0.42299  	-0.1155  	-0.8530  	0.43528  	-0.1138  	0.18918  	0.26305  	-0.0288  	0.16946  	0.65625  	-0.1483  	0.35656  	0.01007  	0.04045  	0.10465  	-0.5813  	-0.8162  	-0.1827  	-0.0021  	0.35120  	-0.2150  	0.00621  	0.23256  	-0.1521  	0.24414  	0.22530  	-0.4065  	-0.3190  	0.38180  	-0.0511  	-0.0011  	0.55644  	0.21544  	-0.0521  	-0.0223  	0.06981  	0.04450  	-0.0241  	-0.1196  	-0.0115  	0.00904  	0.02814  	-0.0191  	0.02413  	0.00069  	0.01574  	-0.0137  	0.01354  	-0.0022  	-0.0387  	0.05151  	-0.0014  	0.16325  	0.00423  	0.00596  	0.01224  	0.04322  	0.50688  	
0.41919  	0.13641  	-0.5750  	0.35356  	0.11157  	0.44264  	-0.0992  	0.34038  	0.65054  	-0.2633  	-0.2685  	1.12490  	0.43958  	-0.0670  	-0.8988  	0.47806  	-0.1034  	0.16461  	0.25758  	-0.0600  	0.18484  	0.66423  	-0.1186  	0.39437  	-0.0239  	0.05337  	0.13669  	-0.6070  	-0.8585  	-0.1792  	-0.0001  	0.36154  	-0.2084  	0.00565  	0.24889  	-0.1638  	0.26156  	0.22986  	-0.4092  	-0.3165  	0.36659  	-0.0424  	0.00737  	0.55345  	0.20996  	-0.0551  	-0.0216  	0.07576  	0.04961  	-0.0278  	-0.1178  	-0.0088  	0.00849  	0.03156  	-0.0148  	0.02282  	-0.0060  	0.01743  	-0.0143  	0.01815  	-0.0007  	-0.0378  	0.05655  	0.00313  	0.16080  	0.00260  	0.00879  	0.01114  	0.04345  	0.51247  	
0.41644  	0.14027  	-0.5771  	0.35158  	0.10771  	0.43790  	-0.0997  	0.33667  	0.64790  	-0.2690  	-0.2681  	1.12172  	0.43819  	-0.0652  	-0.8989  	0.47604  	-0.1056  	0.16604  	0.25909  	-0.0644  	0.18605  	0.66615  	-0.1188  	0.39736  	-0.0210  	0.05225  	0.13906  	-0.6115  	-0.8587  	-0.1801  	0.00051  	0.36080  	-0.2068  	0.00533  	0.25304  	-0.1654  	0.26365  	0.22971  	-0.4108  	-0.3180  	0.36723  	-0.0429  	0.00690  	0.55262  	0.20907  	-0.0553  	-0.0214  	0.07578  	0.04896  	-0.0276  	-0.1180  	-0.0089  	0.00850  	0.03158  	-0.0150  	0.02319  	-0.0056  	0.01735  	-0.0150  	0.01799  	-0.0008  	-0.0377  	0.05666  	0.00293  	0.15469  	0.00192  	0.01069  	0.00918  	0.04460  	0.49691  	
0.42400  	0.13350  	-0.5628  	0.36267  	0.14754  	0.43657  	-0.0854  	0.30280  	0.63401  	-0.2229  	-0.2842  	1.10906  	0.45528  	-0.0627  	-0.975  	0.49659  	-0.1291  	0.19803  	0.24935  	-0.0255  	0.13900  	0.65260  	-0.1710  	0.37998  	0.01043  	0.05391  	0.12475  	-0.5674  	-0.8085  	-0.1742  	-0.0003  	0.35729  	-0.1893  	0.00947  	0.24356  	-0.1254  	0.22138  	0.21058  	-0.3994  	-0.3095  	0.36772  	-0.0397  	0.01413  	0.55185  	0.20994  	-0.0553  	-0.0198  	0.08145  	0.05371  	-0.0279  	-0.1135  	-0.0117  	0.00897  	0.03056  	-0.0112  	0.02238  	-0.0037  	0.01442  	-0.0140  	0.01640  	0.00114  	-0.0424  	0.06098  	0.00205  	0.14708  	0.00121  	0.01131  	0.00752  	0.04643  	0.47085  	
0.46396  	0.11676  	-0.5444  	0.39243  	0.19022  	0.41710  	-0.0345  	0.27131  	0.60910  	-0.1544  	-0.4929  	0.98307  	0.48984  	-0.0344  	-0.9271  	0.38205  	-0.1339  	0.21553  	0.23796  	-0.0218  	-0.0154  	0.69021  	-0.2381  	0.32834  	0.12511  	0.04787  	0.08995  	-0.4643  	-0.6347  	-0.1354  	-0.0025  	0.33152  	-0.2220  	0.01024  	0.18037  	-0.0844  	0.11978  	0.15896  	-0.3343  	-0.2557  	0.37206  	-0.0367  	0.02173  	0.57544  	0.20931  	-0.0542  	-0.0322  	0.09917  	0.06049  	-0.0373  	-0.1003  	-0.0096  	0.00338  	0.01898  	-0.0115  	0.01885  	-0.0025  	0.01126  	-0.0132  	0.01377  	-0.0017  	-0.0440  	0.05953  	0.00278  	0.13859  	-2.4492  	0.01025  	0.00577  	0.04782  	0.46423  	
0.39136  	0.05485  	-0.6859  	0.49115  	0.25615  	0.25941  	-0.0233  	0.17964  	0.56357  	-0.0702  	-0.5368  	0.90524  	0.50141  	-0.0038  	-0.8472  	0.30626  	-0.1662  	0.21166  	0.23166  	0.03289  	-0.0844  	0.71115  	-0.3411  	0.38382  	0.26337  	-0.0027  	0.17637  	-0.4508  	-0.5662  	-0.0592  	-0.0308  	0.36093  	-0.2682  	0.01129  	0.22020  	-0.0337  	0.08348  	0.12531  	-0.3311  	-0.1959  	0.35879  	-0.0170  	-0.0154  	0.56045  	0.22272  	-0.0564  	-0.0418  	0.10441  	0.06089  	-0.0390  	-0.0958  	-0.0067  	0.00037  	0.01996  	-0.0130  	0.02569  	0.00354  	0.00584  	0.00289  	0.01537  	-0.0008  	-0.0486  	0.05017  	-0.0060  	0.13105  	-0.0005  	0.00855  	0.00491  	0.04918  	0.45887  	
0.36471  	0.08631  	-0.8863  	0.92143  	0.56764  	0.38707  	-0.0382  	0.21672  	0.54760  	-0.1840  	-0.8454  	1.11401  	0.60399  	0.13275  	-0.5819  	0.20177  	-0.1625  	0.20674  	0.21209  	0.02939  	-0.2761  	0.73594  	-0.3531  	0.28967  	0.26845  	0.04370  	0.17136  	-0.2331  	-0.3757  	-0.0027  	-0.0575  	0.28268  	-0.2424  	0.03511  	0.17737  	-0.0338  	-0.0963  	0.05737  	-0.2441  	-0.1720  	0.25971  	0.01901  	-0.0101  	0.56233  	0.23516  	-0.0607  	-0.0300  	0.07322  	0.06568  	-0.0352  	-0.0954  	-0.0206  	-0.0019  	0.01357  	-0.0160  	0.02083  	0.00811  	0.01526  	-0.0034  	0.01137  	-0.0060  	-0.0490  	0.04840  	-0.0016  	0.12417  	0.00063  	0.00698  	0.00413  	0.04990  	0.45556  	
0.33825  	0.07677  	-0.9316  	1.00751  	0.58424  	0.24904  	-0.0567  	0.19929  	0.55160  	-0.1344  	-0.8406  	1.04082  	0.60671  	0.27426  	-0.4546  	0.16218  	-0.1809  	0.21534  	0.18974  	0.04496  	-0.2517  	0.78302  	-0.3795  	0.32954  	0.30180  	0.03849  	0.09043  	-0.3122  	-0.3814  	0.00704  	-0.0232  	0.26627  	-0.2609  	0.04719  	0.19497  	-0.0698  	-0.1277  	0.05837  	-0.2456  	-0.1536  	0.24274  	0.01644  	-0.0487  	0.54008  	0.22183  	-0.0624  	-0.0194  	0.07331  	0.05869  	-0.0431  	-0.0937  	-0.0130  	-0.0016  	0.02253  	-0.0188  	0.01863  	0.00351  	0.01415  	-0.0078  	0.01348  	-0.0065  	-0.0392  	0.03793  	0.00178  	0.11828  	0.00321  	0.00576  	0.00376  	0.05116  	0.43941  	
0.04464  	-0.0317  	-1.0046  	0.68602  	0.52801  	0.05150  	-0.0098  	0.14176  	0.49235  	-0.1175  	-0.5127  	1.15597  	0.51754  	0.04565  	-0.6811  	0.20125  	-0.1966  	0.19411  	0.19256  	0.13773  	-0.1653  	0.66357  	-0.4459  	0.40259  	0.18181  	0.02857  	0.11736  	-0.2901  	-0.5352  	-0.0973  	-0.0597  	0.29331  	-0.2312  	0.02461  	0.27681  	-0.0433  	-0.0424  	0.08683  	-0.3536  	-0.1245  	0.26842  	0.02347  	-0.0972  	0.54698  	0.24354  	-0.0616  	-0.0265  	0.05626  	0.04217  	-0.0357  	-0.1085  	-0.0093  	-0.0036  	0.02431  	-0.0132  	0.00084  	0.01381  	0.01342  	-0.0105  	0.01469  	-0.0029  	-0.0453  	0.04300  	-0.0013  	0.11358  	0.00594  	0.00445  	0.00310  	0.05205  	0.43871  	
0.01542  	-0.0478  	-0.9107  	0.35832  	0.28605  	0.13225  	-0.0846  	0.12638  	0.54362  	-0.2019  	-0.4020  	1.18655  	0.43504  	-0.2134  	-0.9461  	0.31772  	-0.1568  	0.32672  	0.24782  	0.15886  	-0.1061  	0.68434  	-0.3122  	0.38453  	-0.0020  	0.08723  	-0.0439  	-0.2830  	-0.5906  	-0.1632  	0.00931  	0.29603  	-0.1897  	0.02955  	0.16101  	-0.0678  	0.02553  	0.12177  	-0.3399  	-0.2083  	0.37780  	-0.0208  	-0.0510  	0.55016  	0.22235  	-0.0703  	-0.0225  	0.07512  	0.04158  	-0.0421  	-0.0968  	-0.0177  	-0.0047  	0.01694  	-0.0215  	0.01986  	0.00978  	0.00910  	-0.0102  	0.00978  	0.00239  	-0.0442  	0.04422  	-0.0044  	0.11004  	0.00957  	0.00331  	0.00282  	0.05259  	0.42727  	
0.43899  	0.07643  	-0.6132  	0.49970  	0.28048  	0.38580  	-0.0248  	0.21575  	0.51623  	-0.1842  	-0.6844  	0.92289  	0.60075  	0.09818  	-0.7072  	0.18945  	-0.1401  	0.18052  	0.23904  	-0.0519  	-0.1065  	0.78066  	-0.2216  	0.31778  	0.23110  	0.06346  	0.15622  	-0.5192  	-0.5881  	-0.0739  	0.02096  	0.30214  	-0.2434  	0.01944  	0.12228  	-0.0657  	0.04765  	0.15158  	-0.2965  	-0.2176  	0.39212  	-0.0328  	0.00861  	0.58118  	0.20788  	-0.0591  	-0.0338  	0.11114  	0.06852  	-0.0369  	-0.1016  	-0.0074  	0.00118  	0.02309  	-0.0076  	0.02074  	-0.0006  	0.00637  	-0.0215  	0.01134  	-0.0006  	-0.0417  	0.05630  	-0.0069  	0.10751  	0.01397  	0.00291  	0.00319  	0.05295  	0.43171  	
0.14662  	0.04449  	-0.7533  	0.35471  	0.27038  	0.28580  	-0.0477  	0.14906  	0.52526  	-0.1938  	-0.4641  	1.02552  	0.38801  	-0.2543  	-0.9894  	0.35559  	-0.0843  	0.21367  	0.29038  	0.01252  	0.01095  	0.66742  	-0.1711  	0.41867  	0.08472  	0.07501  	0.14841  	-0.4576  	-0.7077  	-0.1839  	0.00738  	0.31968  	-0.2553  	0.01527  	0.17931  	-0.0787  	0.13821  	0.15450  	-0.3814  	-0.2309  	0.38888  	-0.0275  	-0.0173  	0.55850  	0.20809  	-0.0590  	-0.0304  	0.07723  	0.04879  	-0.0328  	-0.1115  	-0.0088  	0.00132  	0.02501  	-0.0206  	0.01210  	0.00985  	0.00134  	-0.0075  	0.00706  	-0.0019  	-0.0374  	0.05334  	-0.0100  	0.09649  	0.01388  	0.00544  	0.00285  	0.05451  	0.43591  	
0.12843  	0.02522  	-0.7589  	0.13896  	0.11546  	0.33928  	-0.0516  	0.13042  	0.51797  	-0.1694  	-0.3070  	1.03306  	0.38860  	-0.3874  	-1.1983  	0.43128  	-0.1163  	0.27952  	0.31767  	0.09757  	-0.0624  	0.61342  	-0.2061  	0.30075  	0.10679  	0.06428  	0.02140  	-0.3990  	-0.6637  	-0.1671  	0.00276  	0.30745  	-0.2267  	0.02157  	0.14493  	-0.0408  	0.10230  	0.17768  	-0.3213  	-0.2296  	0.46734  	-0.0577  	-0.0006  	0.57456  	0.20564  	-0.0640  	-0.0428  	0.07309  	0.03383  	-0.0157  	-0.1132  	-0.0012  	0.00892  	0.03183  	-0.0100  	0.01396  	0.00583  	0.00958  	-0.0203  	0.00445  	-0.0001  	-0.0482  	0.06215  	-0.0001  	0.09500  	0.01518  	0.00638  	0.00196  	0.05542  	0.44351  	
-0.2160  	-0.1225  	-0.8740  	-0.0553  	0.06815  	0.14070  	-0.0442  	0.05296  	0.50003  	-0.0741  	-0.2597  	0.97841  	0.31871  	-0.4427  	-1.3921  	0.31965  	-0.1417  	0.33570  	0.26496  	0.06896  	-0.1825  	0.57757  	-0.2703  	0.33674  	0.19894  	0.04039  	0.05576  	-0.3438  	-0.5402  	-0.1466  	0.03636  	0.30657  	-0.2706  	-0.0013  	0.09304  	0.07129  	0.06650  	0.12712  	-0.3501  	-0.2253  	0.43330  	-0.0552  	-0.0246  	0.57206  	0.23607  	-0.0549  	-0.0078  	0.04077  	0.03933  	-0.0348  	-0.1072  	-0.0204  	0.01084  	0.02576  	-0.0032  	0.00685  	0.02868  	0.02293  	-0.0102  	0.02436  	-0.0057  	-0.0522  	0.05887  	0.00515  	0.10114  	0.01756  	0.00576  	0.00100  	0.05487  	0.44588  	
-0.3900  	-0.1270  	-1.0442  	-0.1406  	0.01324  	-0.0308  	-0.1510  	0.07143  	0.46901  	-0.0456  	-0.2104  	0.98823  	0.28716  	-0.4623  	-1.2968  	0.19897  	-0.0950  	0.26822  	0.26957  	0.03862  	-0.1298  	0.58353  	-0.2288  	0.24102  	0.11534  	0.09120  	0.08112  	-0.3305  	-0.5790  	-0.1586  	0.03555  	0.29418  	-0.2635  	-0.0068  	0.07783  	0.02710  	0.02270  	0.13853  	-0.3281  	-0.2683  	0.45084  	-0.0325  	-0.0233  	0.56089  	0.24513  	-0.0617  	-0.0109  	0.03368  	0.01776  	-0.0119  	-0.1110  	-0.0084  	0.00601  	0.02894  	-0.0143  	0.00167  	0.01300  	0.01990  	-0.0111  	0.01922  	-0.0055  	-0.0410  	0.04945  	0.00551  	0.11296  	0.02077  	0.00516  	-0.0005  	0.05384  	0.44750  	
0.11807  	0.02841  	-0.6551  	0.09932  	0.08029  	0.22209  	-0.1789  	0.24556  	0.52215  	-0.1618  	-0.3138  	1.03656  	0.45647  	-0.3319  	-1.1017  	0.30591  	0.00058  	0.07872  	0.35042  	-0.2676  	0.03688  	0.36867  	-0.4354  	0.33417  	-0.0528  	0.17580  	0.04216  	-0.5240  	-0.6031  	-0.2159  	0.13211  	0.28227  	-0.3232  	-0.1782  	0.06632  	-0.1191  	0.04868  	0.16317  	-0.4873  	-0.3371  	0.50354  	0.08077  	-0.1091  	0.62435  	0.16412  	-0.0329  	-0.0419  	0.08410  	0.02050  	-0.0388  	-0.1068  	-0.0053  	-0.0050  	0.03099  	-0.0130  	0.01305  	-0.0017  	-0.0051  	-0.0121  	0.02038  	0.00263  	-0.0463  	0.04596  	0.00412  	0.12867  	0.02436  	0.00395  	-0.0018  	0.05253  	0.45030  	
0.03174  	0.00940  	-0.7016  	0.11963  	0.08172  	0.12152  	-0.1438  	0.17814  	0.49329  	-0.0956  	-0.3048  	1.08296  	0.45193  	-0.4720  	-1.2311  	0.26492  	0.02932  	0.06078  	0.38055  	-0.3209  	-0.1011  	0.19552  	-0.7397  	0.24291  	-0.0526  	0.26733  	-0.1208  	-0.3504  	-0.3470  	-0.2125  	0.22064  	0.19982  	-0.4001  	-0.2797  	-0.1021  	-0.0222  	-0.1754  	0.11963  	-0.5195  	-0.3694  	0.60435  	0.19638  	-0.1976  	0.71134  	0.10493  	-0.0195  	-0.0623  	0.10781  	0.01534  	-0.0582  	-0.0822  	-0.0018  	-0.0001  	0.05042  	-0.0046  	0.00704  	0.00492  	-0.0057  	-0.0147  	0.02653  	-0.0001  	-0.0532  	0.03056  	0.00217  	0.14549  	0.02796  	0.00264  	-0.0032  	0.05145  	0.44344  	
-0.0764  	-0.0265  	-0.8260  	0.19585  	0.16466  	0.04789  	-0.1888  	0.16284  	0.48428  	-0.1732  	-0.2264  	1.08657  	0.41377  	-0.5121  	-1.1391  	0.25688  	0.05440  	-0.0402  	0.43651  	-0.4148  	0.02836  	0.14166  	-0.8166  	0.31716  	-0.0086  	0.26845  	0.02371  	-0.4458  	-0.4315  	-0.1950  	0.22330  	0.24367  	-0.4490  	-0.3199  	-0.0223  	-0.0006  	-0.1228  	0.12745  	-0.5669  	-0.4026  	0.56566  	0.22813  	-0.2448  	0.71874  	0.09433  	-0.0221  	-0.0705  	0.10817  	0.01446  	-0.0603  	-0.0819  	0.00046  	0.01219  	0.05985  	0.00121  	0.00754  	0.00536  	-0.0041  	0.00011  	0.02811  	0.00466  	-0.0573  	0.02571  	0.00421  	0.16189  	0.03157  	0.00083  	-0.0034  	0.05012  	0.44329  	
0.06541  	-0.0125  	-0.8052  	0.38502  	0.29637  	0.13605  	-0.1482  	0.24458  	0.52252  	-0.2168  	-0.3437  	1.22489  	0.48627  	-0.3629  	-0.8790  	0.23940  	0.03698  	-0.0019  	0.38770  	-0.3886  	0.03818  	0.22239  	-0.7340  	0.28550  	-0.0623  	0.26213  	-0.0210  	-0.4142  	-0.3812  	-0.1739  	0.19043  	0.20425  	-0.4004  	-0.2787  	-0.0230  	-0.1045  	-0.1309  	0.12891  	-0.5317  	-0.3952  	0.55773  	0.20696  	-0.2256  	0.69173  	0.11752  	-0.0260  	-0.0642  	0.09174  	0.02046  	-0.0732  	-0.0962  	-0.0131  	0.00139  	0.05152  	-0.0043  	0.01576  	0.01385  	-0.0046  	-0.0057  	0.02233  	-0.0019  	-0.0501  	0.02560  	0.00355  	0.16992  	0.03414  	0.00042  	-0.0035  	0.04931  	0.44974  	
0.21639  	0.05245  	-0.7494  	0.41333  	0.32119  	0.25351  	-0.1327  	0.25335  	0.56012  	-0.1974  	-0.4295  	1.21492  	0.50017  	-0.2465  	-1.0007  	0.35579  	-0.0475  	0.13796  	0.35142  	-0.1798  	-0.0466  	0.42733  	-0.5196  	0.27200  	0.04112  	0.17259  	-0.0129  	-0.3910  	-0.5023  	-0.1506  	0.10905  	0.23947  	-0.3370  	-0.1431  	0.02949  	-0.1192  	-0.0596  	0.14131  	-0.4092  	-0.3152  	0.48922  	0.09627  	-0.1011  	0.63826  	0.14608  	-0.0392  	-0.0441  	0.09867  	0.02613  	-0.0449  	-0.1012  	-0.0105  	-0.0062  	0.04336  	-0.0084  	0.00882  	0.01481  	0.00206  	-0.0063  	0.02464  	-0.0085  	-0.0528  	0.03623  	-0.0024  	0.17626  	0.03659  	0.00020  	-0.0034  	0.04849  	0.45869  	
-0.1318  	-0.0540  	-0.9311  	0.00502  	0.16241  	0.09448  	-0.1052  	0.08531  	0.52192  	-0.0781  	-0.2188  	1.07136  	0.34445  	-0.4190  	-1.2446  	0.31694  	-0.1548  	0.32416  	0.28133  	0.10894  	-0.0997  	0.60621  	-0.2677  	0.27617  	0.07321  	0.07214  	-0.0130  	-0.2976  	-0.5875  	-0.1804  	-0.0005  	0.30074  	-0.2589  	0.00611  	0.11503  	-0.0105  	0.05014  	0.13739  	-0.3462  	-0.2418  	0.43723  	-0.0378  	-0.0208  	0.54762  	0.22722  	-0.0549  	-0.0289  	0.05600  	0.02818  	-0.0396  	-0.1071  	-0.0139  	0.00910  	0.02266  	-0.0098  	0.01197  	0.01070  	0.01867  	-0.0004  	0.00566  	-0.0046  	-0.0495  	0.05386  	-0.0014  	0.18091  	0.03892  	0.00017  	-0.0030  	0.04767  	0.47014  	
-0.0283  	-0.0556  	-0.9048  	0.13091  	0.21244  	0.13903  	-0.1652  	0.14210  	0.50028  	-0.1598  	-0.2555  	1.12831  	0.43987  	-0.2989  	-0.9976  	0.29621  	-0.1125  	0.22035  	0.25629  	0.10592  	-0.0282  	0.58409  	-0.2420  	0.37345  	-0.0272  	0.10603  	0.07490  	-0.3548  	-0.7646  	-0.2137  	0.05401  	0.30109  	-0.2361  	-0.0017  	0.17935  	-0.0574  	0.10123  	0.14117  	-0.3693  	-0.2294  	0.38661  	-0.0306  	-0.0292  	0.53573  	0.22936  	-0.0668  	-0.0065  	0.04461  	0.03123  	-0.0146  	-0.1156  	-0.0145  	-0.0084  	0.02556  	-0.0106  	-6.6633  	0.00498  	0.00872  	-0.0113  	0.01262  	-0.0080  	-0.0389  	0.05205  	-0.0011  	0.18388  	0.04112  	0.00032  	-0.0024  	0.04685  	0.48410  	
0.36218  	0.05564  	-0.6433  	0.38692  	0.23294  	0.35928  	-0.0578  	0.23035  	0.55886  	-0.1049  	-0.6567  	1.07087  	0.52880  	0.05661  	-0.6616  	0.23633  	-0.0903  	0.25141  	0.23462  	-0.0385  	-0.0810  	0.69003  	-0.1993  	0.38695  	0.03558  	0.07729  	0.06718  	-0.4697  	-0.6342  	-0.1332  	0.02064  	0.31550  	-0.2262  	0.01535  	0.15321  	-0.1133  	0.04807  	0.12980  	-0.3210  	-0.1849  	0.39527  	-0.0309  	-0.0060  	0.56791  	0.20494  	-0.0573  	-0.0245  	0.08613  	0.05212  	-0.0313  	-0.1163  	-0.0089  	-0.0025  	0.02286  	-0.0143  	0.01223  	-0.0116  	0.01006  	-0.0056  	0.01447  	-0.0014  	-0.0281  	0.03868  	-0.0051  	0.18515  	0.04321  	0.00067  	-0.0014  	0.04603  	0.50055  	
0.48272  	0.06505  	-0.5780  	0.48849  	0.22106  	0.49334  	-0.0492  	0.27440  	0.60505  	-0.2231  	-0.6173  	1.01143  	0.55885  	0.09272  	-0.7032  	0.30694  	-0.0945  	0.19954  	0.24292  	-0.0418  	-0.0115  	0.72876  	-0.1441  	0.35007  	0.10985  	0.06057  	0.10509  	-0.4994  	-0.6357  	-0.1167  	0.01300  	0.32720  	-0.2163  	0.02318  	0.16253  	-0.1136  	0.09014  	0.16183  	-0.3135  	-0.2333  	0.39939  	-0.0290  	0.00971  	0.57224  	0.20241  	-0.0594  	-0.0279  	0.11423  	0.06429  	-0.0396  	-0.1111  	-0.0108  	0.00224  	0.02535  	-0.0095  	0.02340  	-0.0073  	0.01129  	-0.0163  	0.01532  	-0.0028  	-0.0387  	0.05154  	-0.0077  	0.18475  	0.04517  	0.00120  	-0.0002  	0.04521  	0.51950  	
