-0.6311  	-0.2889  	0.06746  	-1.6808  	-1.1127  	-1.0132  	-0.1483  	-0.3238  	0.20492  	0.94513  	0.98420  	-0.0444  	-0.3270  	-1.1610  	-0.4658  	0.76918  	-0.2661  	-0.1623  	0.21424  	0.80034  	0.31382  	-0.5288  	-0.4215  	0.06550  	-0.4959  	-0.0179  	-0.2297  	0.19652  	-0.2521  	-0.1432  	0.00682  	0.24977  	0.17132  	0.07742  	0.07169  	0.00314  	0.29608  	-0.0103  	-0.2030  	0.69586  	0.16810  	-0.0850  	-0.0415  	0.01476  	-0.0384  	-0.0335  	-0.0027  	0.01978  	-0.0032  	0.00217  	0.01074  	-0.0184  	-0.0303  	0.01467  	-0.0379  	-0.0285  	-0.0128  	-0.0083  	-0.0042  	0.05077  	0.01313  	-0.0154  	-0.0052  	0.01148  	0.04231  	-0.1109  	0.06590  	-0.0032  	-0.0334  	0.45501  	
-0.7318  	-0.3313  	-0.0257  	-1.6912  	-1.1360  	-0.9916  	-0.1903  	-0.3135  	0.19238  	0.91535  	0.95565  	-0.0542  	-0.3446  	-1.2185  	-0.4489  	0.71440  	-0.2420  	-0.1635  	0.24870  	0.75994  	0.35752  	-0.5554  	-0.3641  	0.07225  	-0.5577  	0.00068  	-0.2012  	0.19524  	-0.2715  	-0.1504  	0.00082  	0.26195  	0.14231  	0.08177  	0.07903  	-0.0247  	0.29052  	-0.0117  	-0.2049  	0.70201  	0.14597  	-0.0828  	-0.0696  	-0.0019  	-0.0211  	-0.0224  	-0.0093  	0.01489  	-0.0119  	0.01293  	-0.0026  	-0.0164  	-0.0231  	0.01796  	-0.0469  	-0.0312  	-0.0159  	-0.0081  	-0.0086  	0.05101  	0.01351  	-0.0185  	-0.0132  	0.00522  	0.04103  	-0.1097  	0.06816  	-0.0045  	-0.0328  	0.45765  	
-0.7539  	-0.3052  	-0.0398  	-1.6912  	-1.1302  	-0.9928  	-0.1923  	-0.3179  	0.20039  	0.89322  	0.95832  	-0.0469  	-0.3575  	-1.2014  	-0.4757  	0.71515  	-0.2502  	-0.1728  	0.23286  	0.77573  	0.37341  	-0.5485  	-0.3772  	0.06437  	-0.5932  	0.01596  	-0.2207  	0.18866  	-0.2542  	-0.1482  	0.00743  	0.24265  	0.15525  	0.09794  	0.08252  	-0.0341  	0.27743  	-0.0157  	-0.1945  	0.71226  	0.14683  	-0.0777  	-0.0711  	0.00176  	-0.0281  	-0.0261  	-0.0092  	0.01484  	-0.0056  	-0.0015  	0.00782  	-0.0172  	-0.0312  	0.02076  	-0.0484  	-0.0223  	-0.0128  	-0.0077  	-0.0058  	0.05445  	0.01786  	-0.0156  	-0.0137  	0.00244  	0.03998  	-0.1089  	0.06995  	-0.0057  	-0.0324  	0.46044  	
-0.7723  	-0.2822  	-0.0149  	-1.7724  	-1.1819  	-1.0144  	-0.1969  	-0.3512  	0.17652  	0.93468  	0.93782  	-0.0925  	-0.3733  	-1.2936  	-0.4750  	0.70075  	-0.2443  	-0.1705  	0.25175  	0.74929  	0.37056  	-0.5511  	-0.3488  	0.02197  	-0.5725  	0.00897  	-0.1943  	0.17413  	-0.2686  	-0.1468  	-0.0051  	0.25136  	0.14331  	0.07615  	0.03335  	-0.0134  	0.28706  	-0.0190  	-0.1859  	0.71602  	0.15019  	-0.0785  	-0.0617  	0.02164  	-0.0159  	-0.0240  	-0.0140  	0.00885  	-0.0127  	0.01176  	0.00544  	-0.0135  	-0.0340  	0.02045  	-0.0456  	-0.0318  	-0.0039  	-0.0032  	-0.0063  	0.04702  	0.01659  	-0.0254  	-0.0074  	0.00574  	0.03916  	-0.1085  	0.07127  	-0.0067  	-0.0322  	0.46339  	
-0.6946  	-0.2771  	0.05975  	-1.8227  	-1.2293  	-0.9828  	-0.1784  	-0.3436  	0.20200  	0.88072  	0.91802  	-0.1150  	-0.3720  	-1.3580  	-0.4856  	0.71638  	-0.2261  	-0.1843  	0.26786  	0.70662  	0.38234  	-0.5413  	-0.2658  	0.06555  	-0.5747  	0.00916  	-0.1294  	0.13277  	-0.2921  	-0.1463  	-0.0012  	0.26266  	0.15364  	0.06639  	0.02221  	-0.0153  	0.32974  	-0.0052  	-0.2255  	0.71882  	0.19261  	-0.0765  	-0.0455  	0.04694  	-0.0163  	-0.0265  	-0.0072  	0.00526  	-0.0158  	0.01170  	-0.0062  	-0.0142  	-0.0306  	0.02706  	-0.0431  	-0.0341  	-0.0108  	-0.0045  	-0.0041  	0.04556  	0.01810  	-0.0214  	-0.0131  	0.00357  	0.03858  	-0.1086  	0.07211  	-0.0077  	-0.0323  	0.46649  	
-0.4826  	-0.2762  	0.15943  	-1.6133  	-1.1510  	-0.7943  	-0.1977  	-0.3162  	0.22332  	0.82212  	0.83080  	-0.0510  	-0.3722  	-1.3418  	-0.4609  	0.85598  	-0.2162  	-0.1615  	0.25540  	0.73216  	0.31094  	-0.5565  	-0.3343  	0.04044  	-0.5449  	0.02376  	-0.1908  	0.21307  	-0.2247  	-0.1249  	0.00029  	0.28105  	0.14983  	0.07875  	0.01498  	0.01502  	0.29433  	-0.0187  	-0.2176  	0.68500  	0.20929  	-0.0984  	-0.0292  	0.03981  	-0.0333  	-0.0280  	-0.0007  	0.01849  	-0.0090  	0.00828  	0.00152  	-0.0154  	-0.0238  	0.01830  	-0.0431  	-0.0346  	-0.0076  	-0.0039  	-0.0078  	0.03773  	0.01574  	-0.0145  	-0.0043  	0.00955  	0.03822  	-0.1092  	0.07248  	-0.0086  	-0.0326  	0.46974  	
-0.3604  	-0.2430  	0.24390  	-1.4416  	-1.0371  	-0.7472  	-0.1649  	-0.3140  	0.21998  	0.89480  	0.77087  	-0.0124  	-0.3431  	-1.3317  	-0.4178  	0.95581  	-0.2638  	-0.1510  	0.22711  	0.78557  	0.22979  	-0.5524  	-0.4238  	0.00954  	-0.5143  	-0.0048  	-0.2328  	0.29943  	-0.1884  	-0.1319  	-0.0073  	0.27988  	0.13196  	0.06865  	0.02285  	0.05305  	0.26198  	-0.0216  	-0.1932  	0.73524  	0.18326  	-0.1108  	-0.0159  	0.04582  	-0.0323  	-0.0298  	-0.0015  	0.02822  	0.00176  	-0.0098  	0.01783  	-0.0154  	-0.0234  	0.01160  	-0.0381  	-0.0303  	-0.0052  	-0.0099  	-0.0089  	0.04562  	0.01428  	-0.0263  	-0.0055  	0.01400  	0.03810  	-0.1102  	0.07237  	-0.0094  	-0.0332  	0.47314  	
-0.2504  	-0.2333  	0.29093  	-1.3424  	-0.9657  	-0.6982  	-0.1521  	-0.2997  	0.22375  	0.91554  	0.80446  	-0.0196  	-0.3482  	-1.2964  	-0.3709  	1.04409  	-0.3124  	-0.1303  	0.23974  	0.80668  	0.23939  	-0.5353  	-0.5114  	0.00121  	-0.4463  	-0.0325  	-0.1830  	0.29821  	-0.1885  	-0.1075  	-0.0563  	0.29866  	0.12937  	0.08134  	0.08542  	0.09210  	0.27511  	-0.0002  	-0.1979  	0.73437  	0.14847  	-0.0814  	-0.0293  	0.03005  	-0.0377  	-0.0271  	-0.0103  	0.03271  	0.00050  	-0.0028  	0.01903  	-0.0134  	-0.0207  	0.01676  	-0.0380  	-0.0269  	-0.0032  	-0.0076  	-0.0056  	0.04626  	0.01120  	-0.0321  	-0.0048  	0.00956  	0.03799  	-0.1128  	0.07169  	-0.0094  	-0.0350  	0.47588  	
-0.2125  	-0.2398  	0.26694  	-1.3630  	-0.9730  	-0.6952  	-0.1324  	-0.3555  	0.20781  	0.89811  	0.76772  	-0.0525  	-0.3462  	-1.3169  	-0.4116  	1.05587  	-0.3002  	-0.1631  	0.23524  	0.76119  	0.24352  	-0.5361  	-0.5153  	0.03382  	-0.4505  	-0.0432  	-0.1166  	0.23953  	-0.2211  	-0.0891  	-0.0579  	0.33347  	0.10935  	0.08567  	0.10023  	0.10597  	0.30034  	0.01224  	-0.2121  	0.74692  	0.15912  	-0.0765  	-0.0258  	0.04245  	-0.0280  	-0.0304  	-0.0206  	0.03084  	0.01096  	-0.0093  	0.01549  	-0.0137  	-0.0167  	0.02201  	-0.0375  	-0.0262  	-0.0041  	-0.0077  	-0.0036  	0.04541  	0.01035  	-0.0302  	-0.0049  	0.01025  	0.03697  	-0.1155  	0.07037  	-0.0100  	-0.0359  	0.47746  	
-0.2254  	-0.2211  	0.24700  	-1.3674  	-0.9910  	-0.7118  	-0.1475  	-0.3238  	0.21084  	0.86861  	0.76493  	-0.0488  	-0.3478  	-1.2800  	-0.4045  	1.01861  	-0.2776  	-0.1411  	0.24666  	0.77702  	0.23762  	-0.4998  	-0.5237  	0.03129  	-0.4408  	-0.0458  	-0.1290  	0.25581  	-0.2139  	-0.0884  	-0.0554  	0.33227  	0.11913  	0.07933  	0.09565  	0.08866  	0.29172  	0.00545  	-0.2060  	0.73183  	0.16006  	-0.0807  	-0.0261  	0.03642  	-0.0248  	-0.0299  	-0.0207  	0.03046  	0.01183  	-0.0111  	0.01353  	-0.0115  	-0.0137  	0.01994  	-0.0362  	-0.0259  	-0.0056  	-0.0074  	-0.0047  	0.04627  	0.01523  	-0.0271  	-0.0104  	0.00636  	0.03807  	-0.1182  	0.06852  	-0.0109  	-0.0367  	0.48277  	
-0.4404  	-0.2874  	0.13008  	-1.3772  	-1.0090  	-0.7526  	-0.1827  	-0.3097  	0.19257  	0.80886  	0.71600  	-0.0377  	-0.3441  	-1.1911  	-0.3998  	0.90294  	-0.2567  	-0.1994  	0.23489  	0.76155  	0.29026  	-0.5043  	-0.4686  	0.12839  	-0.4147  	-0.0278  	-0.0720  	0.22586  	-0.2512  	-0.0689  	-0.0531  	0.31653  	0.11297  	0.06871  	0.10087  	0.08903  	0.31737  	0.00306  	-0.2098  	0.70388  	0.11646  	-0.0664  	-0.0417  	0.02323  	-0.0362  	-0.0381  	-0.0086  	0.02717  	0.00348  	-0.0118  	0.01322  	-0.0065  	-0.0242  	0.01843  	-0.0426  	-0.0304  	0.00101  	-0.0086  	-0.0028  	0.04643  	0.00911  	-0.0380  	-0.0064  	0.01006  	0.03979  	-0.1200  	0.06650  	-0.0118  	-0.0381  	0.49889  	
-0.4055  	-0.2614  	0.12874  	-1.3752  	-0.9714  	-0.7352  	-0.2096  	-0.3074  	0.21510  	0.73488  	0.72137  	-0.0332  	-0.3170  	-1.1491  	-0.1857  	0.78695  	-0.2406  	-0.2299  	0.22963  	0.72944  	0.39140  	-0.4946  	-0.4038  	0.10137  	-0.4372  	-0.0268  	-0.0877  	0.19144  	-0.2932  	-0.0942  	-0.0459  	0.30243  	0.13710  	0.07926  	0.13170  	-0.0034  	0.34015  	0.00468  	-0.2202  	0.67654  	0.11333  	-0.0719  	-0.0523  	0.03221  	-0.0304  	-0.0335  	-0.0069  	0.00850  	-0.0023  	-0.0079  	0.00476  	-0.0085  	-0.0252  	0.02220  	-0.0427  	-0.0329  	-0.0071  	0.00165  	-0.0018  	0.03883  	0.01170  	-0.0258  	-0.0085  	0.00704  	0.04238  	-0.1222  	0.06494  	-0.0126  	-0.0395  	0.51132  	
-0.3835  	-0.1824  	0.20381  	-1.4269  	-0.9750  	-0.7670  	-0.1882  	-0.2538  	0.23462  	0.81621  	0.72901  	0.01704  	-0.2819  	-1.0552  	-0.2034  	0.85912  	-0.2633  	-0.1752  	0.24865  	0.74976  	0.39472  	-0.5352  	-0.4091  	0.05446  	-0.5402  	-0.0050  	-0.1810  	0.17322  	-0.2645  	-0.1466  	-0.0248  	0.24847  	0.19244  	0.07588  	0.12131  	-0.0544  	0.30627  	0.00233  	-0.2112  	0.71904  	0.13795  	-0.0821  	-0.0222  	0.02122  	-0.0258  	-0.0300  	-0.0023  	0.01500  	0.00163  	-0.0074  	0.00040  	-0.0103  	-0.0323  	0.01472  	-0.0389  	-0.0283  	-0.0084  	-0.0052  	-0.0039  	0.04327  	0.02010  	-0.0149  	-0.0079  	0.00718  	0.04453  	-0.1225  	0.06361  	-0.0130  	-0.0407  	0.51854  	
-0.4560  	-0.2333  	0.14233  	-1.5147  	-1.0582  	-0.8363  	-0.1619  	-0.2527  	0.25733  	0.84777  	0.83881  	-0.0365  	-0.3128  	-1.1100  	-0.3237  	0.84262  	-0.2654  	-0.1642  	0.25004  	0.74560  	0.41038  	-0.5569  	-0.4130  	0.07811  	-0.5266  	-0.0053  	-0.1788  	0.11478  	-0.3115  	-0.1568  	-0.0062  	0.25329  	0.18696  	0.07070  	0.13097  	-0.0559  	0.33976  	0.01642  	-0.2364  	0.71242  	0.15985  	-0.0846  	-0.0249  	0.03178  	-0.0264  	-0.0298  	0.00070  	0.01259  	-0.0118  	0.00144  	0.00268  	-0.0159  	-0.0255  	0.02291  	-0.0435  	-0.0361  	-0.0064  	-0.0053  	-0.0043  	0.04966  	0.01137  	-0.0193  	-0.0068  	0.01594  	0.04602  	-0.1228  	0.06296  	-0.0134  	-0.0410  	0.51257  	
-0.5808  	-0.3117  	0.10046  	-1.7346  	-1.2099  	-0.8577  	-0.2134  	-0.3474  	0.22894  	0.92841  	0.91945  	-0.1247  	-0.3927  	-1.4115  	-0.5622  	0.80375  	-0.2320  	-0.1551  	0.27955  	0.71545  	0.38803  	-0.5615  	-0.3373  	0.00902  	-0.5346  	0.01401  	-0.2226  	0.15408  	-0.2771  	-0.1482  	-0.0042  	0.28806  	0.13094  	0.06330  	-0.0134  	0.00558  	0.32293  	0.00649  	-0.2130  	0.69469  	0.19953  	-0.0949  	-0.0158  	0.04176  	-0.0258  	-0.0219  	-0.0116  	0.02499  	-0.0099  	0.00575  	-0.0011  	-0.0142  	-0.0245  	0.02397  	-0.0430  	-0.0362  	-0.0060  	-0.0012  	-0.0085  	0.04544  	0.01315  	-0.0281  	-0.0106  	0.01954  	0.04630  	-0.1224  	0.06340  	-0.0139  	-0.0415  	0.50835  	
-0.4840  	-0.2741  	0.14064  	-1.6114  	-1.1722  	-0.8228  	-0.2306  	-0.3757  	0.20979  	0.85411  	0.90710  	-0.1080  	-0.4172  	-1.4563  	-0.4821  	0.90705  	-0.1988  	-0.1832  	0.29185  	0.71220  	0.42826  	-0.5850  	-0.3309  	0.05363  	-0.4936  	-0.0223  	-0.1241  	0.08091  	-0.3503  	-0.1219  	-0.0320  	0.31512  	0.11249  	0.04461  	0.07260  	0.01680  	0.39591  	0.02817  	-0.2509  	0.68740  	0.16699  	-0.0785  	-0.0553  	0.04196  	-0.0380  	-0.0160  	-0.0110  	0.01987  	-0.0144  	0.00748  	0.00602  	-0.0044  	-0.0193  	0.02271  	-0.0432  	-0.0259  	-0.0143  	0.00114  	-0.0049  	0.03949  	0.01273  	-0.0224  	-0.0028  	0.00973  	0.04547  	-0.1221  	0.06415  	-0.0144  	-0.0421  	0.51090  	
-0.6185  	-0.2853  	0.06169  	-1.6615  	-1.1818  	-0.8853  	-0.1835  	-0.4053  	0.18345  	0.91161  	0.90623  	-0.0894  	-0.4150  	-1.4954  	-0.5114  	0.87563  	-0.2353  	-0.1197  	0.27935  	0.72646  	0.26357  	-0.5656  	-0.3526  	-0.0368  	-0.5042  	-0.0098  	-0.2375  	0.25455  	-0.2209  	-0.0973  	-0.0049  	0.30075  	0.10680  	0.07194  	-0.0284  	0.05923  	0.28225  	0.00232  	-0.1953  	0.68457  	0.21540  	-0.0884  	-0.0369  	0.05449  	-0.0423  	-0.0222  	-0.0131  	0.02303  	-0.0048  	-0.0011  	0.00637  	-0.0043  	-0.0235  	0.02386  	-0.0410  	-0.0310  	-0.0116  	-0.0011  	-0.0040  	0.03620  	0.01639  	-0.0160  	0.00088  	0.01053  	0.04244  	-0.1213  	0.06496  	-0.0145  	-0.0415  	0.50302  	
-0.7054  	-0.2978  	0.02385  	-1.7171  	-1.1843  	-0.9353  	-0.1764  	-0.4080  	0.17389  	0.93846  	0.88801  	-0.1016  	-0.4148  	-1.5071  	-0.5292  	0.80624  	-0.2665  	-0.1457  	0.27840  	0.69741  	0.21531  	-0.5329  	-0.3203  	-0.0586  	-0.5390  	0.00745  	-0.2690  	0.27590  	-0.1597  	-0.1124  	0.02218  	0.27968  	0.12211  	0.08175  	-0.0579  	0.04988  	0.24395  	-0.0064  	-0.1793  	0.68249  	0.24125  	-0.0962  	-0.0294  	0.07075  	-0.0376  	-0.0267  	-0.0127  	0.02320  	-0.0036  	-0.0021  	0.00145  	-0.0035  	-0.0268  	0.01900  	-0.0439  	-0.0369  	-0.0131  	-0.0044  	-0.0060  	0.03491  	0.02269  	-0.0179  	-0.0038  	0.01163  	0.03931  	-0.1220  	0.06564  	-0.0145  	-0.0404  	0.49201  	
-0.6743  	-0.2903  	0.04434  	-1.7117  	-1.2003  	-0.9262  	-0.1602  	-0.4044  	0.17914  	0.91564  	0.83228  	-0.0956  	-0.3965  	-1.4723  	-0.5595  	0.82460  	-0.2543  	-0.1346  	0.25436  	0.71441  	0.18023  	-0.5369  	-0.2975  	-0.0610  	-0.5892  	0.03096  	-0.2977  	0.28973  	-0.1263  	-0.1481  	0.01465  	0.26377  	0.11979  	0.08522  	-0.0856  	0.05067  	0.21343  	-0.0169  	-0.1876  	0.69879  	0.26220  	-0.0989  	-0.0105  	0.07215  	-0.0377  	-0.0314  	-0.0082  	0.02352  	0.00201  	-0.0002  	0.00073  	-0.0077  	-0.0309  	0.01642  	-0.0396  	-0.0400  	-0.0092  	-0.0051  	-0.0039  	0.03478  	0.01991  	-0.0127  	-0.0059  	0.01402  	0.03544  	-0.1226  	0.06574  	-0.0147  	-0.0399  	0.48972  	
-0.7122  	-0.2924  	0.05298  	-1.7461  	-1.2319  	-0.9281  	-0.1654  	-0.4166  	0.17448  	0.92247  	0.84471  	-0.1130  	-0.3927  	-1.4728  	-0.5638  	0.82731  	-0.2417  	-0.1286  	0.25420  	0.70444  	0.18957  	-0.5357  	-0.2827  	-0.0624  	-0.5853  	0.03462  	-0.3122  	0.27392  	-0.1535  	-0.1585  	0.01804  	0.26397  	0.11604  	0.08669  	-0.0916  	0.04962  	0.21926  	-0.0175  	-0.1943  	0.68719  	0.25453  	-0.0997  	-0.0017  	0.06706  	-0.0362  	-0.0298  	-0.0062  	0.02620  	-0.0033  	0.00065  	-0.0005  	-0.0083  	-0.0301  	0.02008  	-0.0405  	-0.0382  	-0.0095  	-0.0061  	-0.0003  	0.03905  	0.02094  	-0.0116  	-0.0068  	0.01396  	0.03275  	-0.1240  	0.06580  	-0.0147  	-0.0397  	0.47833  	
-0.7083  	-0.2791  	0.09036  	-1.7646  	-1.2251  	-0.9647  	-0.2041  	-0.3806  	0.17236  	0.94312  	0.86871  	-0.1116  	-0.4119  	-1.4516  	-0.5398  	0.78645  	-0.2374  	-0.1583  	0.27263  	0.68912  	0.26688  	-0.5355  	-0.2880  	-0.0384  	-0.5574  	0.00801  	-0.2550  	0.22125  	-0.2017  	-0.1255  	0.01377  	0.26697  	0.11302  	0.07633  	-0.0474  	0.02371  	0.27266  	-0.0087  	-0.2057  	0.67872  	0.23328  	-0.0939  	-0.0206  	0.06479  	-0.0336  	-0.0264  	0.00077  	0.02218  	-0.0037  	0.00244  	0.00505  	-0.0080  	-0.0290  	0.02173  	-0.0490  	-0.0365  	-0.0099  	-0.0036  	-0.0074  	0.03633  	0.02067  	-0.0189  	-0.0080  	0.00974  	0.03068  	-0.1251  	0.06572  	-0.0144  	-0.0394  	0.47034  	
-0.6469  	-0.2627  	0.08827  	-1.7730  	-1.2180  	-0.9281  	-0.2198  	-0.3464  	0.19420  	0.90458  	0.85466  	-0.1081  	-0.4046  	-1.4064  	-0.4865  	0.79184  	-0.2255  	-0.2012  	0.29238  	0.62134  	0.28846  	-0.4894  	-0.2283  	0.00641  	-0.5684  	0.02735  	-0.2090  	0.14678  	-0.2436  	-0.1337  	0.00179  	0.26644  	0.12526  	0.06491  	-0.0487  	-0.0071  	0.31514  	0.00163  	-0.2200  	0.69283  	0.24785  	-0.0941  	-0.0138  	0.06829  	-0.0389  	-0.0282  	-0.0031  	0.02692  	-0.0060  	-0.0024  	-0.0047  	-0.0091  	-0.0310  	0.02428  	-0.0512  	-0.0397  	-0.0109  	-0.0094  	-0.0042  	0.04249  	0.02182  	-0.0186  	-0.0148  	0.01179  	0.03046  	-0.1268  	0.06494  	-0.0145  	-0.0391  	0.47178  	
-0.4326  	-0.2429  	0.19380  	-1.5678  	-1.1542  	-0.7559  	-0.2181  	-0.3450  	0.21271  	0.88624  	0.81223  	-0.0571  	-0.3736  	-1.3735  	-0.5138  	0.89440  	-0.2300  	-0.1843  	0.25096  	0.72926  	0.30666  	-0.5455  	-0.3253  	0.03150  	-0.5421  	0.00742  	-0.1782  	0.17384  	-0.2678  	-0.1150  	-0.0238  	0.29369  	0.13534  	0.06413  	0.03295  	0.03125  	0.34257  	-0.0064  	-0.2351  	0.71430  	0.18546  	-0.0958  	-0.0297  	0.05212  	-0.0346  	-0.0281  	-0.0058  	0.01365  	0.00048  	-0.0012  	0.00107  	-0.0144  	-0.0230  	0.02320  	-0.0418  	-0.0293  	-0.0144  	-0.0041  	-0.0105  	0.03420  	0.01181  	-0.0249  	-0.0092  	0.01110  	0.03146  	-0.1279  	0.06394  	-0.0145  	-0.0402  	0.48145  	
-0.4282  	-0.2535  	0.25393  	-1.6448  	-1.1652  	-0.8202  	-0.2128  	-0.3310  	0.19852  	0.94780  	0.88313  	-0.0180  	-0.3798  	-1.3353  	-0.6187  	0.99483  	-0.2791  	-0.1306  	0.25023  	0.76859  	0.24929  	-0.5491  	-0.4117  	-0.0080  	-0.5536  	0.00808  	-0.2696  	0.22313  	-0.2370  	-0.1371  	-0.0036  	0.28767  	0.14689  	0.06514  	0.03232  	0.04705  	0.31736  	-0.0067  	-0.2100  	0.71076  	0.20454  	-0.0927  	-0.0085  	0.04888  	-0.0360  	-0.0241  	-0.0040  	0.03046  	0.00729  	-0.0036  	0.00881  	-0.0169  	-0.0224  	0.01637  	-0.0388  	-0.0374  	-0.0088  	-0.0075  	-0.0134  	0.04003  	0.01223  	-0.0263  	-0.0020  	0.01119  	0.03397  	-0.1284  	0.06307  	-0.0147  	-0.0412  	0.49116  	
-0.6225  	-0.2711  	0.11180  	-1.6853  	-1.1882  	-0.9604  	-0.1961  	-0.3496  	0.19028  	0.94296  	0.91975  	-0.0458  	-0.4089  	-1.3636  	-0.6599  	0.91011  	-0.2562  	-0.1552  	0.25785  	0.77519  	0.28536  	-0.5530  	-0.4107  	0.03224  	-0.5254  	0.00881  	-0.2086  	0.20414  	-0.2414  	-0.1252  	-0.0284  	0.27641  	0.12096  	0.08000  	0.03490  	0.07150  	0.28827  	-0.0193  	-0.2117  	0.71067  	0.19155  	-0.0886  	-0.0310  	0.02545  	-0.0228  	-0.0337  	-0.0039  	0.02154  	0.01049  	0.00279  	0.00051  	-0.0197  	-0.0305  	0.02098  	-0.0439  	-0.0359  	-0.0112  	-0.0040  	-0.0138  	0.03684  	0.01273  	-0.0234  	0.00622  	0.01168  	0.03639  	-0.1261  	0.06264  	-0.0146  	-0.0415  	0.48413  	
-0.9466  	-0.3607  	-0.0471  	-1.9015  	-1.1887  	-1.0775  	-0.2017  	-0.3879  	0.17737  	0.98607  	1.00265  	-0.0712  	-0.3629  	-1.2805  	-0.5989  	0.69518  	-0.2431  	-0.2261  	0.27684  	0.71608  	0.31852  	-0.5515  	-0.3289  	0.08135  	-0.5764  	0.02175  	-0.1904  	0.12403  	-0.2766  	-0.1258  	0.02463  	0.25680  	0.15393  	0.08704  	0.00226  	0.01629  	0.27108  	-0.0134  	-0.1996  	0.66948  	0.13760  	-0.0592  	-0.0724  	-0.0054  	-0.0170  	-0.0260  	-0.0188  	0.02086  	-0.0103  	0.01178  	0.00113  	-0.0135  	-0.0263  	0.02592  	-0.0454  	-0.0338  	-0.0208  	-0.0078  	-0.0020  	0.05108  	0.02604  	-0.0094  	-0.0127  	0.00299  	0.03794  	-0.1241  	0.06317  	-0.0146  	-0.0408  	0.46453  	
-1.0018  	-0.3623  	-0.0226  	-2.0122  	-1.2109  	-1.1333  	-0.2120  	-0.3557  	0.17857  	0.99066  	1.11611  	-0.1358  	-0.4098  	-1.2920  	-0.6027  	0.64295  	-0.2490  	-0.2417  	0.25396  	0.70647  	0.43123  	-0.5546  	-0.2879  	0.07685  	-0.6531  	0.04004  	-0.2008  	0.07397  	-0.3334  	-0.1612  	0.03372  	0.25176  	0.16058  	0.09127  	0.06160  	-0.0604  	0.34379  	0.00684  	-0.2090  	0.67184  	0.15493  	-0.0773  	-0.0890  	0.01281  	-0.0309  	-0.0384  	-0.0133  	0.00319  	-0.0129  	-0.0016  	-0.0035  	-0.0149  	-0.0290  	0.02735  	-0.0532  	-0.0292  	-0.0152  	-0.0079  	-0.0129  	0.05232  	0.02803  	-0.0015  	-0.0128  	0.00183  	0.03738  	-0.1213  	0.06375  	-0.0141  	-0.0407  	0.46209  	
-0.9829  	-0.2819  	0.00677  	-2.1304  	-1.2995  	-1.1736  	-0.2363  	-0.2836  	0.19996  	1.02019  	1.12640  	-0.2122  	-0.4325  	-1.3190  	-0.7510  	0.64420  	-0.2373  	-0.2504  	0.29100  	0.64233  	0.43687  	-0.5110  	-0.2634  	0.04384  	-0.6307  	0.04904  	-0.1219  	0.03644  	-0.3064  	-0.1823  	0.00818  	0.24746  	0.16086  	0.07809  	0.01548  	-0.0287  	0.37345  	0.01744  	-0.1973  	0.68851  	0.18619  	-0.0840  	-0.0729  	0.03437  	-0.0434  	-0.0315  	-0.0125  	0.01583  	-0.0102  	0.00020  	-0.0142  	-0.0237  	-0.0339  	0.02915  	-0.0474  	-0.0297  	-0.0150  	-0.0008  	-0.0043  	0.05241  	0.02425  	-0.0082  	-0.0091  	0.00683  	0.03413  	-0.1199  	0.06473  	-0.0137  	-0.0412  	0.47577  	
-0.7785  	-0.3101  	0.09988  	-2.0760  	-1.3758  	-1.1052  	-0.2151  	-0.3141  	0.21710  	1.00740  	0.94961  	-0.2559  	-0.3729  	-1.3232  	-0.7101  	0.65212  	-0.2059  	-0.2041  	0.29426  	0.65839  	0.39846  	-0.5320  	-0.2552  	0.08188  	-0.5507  	0.01610  	-0.0895  	0.05965  	-0.3012  	-0.1506  	0.03077  	0.26261  	0.13232  	0.05822  	-0.0154  	-0.0404  	0.33150  	-0.0060  	-0.2159  	0.70354  	0.19646  	-0.0854  	-0.0506  	0.03376  	-0.0339  	-0.0282  	-0.0092  	0.01994  	-0.0052  	-0.0068  	-0.0123  	-0.0177  	-0.0357  	0.01693  	-0.0522  	-0.0377  	-0.0150  	-0.0068  	-0.0085  	0.04389  	0.02100  	-0.0177  	-0.0122  	0.00957  	0.02942  	-0.1185  	0.06584  	-0.0130  	-0.0402  	0.47831  	
-0.5763  	-0.2566  	0.12566  	-1.7819  	-1.2457  	-0.9303  	-0.2062  	-0.3038  	0.22936  	0.89361  	0.85201  	-0.1028  	-0.3866  	-1.3831  	-0.5842  	0.79166  	-0.2130  	-0.1476  	0.30750  	0.74348  	0.36701  	-0.5393  	-0.2747  	0.02139  	-0.5830  	0.02445  	-0.1832  	0.19344  	-0.2702  	-0.1323  	0.02519  	0.27538  	0.14590  	0.06769  	-0.0523  	-0.0185  	0.29966  	-0.0159  	-0.1949  	0.68845  	0.21419  	-0.1129  	-0.0119  	0.05293  	-0.0249  	-0.0272  	-0.0147  	0.02754  	-0.0095  	-9.0224  	-0.0004  	-0.0124  	-0.0237  	0.01722  	-0.0522  	-0.0394  	-0.0135  	-0.0105  	-0.0086  	0.03652  	0.01973  	-0.0055  	-0.0154  	0.01011  	0.02649  	-0.1178  	0.06690  	-0.0121  	-0.0385  	0.47460  	
-0.4581  	-0.2181  	0.21677  	-1.7144  	-1.1852  	-0.8487  	-0.2352  	-0.3316  	0.21855  	0.90787  	0.88324  	-0.0745  	-0.3665  	-1.3602  	-0.6530  	0.89263  	-0.2239  	-0.1655  	0.26027  	0.76376  	0.32685  	-0.5775  	-0.2887  	0.00081  	-0.5968  	0.03012  	-0.2910  	0.21980  	-0.2393  	-0.1414  	-0.0022  	0.26777  	0.16344  	0.07082  	-0.0351  	-0.0247  	0.30171  	-0.0104  	-0.1646  	0.71383  	0.22362  	-0.1046  	0.00709  	0.04233  	-0.0401  	-0.0256  	-0.0067  	0.03792  	-0.0045  	0.00117  	0.00540  	-0.0210  	-0.0335  	0.01693  	-0.0405  	-0.0334  	-0.0159  	-0.0022  	-0.0162  	0.03051  	0.01489  	-0.0143  	0.00135  	0.01050  	0.02560  	-0.1160  	0.06739  	-0.0113  	-0.0371  	0.48075  	
-0.5577  	-0.2600  	0.13883  	-1.6778  	-1.1964  	-0.8584  	-0.2103  	-0.3375  	0.20555  	0.88478  	0.90722  	-0.0977  	-0.4097  	-1.3579  	-0.5660  	0.87021  	-0.2396  	-0.1431  	0.27661  	0.75432  	0.35449  	-0.5826  	-0.3657  	0.02334  	-0.5144  	-0.0055  	-0.1997  	0.19478  	-0.2605  	-0.1298  	-0.0191  	0.28675  	0.12712  	0.06627  	0.03795  	0.03287  	0.34153  	-0.0042  	-0.2191  	0.68645  	0.20730  	-0.1019  	-0.0234  	0.04400  	-0.0210  	-0.0263  	-0.0075  	0.01926  	-0.0067  	0.00397  	0.00287  	-0.0149  	-0.0249  	0.01848  	-0.0413  	-0.0355  	-0.0069  	0.00120  	-0.0069  	0.03789  	0.01530  	-0.0196  	-0.0004  	0.01160  	0.02713  	-0.1145  	0.06814  	-0.0102  	-0.0355  	0.46908  	
-0.7078  	-0.2750  	0.09301  	-1.8133  	-1.2727  	-0.9572  	-0.2091  	-0.3862  	0.18541  	0.92858  	0.93130  	-0.1734  	-0.4409  	-1.4199  	-0.5594  	0.76912  	-0.2361  	-0.1692  	0.27518  	0.69593  	0.35647  	-0.5705  	-0.2747  	-0.0006  	-0.5681  	0.01910  	-0.2235  	0.14848  	-0.2858  	-0.1510  	0.00160  	0.28264  	0.11976  	0.07111  	0.00366  	0.01325  	0.34113  	0.00619  	-0.2297  	0.66780  	0.22518  	-0.0941  	-0.0307  	0.05650  	-0.0228  	-0.0224  	-0.0065  	0.01062  	-0.0142  	0.00746  	-0.0029  	-0.0097  	-0.0226  	0.02101  	-0.0478  	-0.0335  	-0.0092  	0.00065  	-0.0046  	0.03816  	0.02217  	-0.0207  	-0.0088  	0.00747  	0.03035  	-0.1121  	0.06867  	-0.0088  	-0.0340  	0.45891  	
-0.6729  	-0.2803  	0.12175  	-1.8084  	-1.2663  	-0.9099  	-0.1917  	-0.3843  	0.20984  	0.90817  	0.87008  	-0.1470  	-0.4153  	-1.4401  	-0.5968  	0.79490  	-0.2320  	-0.1492  	0.27254  	0.68047  	0.25970  	-0.5446  	-0.2543  	-0.0126  	-0.5581  	0.02388  	-0.2504  	0.20555  	-0.1988  	-0.1340  	0.01280  	0.26122  	0.10918  	0.07584  	-0.0690  	0.02688  	0.28106  	-0.0028  	-0.2080  	0.69804  	0.24603  	-0.0933  	-0.0032  	0.06713  	-0.0313  	-0.0304  	-0.0009  	0.02986  	0.00201  	0.00578  	0.00104  	-0.0109  	-0.0308  	0.02528  	-0.0439  	-0.0342  	-0.0119  	-0.0064  	-0.0063  	0.03353  	0.02077  	-0.0195  	-0.0061  	0.00958  	0.03504  	-0.1101  	0.06861  	-0.0078  	-0.0329  	0.45036  	
-0.5429  	-0.2552  	0.14656  	-1.6865  	-1.2053  	-0.8628  	-0.2457  	-0.3422  	0.21398  	0.83167  	0.87065  	-0.0686  	-0.4175  	-1.3912  	-0.4908  	0.82125  	-0.2163  	-0.1925  	0.27656  	0.66725  	0.38266  	-0.5347  	-0.2431  	0.05893  	-0.5720  	0.00922  	-0.1685  	0.15600  	-0.2653  	-0.1336  	-0.0007  	0.28219  	0.12482  	0.05931  	0.01405  	-0.0079  	0.35574  	0.01176  	-0.2396  	0.68341  	0.21734  	-0.0950  	-0.0320  	0.05834  	-0.0319  	-0.0283  	-0.0015  	0.01864  	-0.0106  	0.00508  	-0.0021  	-0.0138  	-0.0242  	0.02043  	-0.0455  	-0.0391  	-0.0084  	0.00205  	-0.0074  	0.03804  	0.01616  	-0.0216  	-0.0003  	0.00881  	0.04088  	-0.1073  	0.06912  	-0.0071  	-0.0326  	0.43984  	
-0.4075  	-0.2451  	0.21644  	-1.5928  	-1.1355  	-0.7268  	-0.2266  	-0.2722  	0.22461  	0.82860  	0.81241  	-0.0302  	-0.3508  	-1.2904  	-0.4233  	0.86991  	-0.2352  	-0.1860  	0.26077  	0.71223  	0.33120  	-0.5460  	-0.3109  	0.01901  	-0.5685  	0.00940  	-0.2093  	0.16795  	-0.2353  	-0.1468  	-0.0024  	0.27645  	0.15981  	0.06119  	0.05128  	0.00636  	0.33521  	-0.0036  	-0.2147  	0.69288  	0.21570  	-0.0959  	-0.0139  	0.04553  	-0.0301  	-0.0285  	-0.0034  	0.02775  	-0.0063  	-0.0023  	-0.0051  	-0.0136  	-0.0249  	0.01826  	-0.0415  	-0.0355  	-0.0091  	-0.0054  	-0.0125  	0.03604  	0.01942  	-0.0237  	-0.0011  	0.01417  	0.04684  	-0.1047  	0.06997  	-0.0071  	-0.0326  	0.43612  	
-0.3208  	-0.2183  	0.32130  	-1.5593  	-1.1191  	-0.7735  	-0.2307  	-0.2880  	0.24480  	0.92875  	0.90985  	0.02227  	-0.3626  	-1.3011  	-0.4912  	1.00682  	-0.2718  	-0.1635  	0.26059  	0.78834  	0.31190  	-0.5752  	-0.4108  	-0.0050  	-0.5837  	-0.0098  	-0.2758  	0.18910  	-0.2997  	-0.1554  	-0.0151  	0.30696  	0.16597  	0.07116  	0.08750  	0.01793  	0.35405  	0.01329  	-0.2334  	0.69133  	0.19368  	-0.0995  	-0.0114  	0.02605  	-0.0397  	-0.0255  	-0.0008  	0.03489  	0.00107  	-0.0049  	0.01028  	-0.0150  	-0.0223  	0.01643  	-0.0405  	-0.0307  	-0.0063  	-0.0056  	-0.0111  	0.04187  	0.01701  	-0.0247  	-0.0017  	0.01144  	0.05160  	-0.1008  	0.07104  	-0.0071  	-0.0319  	0.40962  	
-0.3853  	-0.2499  	0.28986  	-1.6591  	-1.2073  	-0.8085  	-0.2144  	-0.3419  	0.20039  	0.94693  	0.93556  	-0.0465  	-0.3863  	-1.3467  	-0.6283  	0.98410  	-0.2802  	-0.1449  	0.24559  	0.79274  	0.22345  	-0.5764  	-0.4484  	-0.0079  	-0.5605  	-0.0005  	-0.2799  	0.22510  	-0.2510  	-0.1526  	-0.0095  	0.31465  	0.16080  	0.07503  	0.05444  	0.06478  	0.30891  	0.00366  	-0.2109  	0.71583  	0.21908  	-0.0907  	0.00436  	0.03243  	-0.0362  	-0.0292  	-0.0065  	0.02842  	0.01211  	0.00315  	0.00708  	-0.0177  	-0.0222  	0.02014  	-0.0377  	-0.0332  	-0.0085  	-0.0072  	-0.0153  	0.04108  	0.01276  	-0.0199  	-0.0014  	0.00825  	0.05558  	-0.0993  	0.07190  	-0.0073  	-0.0313  	0.38429  	
-0.6842  	-0.3038  	0.07631  	-1.7115  	-1.1945  	-0.9420  	-0.1810  	-0.3522  	0.20656  	0.93815  	0.95262  	-0.0987  	-0.3555  	-1.2895  	-0.6277  	0.89224  	-0.2655  	-0.2139  	0.25383  	0.74988  	0.28738  	-0.5524  	-0.4325  	0.06965  	-0.4766  	-0.0007  	-0.1831  	0.18260  	-0.2683  	-0.1094  	-0.0064  	0.28002  	0.14370  	0.06339  	0.09596  	0.10293  	0.30829  	-0.0233  	-0.2311  	0.67619  	0.18698  	-0.0670  	-0.0419  	-0.0009  	-0.0272  	-0.0290  	0.00316  	0.01630  	0.00096  	0.00919  	0.00561  	-0.0150  	-0.0278  	0.01725  	-0.0445  	-0.0351  	-0.0152  	-0.0050  	-0.0041  	0.04389  	0.01340  	-0.0236  	0.00194  	0.01014  	0.05698  	-0.0987  	0.07192  	-0.0077  	-0.0317  	0.38429  	
-0.8631  	-0.3699  	-0.0196  	-1.9235  	-1.2682  	-1.0759  	-0.2113  	-0.4328  	0.14533  	0.98074  	0.99557  	-0.1206  	-0.3589  	-1.2896  	-0.4809  	0.65070  	-0.2225  	-0.2188  	0.26667  	0.62958  	0.35148  	-0.5498  	-0.3011  	0.06819  	-0.4959  	0.02007  	-0.1739  	0.06589  	-0.2842  	-0.1153  	0.02883  	0.26958  	0.13797  	0.05573  	0.02837  	0.02349  	0.33806  	-0.0118  	-0.2152  	0.65373  	0.17167  	-0.0613  	-0.0471  	0.01119  	-0.0120  	-0.0246  	-0.0104  	0.00530  	-0.0199  	0.01703  	-0.0185  	-0.0150  	-0.0212  	0.02354  	-0.0409  	-0.0381  	-0.0243  	-0.0065  	-0.0052  	0.04373  	0.02199  	-0.0194  	-0.0150  	0.00370  	0.05669  	-0.1009  	0.07220  	-0.0084  	-0.0329  	0.38872  	
-0.7767  	-0.2795  	0.07459  	-1.9133  	-1.2642  	-1.1002  	-0.1916  	-0.3502  	0.20288  	0.95836  	0.97790  	-0.1007  	-0.3510  	-1.2602  	-0.4914  	0.65798  	-0.2439  	-0.1857  	0.24569  	0.64108  	0.38599  	-0.5463  	-0.2457  	0.05113  	-0.6027  	0.01763  	-0.1327  	0.05605  	-0.3013  	-0.1404  	0.01035  	0.24641  	0.15401  	0.07400  	0.04062  	-0.0197  	0.33623  	-0.0072  	-0.2315  	0.69059  	0.19051  	-0.0683  	-0.0440  	0.02939  	-0.0259  	-0.0309  	-0.0074  	0.02290  	-0.0135  	0.00902  	-0.0044  	-0.0155  	-0.0299  	0.02656  	-0.0506  	-0.0315  	-0.0154  	-0.0082  	-0.0086  	0.04319  	0.01742  	-0.0121  	-0.0086  	0.00495  	0.05562  	-0.1035  	0.07192  	-0.0091  	-0.0330  	0.38933  	
-0.6140  	-0.2244  	0.15855  	-1.7178  	-1.1703  	-0.9401  	-0.2261  	-0.2736  	0.23933  	0.89545  	0.86823  	-0.0367  	-0.3480  	-1.1965  	-0.4419  	0.77589  	-0.2187  	-0.1802  	0.25870  	0.71578  	0.37959  	-0.5444  	-0.2463  	0.07806  	-0.6410  	0.00924  	-0.2012  	0.11211  	-0.2542  	-0.1436  	0.00475  	0.25653  	0.15768  	0.07346  	0.02622  	-0.0511  	0.30757  	-0.0083  	-0.2236  	0.69573  	0.21428  	-0.0981  	-0.0288  	0.03978  	-0.0293  	-0.0285  	-0.0038  	0.02388  	-0.0005  	-0.0050  	-0.0029  	-0.0179  	-0.0323  	0.01811  	-0.0490  	-0.0383  	-0.0127  	-0.0043  	-0.0112  	0.04235  	0.02114  	-0.0153  	-0.0085  	0.00679  	0.05557  	-0.1075  	0.07136  	-0.0100  	-0.0330  	0.38599  	
-0.8148  	-0.2877  	-0.0002  	-1.8497  	-1.1861  	-1.0241  	-0.2541  	-0.3464  	0.21527  	0.93402  	0.91660  	0.01369  	-0.3268  	-1.3416  	-0.6423  	0.82292  	-0.2473  	-0.1039  	0.29839  	0.77194  	0.27530  	-0.6543  	-0.2619  	-0.0233  	-0.7430  	0.06541  	-0.3739  	0.27198  	-0.2476  	-0.2296  	0.07554  	0.24565  	0.17381  	0.08115  	-0.0412  	-0.0769  	0.18560  	-0.0517  	-0.1567  	0.68224  	0.20959  	-0.0962  	-0.0102  	0.04797  	-0.0402  	-0.0366  	-0.0169  	0.03999  	-0.0132  	0.00815  	0.00176  	-0.0180  	-0.0418  	0.00793  	-0.0476  	-0.0263  	-0.0133  	-0.0051  	-0.0204  	0.03764  	0.03133  	-0.0085  	-0.0067  	0.01107  	0.05559  	-0.1116  	0.07058  	-0.0109  	-0.0335  	0.39343  	
-0.9773  	-0.4162  	-0.1201  	-1.9942  	-1.2764  	-1.1278  	-0.2128  	-0.4181  	0.19524  	0.94031  	1.06043  	-0.0686  	-0.3684  	-1.3899  	-0.7495  	0.76501  	-0.2617  	-0.1049  	0.24650  	0.80366  	0.25068  	-0.6075  	-0.3206  	-0.0127  	-0.7031  	0.06263  	-0.3718  	0.26667  	-0.2932  	-0.2207  	0.07167  	0.25597  	0.17437  	0.08451  	-0.0022  	-0.0022  	0.20518  	-0.0237  	-0.1847  	0.65782  	0.18980  	-0.0751  	-0.0455  	0.00762  	-0.0438  	-0.0346  	-0.0054  	0.04722  	-0.0095  	0.01843  	-0.0056  	-0.0189  	-0.0317  	0.01935  	-0.0445  	-0.0239  	-0.0095  	-0.0037  	-0.0124  	0.04939  	0.02684  	-0.0171  	-0.0034  	0.00403  	0.05561  	-0.1170  	0.06975  	-0.0117  	-0.0338  	0.39744  	
-1.1667  	-0.4064  	-0.1744  	-2.1995  	-1.2879  	-1.2912  	-0.1922  	-0.3979  	0.17938  	1.03677  	1.23118  	-0.1582  	-0.3971  	-1.4044  	-0.7933  	0.63778  	-0.2465  	-0.1787  	0.22590  	0.75497  	0.33820  	-0.5611  	-0.3257  	0.00875  	-0.6743  	0.07803  	-0.3214  	0.16339  	-0.3473  	-0.2227  	0.05528  	0.24156  	0.20438  	0.08464  	-0.0066  	-0.0128  	0.25333  	-0.0039  	-0.1921  	0.67989  	0.16532  	-0.0774  	-0.0623  	-0.0178  	-0.0320  	-0.0527  	-0.0032  	0.02960  	-0.0133  	0.00925  	-0.0149  	-0.0173  	-0.0307  	0.03186  	-0.0475  	-0.0414  	-0.0090  	-0.0096  	-0.0197  	0.06048  	0.02601  	-0.0038  	0.00559  	0.01053  	0.05596  	-0.1203  	0.06825  	-0.0121  	-0.0340  	0.39267  	
-1.0626  	-0.3593  	-0.0659  	-2.1406  	-1.2683  	-1.2532  	-0.1845  	-0.3133  	0.21384  	0.99700  	1.21385  	-0.1862  	-0.4002  	-1.3550  	-0.6923  	0.63530  	-0.2188  	-0.2699  	0.26550  	0.70090  	0.44055  	-0.5686  	-0.2822  	0.09876  	-0.6912  	0.06713  	-0.2099  	0.05390  	-0.3854  	-0.2128  	0.01150  	0.25044  	0.19068  	0.09570  	0.03784  	-0.0885  	0.34009  	-0.0087  	-0.2099  	0.66323  	0.18462  	-0.0614  	-0.0883  	0.01859  	-0.0403  	-0.0362  	-0.0052  	0.01744  	-0.0137  	0.00573  	-0.0112  	-0.0173  	-0.0350  	0.03624  	-0.0596  	-0.0391  	-0.0128  	-0.0060  	-0.0177  	0.04941  	0.03288  	-0.0006  	-0.0031  	0.00501  	0.05615  	-0.1236  	0.06668  	-0.0126  	-0.0336  	0.38070  	
-0.5173  	-0.2053  	0.21241  	-1.7383  	-1.1868  	-0.9801  	-0.2402  	-0.2064  	0.29119  	0.91933  	0.90087  	-0.0390  	-0.2823  	-1.0577  	-0.3062  	0.74328  	-0.2046  	-0.2388  	0.27031  	0.74109  	0.50247  	-0.5644  	-0.3505  	0.16741  	-0.6000  	0.01704  	-0.1468  	-0.0094  	-0.3692  	-0.1741  	0.04739  	0.26033  	0.17438  	0.07534  	0.05738  	-0.1168  	0.30250  	-0.0128  	-0.2117  	0.77168  	0.15788  	-0.0894  	-0.0756  	0.01074  	-0.0472  	-0.0241  	-0.0188  	0.02882  	-0.0023  	-0.0018  	0.02451  	-0.0064  	-0.0502  	0.02037  	-0.0591  	-0.0220  	-0.0199  	-0.0169  	-0.0097  	0.05334  	0.02444  	-0.0015  	-0.0196  	0.00704  	0.05588  	-0.1251  	0.06554  	-0.0129  	-0.0337  	0.37421  	
-0.0442  	-0.1019  	0.32697  	-1.2598  	-0.9935  	-0.5964  	-0.1523  	-0.1358  	0.32217  	0.81915  	0.49370  	0.02719  	-0.1257  	-0.7282  	0.15650  	0.77332  	-0.2360  	-0.2886  	0.24226  	0.65727  	0.38386  	-0.4151  	-0.3621  	0.12057  	-0.5700  	-0.0045  	-0.0690  	-0.0076  	-0.3275  	-0.0739  	0.02573  	0.26073  	0.21508  	0.06726  	0.11266  	-0.1533  	0.34104  	-0.0132  	-0.2238  	0.74833  	0.12401  	-0.1043  	-0.0211  	0.05724  	-0.0383  	-0.0364  	-0.0037  	0.06115  	0.00622  	-0.0003  	-0.0248  	-0.0117  	-0.0373  	0.01381  	-0.0577  	-0.0174  	-0.0287  	-0.0220  	-0.0130  	0.05550  	0.01877  	-0.0107  	-0.0267  	-0.0041  	0.05424  	-0.1264  	0.06431  	-0.0132  	-0.0343  	0.37677  	
0.13932  	-0.0243  	0.36778  	-0.9628  	-0.8360  	-0.3520  	-0.1159  	-0.1040  	0.30510  	0.70213  	0.14576  	-0.1595  	-0.0364  	-0.6775  	0.36968  	0.72023  	-0.1911  	-0.3341  	0.24529  	0.51535  	0.33200  	-0.3300  	-0.3364  	0.02120  	-0.3622  	-0.0399  	0.03895  	-0.0113  	-0.1514  	0.02541  	-0.0152  	0.25829  	0.13015  	0.07235  	0.10058  	-0.1224  	0.32100  	-0.0286  	-0.1438  	0.70619  	0.10165  	-0.0842  	0.01251  	0.04746  	-0.0418  	-0.0224  	-0.0309  	0.07676  	0.03316  	-0.0034  	-0.0136  	-0.0163  	-0.0362  	0.00923  	-0.0403  	-0.0058  	-0.0298  	-0.0115  	-0.0151  	0.04956  	0.01588  	-0.0110  	-0.0157  	7.09127  	0.05067  	-0.1256  	0.06323  	-0.0131  	-0.0341  	0.36752  	
0.08681  	-0.0692  	0.28783  	-0.6478  	-0.6230  	-0.4584  	-0.1095  	-0.0821  	0.25522  	0.73469  	0.14640  	-0.1987  	-0.0176  	-0.4754  	0.50833  	0.70377  	-0.2492  	-0.3657  	0.19752  	0.49995  	0.27567  	-0.2735  	-0.4584  	0.11488  	-0.2334  	-0.0645  	0.16602  	-0.1137  	-0.1506  	0.09055  	-0.0191  	0.28602  	0.15284  	0.07395  	0.23553  	-0.0961  	0.28605  	-0.0122  	-0.1728  	0.73891  	0.00737  	-0.0509  	-0.0467  	0.04412  	-0.0402  	-0.0273  	-0.0160  	0.05797  	0.03183  	-0.0116  	-0.0063  	-0.0098  	-0.0218  	0.01902  	-0.0365  	0.00149  	-0.0326  	-0.0180  	-0.0155  	0.06597  	0.02373  	-0.0020  	-0.0270  	-0.0037  	0.04737  	-0.1256  	0.06278  	-0.0129  	-0.0335  	0.35479  	
-0.3421  	-0.2225  	0.03605  	-0.7807  	-0.6568  	-0.8605  	-0.1321  	-0.1610  	0.21708  	0.84690  	0.67295  	0.01437  	-0.1210  	-0.6844  	0.28320  	0.76935  	-0.2545  	-0.3001  	0.25741  	0.74056  	0.37234  	-0.4440  	-0.5891  	0.14951  	-0.4072  	-0.0441  	-0.0395  	0.02364  	-0.3074  	-0.0275  	-0.0178  	0.26771  	0.21174  	0.05349  	0.30450  	-0.0612  	0.30732  	-0.0621  	-0.2417  	0.76070  	0.02143  	0.01991  	-0.1147  	-0.0236  	-0.0480  	-0.0230  	0.00199  	0.03652  	-0.0172  	0.00516  	-0.0248  	-0.0023  	-0.0395  	0.01812  	-0.0533  	-0.0233  	-0.0132  	-0.0254  	-0.0095  	0.05679  	0.02400  	-0.0024  	-0.0436  	-0.0147  	0.04335  	-0.1245  	0.06284  	-0.0133  	-0.0334  	0.36169  	
-0.8021  	-0.4383  	-0.1054  	-1.3248  	-0.9641  	-1.1237  	-0.2032  	-0.2959  	0.25973  	0.89926  	0.91106  	0.11575  	-0.3104  	-1.1795  	-0.1861  	0.79145  	-0.2450  	-0.1397  	0.24611  	0.81791  	0.36096  	-0.5560  	-0.4635  	0.13820  	-0.7212  	0.02478  	-0.2817  	0.17665  	-0.3482  	-0.1204  	0.04412  	0.32436  	0.19442  	0.06325  	0.18465  	-0.0826  	0.29758  	-0.0143  	-0.2226  	0.74141  	0.04813  	-0.0564  	-0.1086  	-0.0292  	-0.0031  	-0.0332  	-0.0169  	-0.0153  	-0.0001  	0.01327  	-0.0122  	-0.0046  	-0.0304  	0.03976  	-0.0412  	-0.0399  	-0.0111  	-0.0172  	-0.0011  	0.04679  	0.01816  	-0.0004  	-0.0352  	0.01654  	0.03936  	-0.1252  	0.06373  	-0.0136  	-0.0333  	0.36307  	
-0.6961  	-0.3128  	0.11403  	-1.8735  	-1.2076  	-1.0322  	-0.2064  	-0.3156  	0.18699  	0.96183  	0.99684  	-0.1465  	-0.3731  	-1.2675  	-0.5026  	0.68129  	-0.2046  	-0.1862  	0.27508  	0.63518  	0.34943  	-0.5436  	-0.3400  	0.05935  	-0.5362  	-0.0076  	-0.1339  	0.05109  	-0.2804  	-0.1137  	0.04326  	0.25203  	0.16026  	0.05744  	0.00123  	-0.0008  	0.34916  	0.02368  	-0.2082  	0.69165  	0.19606  	-0.0794  	-0.0526  	0.02016  	-0.0193  	-0.0258  	-0.0091  	0.00247  	-0.0135  	0.00245  	-0.0119  	-0.0066  	-0.0379  	0.01833  	-0.0395  	-0.0402  	-0.0136  	-0.0022  	-0.0038  	0.05083  	0.02292  	-0.0215  	-0.0019  	2.13859  	0.03584  	-0.1246  	0.06479  	-0.0137  	-0.0329  	0.35969  	
-0.4100  	-0.2515  	0.20968  	-1.7032  	-1.2363  	-0.7595  	-0.2128  	-0.2499  	0.24370  	0.83034  	0.82738  	-0.1247  	-0.3444  	-1.2602  	-0.4250  	0.82476  	-0.2189  	-0.1479  	0.28780  	0.69597  	0.38032  	-0.5503  	-0.2883  	0.01962  	-0.5400  	-0.0082  	-0.1629  	0.10963  	-0.3071  	-0.1339  	-0.0126  	0.29902  	0.16368  	0.06292  	0.01259  	-0.0380  	0.34655  	0.02911  	-0.2131  	0.67778  	0.24199  	-0.1043  	-0.0033  	0.03920  	-0.0331  	-0.0258  	-0.0038  	0.03038  	-0.0071  	0.01126  	-0.0050  	-0.0112  	-0.0307  	0.01883  	-0.0520  	-0.0363  	-0.0137  	-0.0087  	-0.0059  	0.03750  	0.01954  	-0.0185  	0.00127  	0.01019  	0.03431  	-0.1252  	0.06597  	-0.0140  	-0.0326  	0.35529  	
-0.2890  	-0.2084  	0.26669  	-1.4795  	-1.0935  	-0.6943  	-0.2001  	-0.2402  	0.23317  	0.83616  	0.78387  	-0.0614  	-0.3201  	-1.2241  	-0.2984  	0.88093  	-0.2615  	-0.1645  	0.26755  	0.73954  	0.32126  	-0.5110  	-0.3643  	-0.0043  	-0.5578  	-0.0155  	-0.2120  	0.18116  	-0.2390  	-0.1370  	-0.0172  	0.27506  	0.15942  	0.06261  	0.03314  	-0.0091  	0.35186  	0.01723  	-0.2122  	0.71594  	0.20432  	-0.1069  	0.00770  	0.04228  	-0.0298  	-0.0292  	-0.0033  	0.02682  	0.00146  	-0.0065  	-0.0045  	-0.0162  	-0.0293  	0.01899  	-0.0454  	-0.0286  	-0.0150  	-0.0121  	-0.0053  	0.04319  	0.01294  	-0.0216  	-0.0087  	0.00305  	0.03497  	-0.1248  	0.06712  	-0.0142  	-0.0333  	0.35896  	
-0.2419  	-0.1879  	0.32284  	-1.4314  	-1.0486  	-0.7070  	-0.1653  	-0.2594  	0.24751  	0.87380  	0.84401  	-0.0474  	-0.3364  	-1.1936  	-0.3263  	0.93483  	-0.2995  	-0.2006  	0.23907  	0.78683  	0.35194  	-0.5329  	-0.4140  	0.01802  	-0.5401  	-0.0186  	-0.1986  	0.20859  	-0.2506  	-0.1255  	-0.0367  	0.28999  	0.16156  	0.07330  	0.10701  	0.02955  	0.35980  	0.00179  	-0.2213  	0.70359  	0.16246  	-0.0905  	-0.0257  	0.03095  	-0.0385  	-0.0284  	-0.0021  	0.03298  	-0.0020  	-0.0005  	0.00827  	-0.0141  	-0.0245  	0.02089  	-0.0429  	-0.0275  	-0.0072  	-0.0095  	-0.0102  	0.04464  	0.01137  	-0.0289  	-0.0044  	0.00785  	0.03769  	-0.1243  	0.06803  	-0.0147  	-0.0338  	0.36217  	
-0.2387  	-0.2426  	0.29583  	-1.4158  	-1.0626  	-0.6758  	-0.1883  	-0.2796  	0.24015  	0.87692  	0.89224  	-0.0527  	-0.3373  	-1.2631  	-0.3788  	1.00484  	-0.3003  	-0.1908  	0.26719  	0.77589  	0.36747  	-0.5482  	-0.4404  	0.05132  	-0.4877  	-0.0409  	-0.1620  	0.15863  	-0.3089  	-0.1243  	-0.0444  	0.31580  	0.13964  	0.07786  	0.16743  	0.05228  	0.37502  	0.02926  	-0.2465  	0.68731  	0.14582  	-0.0820  	-0.0301  	0.01434  	-0.0344  	-0.0262  	-0.0067  	0.02300  	-0.0021  	-0.0053  	0.01346  	-0.0138  	-0.0220  	0.01781  	-0.0393  	-0.0270  	-0.0065  	-0.0050  	-0.0052  	0.04343  	0.01268  	-0.0384  	0.00092  	0.00913  	0.04136  	-0.1217  	0.06828  	-0.0145  	-0.0341  	0.34551  	
-0.2214  	-0.2474  	0.25658  	-1.4419  	-1.0514  	-0.6569  	-0.1674  	-0.3175  	0.22401  	0.88547  	0.87593  	-0.0626  	-0.3356  	-1.2696  	-0.3755  	0.98441  	-0.3055  	-0.1876  	0.23488  	0.74330  	0.33490  	-0.5355  	-0.4580  	0.02636  	-0.4764  	-0.0408  	-0.1628  	0.21032  	-0.2736  	-0.1017  	-0.0366  	0.31729  	0.12956  	0.07959  	0.15632  	0.06892  	0.34887  	0.01968  	-0.2309  	0.69537  	0.14631  	-0.0779  	-0.0264  	0.02615  	-0.0312  	-0.0261  	-0.0112  	0.02150  	-0.0042  	-0.0016  	0.01478  	-0.0145  	-0.0219  	0.01741  	-0.0375  	-0.0273  	-0.0019  	-0.0051  	-0.0067  	0.04299  	0.01073  	-0.0309  	0.00123  	0.01078  	0.04575  	-0.1198  	0.06827  	-0.0144  	-0.0341  	0.32282  	
-0.2327  	-0.2358  	0.26317  	-1.4786  	-1.0660  	-0.6621  	-0.1529  	-0.3360  	0.21791  	0.88611  	0.87806  	-0.0814  	-0.3438  	-1.2622  	-0.3783  	0.96448  	-0.3057  	-0.1879  	0.22824  	0.73825  	0.33408  	-0.5334  	-0.4389  	0.01827  	-0.4793  	-0.0403  	-0.1726  	0.22272  	-0.2678  	-0.1076  	-0.0336  	0.30968  	0.12669  	0.07558  	0.14310  	0.06888  	0.34286  	0.01700  	-0.2300  	0.70175  	0.15507  	-0.0747  	-0.0279  	0.02820  	-0.0315  	-0.0262  	-0.0104  	0.02288  	-0.0043  	0.00122  	0.01658  	-0.0140  	-0.0219  	0.01720  	-0.0388  	-0.0285  	0.00053  	-0.0057  	-0.0072  	0.04283  	0.00995  	-0.0273  	0.00135  	0.00929  	0.04990  	-0.1164  	0.06778  	-0.0141  	-0.0346  	0.31831  	
-0.2227  	-0.2328  	0.26649  	-1.4975  	-1.0893  	-0.6636  	-0.1423  	-0.3422  	0.21098  	0.84486  	0.85132  	-0.0795  	-0.3401  	-1.2461  	-0.3508  	0.94325  	-0.2928  	-0.1935  	0.21683  	0.72818  	0.33424  	-0.5439  	-0.4057  	0.00850  	-0.5027  	-0.0371  	-0.1910  	0.22091  	-0.2513  	-0.1164  	-0.0337  	0.30444  	0.12643  	0.07343  	0.13136  	0.06593  	0.33800  	0.02025  	-0.2280  	0.71251  	0.17342  	-0.0633  	-0.0274  	0.02579  	-0.0355  	-0.0252  	-0.0089  	0.02179  	-0.0052  	0.00254  	0.01280  	-0.0117  	-0.0225  	0.01749  	-0.0390  	-0.0312  	-0.0006  	-0.0064  	-0.0059  	0.04288  	0.00915  	-0.0230  	-0.0011  	0.01105  	0.05092  	-0.1136  	0.06792  	-0.0141  	-0.0350  	0.32336  	
-0.2195  	-0.2211  	0.25678  	-1.5074  	-1.0987  	-0.6756  	-0.1374  	-0.3453  	0.19801  	0.80301  	0.83028  	-0.0893  	-0.3350  	-1.2304  	-0.2956  	0.89573  	-0.2787  	-0.1882  	0.21708  	0.73678  	0.34956  	-0.5518  	-0.3823  	0.00800  	-0.5423  	-0.0287  	-0.2097  	0.21408  	-0.2521  	-0.1330  	-0.0322  	0.30449  	0.13637  	0.07628  	0.12876  	0.05066  	0.34577  	0.02366  	-0.2337  	0.70916  	0.18227  	-0.0618  	-0.0317  	0.01756  	-0.0413  	-0.0271  	-0.0061  	0.01497  	-0.0078  	-0.0046  	0.00654  	-0.0107  	-0.0199  	0.01841  	-0.0388  	-0.0323  	-0.0052  	-0.0089  	-0.0024  	0.04389  	0.01364  	-0.0212  	-0.0011  	0.01493  	0.04889  	-0.1110  	0.06797  	-0.0136  	-0.0344  	0.33214  	
-0.1802  	-0.2052  	0.25667  	-1.4775  	-1.0991  	-0.6637  	-0.1456  	-0.2905  	0.20226  	0.73197  	0.86237  	-0.0977  	-0.3477  	-1.1993  	-0.1893  	0.82776  	-0.2704  	-0.2182  	0.23049  	0.69677  	0.44872  	-0.5248  	-0.3477  	0.05969  	-0.5653  	-0.0221  	-0.1702  	0.10458  	-0.3383  	-0.1441  	-0.0189  	0.32226  	0.15269  	0.07026  	0.18362  	-0.0203  	0.39908  	0.04327  	-0.2724  	0.67881  	0.17426  	-0.0590  	-0.0379  	0.01129  	-0.0388  	-0.0301  	-0.0092  	0.01443  	-0.0060  	-0.0041  	-0.0035  	-0.0074  	-0.0163  	0.01953  	-0.0388  	-0.0351  	-0.0049  	-0.0067  	-0.0086  	0.04261  	0.01919  	-0.0182  	-0.0021  	0.01371  	0.04741  	-0.1100  	0.06805  	-0.0130  	-0.0335  	0.34481  	
-0.0494  	-0.1156  	0.36783  	-1.3783  	-1.1226  	-0.6047  	-0.1757  	-0.1532  	0.29654  	0.68416  	0.89839  	-0.0619  	-0.3024  	-1.0182  	-0.0407  	0.90380  	-0.2349  	-0.2656  	0.23550  	0.60102  	0.62273  	-0.5210  	-0.3106  	0.14424  	-0.5928  	-0.0337  	-0.0664  	-0.1057  	-0.4995  	-0.1729  	-0.0229  	0.33364  	0.17698  	0.06439  	0.25854  	-0.1430  	0.51288  	0.08734  	-0.3232  	0.65790  	0.15187  	-0.0821  	-0.0388  	0.01698  	-0.0504  	-0.0192  	-0.0079  	0.01367  	-0.0148  	0.01370  	-0.0149  	-0.0033  	-0.0212  	0.02815  	-0.0422  	-0.0287  	-0.0249  	-0.0096  	-0.0086  	0.04633  	0.02561  	-0.0133  	-0.0148  	0.00341  	0.04532  	-0.1090  	0.06817  	-0.0124  	-0.0330  	0.36986  	
0.07564  	-0.0397  	0.50912  	-1.2775  	-1.1274  	-0.5122  	-0.2032  	0.02371  	0.34533  	0.61161  	0.90134  	0.01961  	-0.2147  	-0.9508  	0.09015  	0.92092  	-0.1171  	-0.5009  	0.31259  	0.29339  	0.80358  	-0.7199  	-0.4938  	0.18770  	-0.6947  	0.06547  	0.00705  	-0.2845  	-0.5243  	-0.1782  	0.09781  	0.29318  	0.10414  	-0.1071  	0.21255  	-0.2376  	0.50799  	0.10265  	-0.4454  	0.52390  	0.18534  	0.04483  	-0.1456  	0.10207  	-0.1083  	-0.0031  	-0.0355  	0.04834  	-0.0172  	-0.0047  	-0.0111  	-0.0019  	-0.0217  	0.04593  	-0.0410  	-0.0151  	-0.0296  	-0.0203  	-0.0129  	0.05864  	0.02937  	-0.0143  	-0.0281  	0.00669  	0.04329  	-0.1104  	0.06835  	-0.0109  	-0.0328  	0.39619  	
0.08753  	-0.0344  	0.54936  	-1.2513  	-1.1054  	-0.5187  	-0.2299  	0.07922  	0.32762  	0.59576  	0.90309  	0.04133  	-0.1717  	-0.9879  	0.14664  	0.87456  	-0.0386  	-0.6363  	0.36921  	0.09190  	0.85149  	-0.9044  	-0.6909  	0.18843  	-0.7490  	0.14895  	0.00205  	-0.3537  	-0.4532  	-0.1909  	0.18633  	0.25293  	0.02640  	-0.2363  	0.15594  	-0.2591  	0.43040  	0.10347  	-0.5294  	0.45748  	0.23704  	0.15246  	-0.2394  	0.16875  	-0.1534  	0.01347  	-0.0548  	0.06565  	-0.0273  	-0.0159  	-0.0046  	0.00228  	-0.0197  	0.05922  	-0.0352  	-0.0157  	-0.0310  	-0.0290  	-0.0133  	0.06535  	0.03278  	-0.0169  	-0.0406  	0.00882  	0.04079  	-0.1119  	0.06779  	-0.0088  	-0.0328  	0.41905  	
0.05617  	-0.0420  	0.51067  	-1.2091  	-1.0225  	-0.5627  	-0.2247  	0.06358  	0.29657  	0.62375  	0.82727  	0.05152  	-0.1380  	-1.0075  	0.11704  	0.84977  	-0.0358  	-0.6133  	0.38208  	0.10722  	0.74850  	-0.9763  	-0.8163  	0.12742  	-0.7132  	0.17072  	-0.0561  	-0.2400  	-0.2928  	-0.1819  	0.19566  	0.20965  	0.01096  	-0.2705  	0.11103  	-0.2091  	0.31035  	0.06474  	-0.5096  	0.46078  	0.27165  	0.17407  	-0.2629  	0.18434  	-0.1600  	0.01772  	-0.0553  	0.07290  	-0.0271  	-0.0106  	0.00888  	0.00073  	-0.0204  	0.05606  	-0.0293  	-0.0177  	-0.0303  	-0.0315  	-0.0092  	0.06138  	0.03045  	-0.0216  	-0.0411  	0.00408  	0.04019  	-0.1154  	0.06751  	-0.0066  	-0.0336  	0.43810  	
-0.1862  	-0.1177  	0.37578  	-1.3240  	-1.0589  	-0.7022  	-0.2360  	-0.0982  	0.25303  	0.71247  	0.86431  	0.03904  	-0.2051  	-1.1809  	-0.0711  	0.79105  	-0.0763  	-0.4887  	0.34706  	0.22525  	0.56724  	-0.9634  	-0.8171  	0.03467  	-0.7008  	0.18523  	-0.1922  	-0.0384  	-0.1930  	-0.1819  	0.19595  	0.20248  	0.03522  	-0.2261  	0.02443  	-0.1303  	0.18969  	0.02228  	-0.4273  	0.54636  	0.30137  	0.16743  	-0.2392  	0.17500  	-0.1467  	0.00699  	-0.0460  	0.07297  	-0.0300  	-0.0144  	0.01675  	0.00299  	-0.0199  	0.05276  	-0.0320  	-0.0226  	-0.0210  	-0.0286  	-0.0031  	0.05838  	0.03360  	-0.0291  	-0.0398  	0.01150  	0.04075  	-0.1188  	0.06856  	-0.0043  	-0.0354  	0.44350  	
-0.2775  	-0.2417  	0.25138  	-1.3650  	-1.0421  	-0.7256  	-0.2179  	-0.2560  	0.23377  	0.79409  	0.79495  	-0.0695  	-0.2444  	-1.3174  	-0.3032  	0.86746  	-0.1742  	-0.3390  	0.29622  	0.47110  	0.28947  	-0.7670  	-0.6997  	0.02402  	-0.6006  	0.08937  	-0.2751  	0.16326  	-0.1362  	-0.1454  	0.09460  	0.26219  	0.06781  	-0.1013  	-0.0161  	-0.0415  	0.16860  	0.00230  	-0.3145  	0.63663  	0.26191  	0.03365  	-0.1292  	0.11168  	-0.0929  	-0.0078  	-0.0294  	0.05205  	-0.0079  	-0.0178  	0.02282  	-0.0076  	-0.0245  	0.03095  	-0.0345  	-0.0332  	-0.0101  	-0.0167  	-0.0062  	0.05479  	0.01793  	-0.0382  	-0.0144  	0.01668  	0.04222  	-0.1221  	0.07057  	-0.0019  	-0.0376  	0.45311  	
-0.4470  	-0.2779  	0.14944  	-1.5097  	-1.0968  	-0.7896  	-0.1485  	-0.3208  	0.22481  	0.84207  	0.80736  	-0.0991  	-0.3355  	-1.3025  	-0.4601  	0.90506  	-0.2303  	-0.1857  	0.23804  	0.79567  	0.26748  	-0.5228  	-0.4677  	0.08277  	-0.4495  	-0.0161  	-0.1330  	0.17381  	-0.2539  	-0.0821  	-0.0284  	0.30315  	0.10971  	0.06533  	0.07528  	0.08282  	0.26078  	0.00729  	-0.1984  	0.72459  	0.16274  	-0.0840  	-0.0661  	0.01219  	-0.0412  	-0.0345  	-0.0100  	0.03179  	0.02130  	0.00649  	0.01256  	-0.0078  	-0.0229  	0.02440  	-0.0427  	-0.0309  	-0.0118  	-0.0054  	-0.0094  	0.04027  	0.01371  	-0.0259  	0.00523  	0.00429  	0.04308  	-0.1233  	0.07267  	0.00051  	-0.0398  	0.45174  	
-0.5845  	-0.2718  	0.06264  	-1.2786  	-0.8879  	-0.8254  	-0.1556  	-0.3223  	0.14443  	0.83491  	0.77171  	0.00192  	-0.2936  	-1.1823  	-0.2643  	0.80954  	-0.2547  	-0.2338  	0.20061  	0.84267  	0.29963  	-0.5379  	-0.5068  	0.12500  	-0.4085  	-0.0494  	-0.0103  	0.23351  	-0.2415  	-0.0056  	-0.0172  	0.27403  	0.17290  	0.08910  	0.13182  	0.01270  	0.24614  	-0.0160  	-0.1848  	0.71318  	0.04615  	-0.0169  	-0.1136  	-0.0091  	-0.0270  	-0.0393  	-0.0151  	0.02748  	-0.0030  	-0.0043  	0.04535  	0.00040  	-0.0369  	0.02503  	-0.0591  	-0.0190  	-0.0083  	-0.0121  	-0.0010  	0.05499  	0.01245  	-0.0197  	-0.0002  	0.00227  	0.04360  	-0.1242  	0.07432  	0.00319  	-0.0417  	0.44833  	
-0.4219  	-0.2608  	-0.0410  	-0.9934  	-0.7030  	-0.7719  	-0.1502  	-0.2403  	0.21375  	0.70436  	0.62812  	0.16349  	-0.2107  	-1.0244  	-0.0968  	0.83292  	-0.2219  	-0.1666  	0.17016  	0.87211  	0.25169  	-0.6087  	-0.5597  	0.08296  	-0.4153  	0.00616  	-0.1591  	0.44917  	-0.1646  	-0.0333  	-0.0297  	0.23235  	0.17948  	0.11060  	0.12613  	0.01230  	0.14203  	-0.0573  	-0.1329  	0.74574  	-0.0067  	-0.0430  	-0.1080  	0.00333  	-0.0230  	-0.0256  	-0.0256  	0.02796  	-0.0100  	0.01616  	0.03662  	-0.0138  	-0.0449  	0.01748  	-0.0452  	-0.0134  	0.00639  	0.00352  	0.00354  	0.03199  	-0.0045  	-0.0279  	-0.0142  	-0.0006  	0.04176  	-0.1232  	0.07464  	0.00522  	-0.0431  	0.44808  	
-0.2751  	-0.1454  	0.03172  	-0.7980  	-0.5668  	-0.7025  	-0.1046  	-0.1446  	0.24861  	0.68437  	0.49232  	0.12353  	-0.1310  	-0.7286  	0.11041  	0.83701  	-0.3046  	-0.2167  	0.15425  	0.89501  	0.17470  	-0.5074  	-0.6891  	0.04158  	-0.3511  	-0.0523  	-0.1527  	0.50153  	-0.0578  	0.04092  	-0.0824  	0.22603  	0.19963  	0.11214  	0.22752  	0.00835  	0.14457  	-0.0941  	-0.1372  	0.77768  	-0.0051  	-0.0278  	-0.0963  	-0.0156  	-0.0280  	-0.0332  	-0.0041  	0.05140  	0.01301  	0.00842  	0.02897  	-0.0162  	-0.0383  	0.02676  	-0.0457  	-0.0116  	0.01100  	-0.0092  	0.00398  	0.03696  	0.00920  	-0.0208  	-0.0178  	0.00613  	0.03701  	-0.1224  	0.07435  	0.00653  	-0.0434  	0.42747  	
-0.2307  	-0.1253  	0.07877  	-0.7063  	-0.5625  	-0.6098  	-0.1165  	-0.1288  	0.25592  	0.59979  	0.33866  	0.10708  	-0.0586  	-0.5879  	0.32285  	0.79316  	-0.2836  	-0.2457  	0.19954  	0.82680  	0.11485  	-0.4774  	-0.6572  	0.00709  	-0.3390  	-0.0424  	-0.1266  	0.47469  	-0.0057  	0.07393  	-0.0862  	0.23270  	0.20978  	0.12655  	0.21137  	-0.0433  	0.14774  	-0.0789  	-0.1341  	0.76522  	0.02263  	-0.0350  	-0.0902  	0.00326  	-0.0277  	-0.0260  	-0.0019  	0.03053  	0.00381  	-0.0144  	0.02034  	-0.0199  	-0.0438  	0.01661  	-0.0476  	-0.0093  	0.00129  	-0.0078  	0.00652  	0.04038  	0.02279  	-0.0138  	-0.0128  	-0.0033  	0.03169  	-0.1227  	0.07179  	0.00780  	-0.0438  	0.43102  	
-0.1735  	-0.1344  	0.08638  	-0.7391  	-0.6240  	-0.5626  	-0.1684  	-0.1829  	0.24015  	0.61556  	0.26505  	0.07556  	-0.0729  	-0.6543  	0.34873  	0.81189  	-0.2510  	-0.2277  	0.22740  	0.80024  	0.15382  	-0.4510  	-0.5973  	-0.0058  	-0.3304  	-0.0306  	-0.1443  	0.44081  	0.00603  	0.07910  	-0.0892  	0.23325  	0.18066  	0.12336  	0.17047  	-0.0659  	0.16099  	-0.0804  	-0.1271  	0.75434  	0.04931  	-0.0390  	-0.0694  	0.00072  	-0.0245  	-0.0231  	-0.0088  	0.03502  	0.00542  	-0.0086  	0.00883  	-0.0140  	-0.0339  	0.00783  	-0.0506  	-0.0080  	-0.0108  	-0.0111  	0.00458  	0.04290  	0.01335  	-0.0166  	-0.0194  	-0.0115  	0.02850  	-0.1230  	0.06886  	0.00876  	-0.0442  	0.44949  	
-0.1666  	-0.1428  	0.12503  	-0.8485  	-0.7066  	-0.5532  	-0.1875  	-0.2147  	0.25786  	0.63229  	0.27029  	0.04882  	-0.1156  	-0.7790  	0.24628  	0.86131  	-0.2537  	-0.2236  	0.25387  	0.73144  	0.19667  	-0.4266  	-0.5180  	0.02402  	-0.3800  	-0.0208  	-0.1179  	0.32375  	-0.0533  	0.03183  	-0.0864  	0.23215  	0.16521  	0.12334  	0.14521  	-0.0805  	0.17989  	-0.0564  	-0.1426  	0.74431  	0.05950  	-0.0441  	-0.0483  	0.02452  	-0.0352  	-0.0319  	-0.0120  	0.04810  	0.00560  	-0.0146  	0.00475  	-0.0120  	-0.0270  	0.01651  	-0.0491  	-0.0029  	-0.0045  	-0.0081  	0.00414  	0.04176  	0.01710  	-0.0213  	-0.0247  	-0.0021  	0.02619  	-0.1227  	0.06647  	0.00939  	-0.0453  	0.47432  	
-0.1847  	-0.1767  	0.15579  	-1.1345  	-0.8369  	-0.6387  	-0.1744  	-0.2431  	0.26523  	0.79358  	0.49861  	0.03535  	-0.1785  	-0.9790  	-0.0707  	0.92347  	-0.2581  	-0.1604  	0.25037  	0.72789  	0.27783  	-0.5273  	-0.4494  	-0.0011  	-0.5326  	-0.0189  	-0.2666  	0.26086  	-0.1677  	-0.0730  	-0.0218  	0.24700  	0.17742  	0.10218  	0.10037  	-0.0580  	0.18408  	-0.0557  	-0.1791  	0.76106  	0.13470  	-0.1025  	-0.0312  	0.02235  	-0.0256  	-0.0247  	-0.0146  	0.03553  	-0.0003  	0.02412  	0.02142  	-0.0216  	-0.0298  	0.00966  	-0.0500  	-0.0175  	-0.0064  	-0.0079  	-0.0075  	0.05348  	0.01429  	-0.0178  	-0.0126  	0.00820  	0.02469  	-0.1234  	0.06478  	0.01042  	-0.0463  	0.50380  	
-0.6368  	-0.3475  	-0.0198  	-1.6478  	-1.1170  	-0.9379  	-0.1867  	-0.3720  	0.17036  	0.90413  	0.87924  	-0.0138  	-0.3465  	-1.4103  	-0.5409  	0.86543  	-0.2591  	-0.0759  	0.27393  	0.80372  	0.13397  	-0.6094  	-0.4080  	-0.0741  	-0.5540  	0.00976  	-0.3708  	0.34712  	-0.1219  	-0.1470  	0.02654  	0.26128  	0.11848  	0.08694  	-0.0206  	0.06993  	0.14272  	-0.0338  	-0.1613  	0.67941  	0.21854  	-0.1073  	-0.0275  	0.03470  	-0.0264  	-0.0330  	-0.0278  	0.03886  	-0.0121  	0.00532  	0.00771  	-0.0163  	-0.0248  	0.00603  	-0.0411  	-0.0226  	0.00448  	0.00068  	-0.0090  	0.04356  	0.02363  	-0.0209  	-0.0095  	0.01203  	0.02373  	-0.1251  	0.06413  	0.01063  	-0.0471  	0.53267  	
-0.6966  	-0.3043  	0.05536  	-1.7783  	-1.2225  	-0.9595  	-0.1715  	-0.3749  	0.19266  	0.94997  	0.90866  	-0.1278  	-0.4027  	-1.3862  	-0.5232  	0.80382  	-0.2343  	-0.1771  	0.26878  	0.69528  	0.28272  	-0.5476  	-0.3159  	0.00284  	-0.5528  	0.02588  	-0.1979  	0.19888  	-0.2181  	-0.1269  	0.00258  	0.27128  	0.13167  	0.06364  	-0.0081  	0.01730  	0.27491  	-0.0092  	-0.2153  	0.69984  	0.24042  	-0.0745  	-0.0213  	0.05584  	-0.0263  	-0.0267  	-0.0051  	0.02238  	-0.0080  	0.00210  	-0.0026  	-0.0106  	-0.0349  	0.01831  	-0.0435  	-0.0327  	-0.0095  	-0.0076  	-0.0088  	0.03886  	0.02470  	-0.0156  	-0.0137  	0.01021  	0.02386  	-0.1278  	0.06582  	0.01057  	-0.0474  	0.54036  	
-0.5684  	-0.2457  	0.14142  	-1.7303  	-1.1907  	-0.8447  	-0.1751  	-0.3010  	0.22109  	0.86488  	0.81963  	-0.1133  	-0.3767  	-1.2911  	-0.4238  	0.81237  	-0.2057  	-0.2105  	0.24755  	0.66203  	0.32582  	-0.5054  	-0.2740  	0.04953  	-0.5813  	0.02496  	-0.1868  	0.11373  	-0.2752  	-0.1484  	-0.0005  	0.27029  	0.14186  	0.06119  	0.00337  	-0.0297  	0.31787  	0.00971  	-0.2253  	0.70276  	0.25408  	-0.0941  	-0.0284  	0.05749  	-0.0413  	-0.0276  	-0.0049  	0.02681  	-0.0136  	-0.0046  	-0.0145  	-0.0119  	-0.0291  	0.01799  	-0.0469  	-0.0414  	-0.0103  	-0.0081  	-0.0100  	0.04125  	0.02170  	-0.0169  	-0.0081  	0.01327  	0.02313  	-0.1311  	0.07027  	0.00989  	-0.0478  	0.54443  	
-0.3607  	-0.2332  	0.20480  	-1.5082  	-1.1150  	-0.6857  	-0.2139  	-0.2428  	0.25200  	0.83962  	0.66808  	0.00367  	-0.2735  	-1.1529  	-0.3106  	0.85220  	-0.2561  	-0.1501  	0.24168  	0.74834  	0.29073  	-0.4930  	-0.3469  	0.01777  	-0.5753  	0.01497  	-0.2441  	0.16427  	-0.2688  	-0.1416  	0.00929  	0.26728  	0.18099  	0.07389  	0.02710  	-0.0336  	0.24880  	-0.0001  	-0.1769  	0.72678  	0.18553  	-0.1051  	-0.0069  	0.03409  	-0.0488  	-0.0265  	-0.0155  	0.04196  	-0.0126  	-0.0002  	0.00370  	-0.0112  	-0.0280  	0.00824  	-0.0539  	-0.0318  	-0.0141  	-0.0022  	-0.0112  	0.03784  	0.02244  	-0.0196  	-0.0087  	0.00721  	0.02382  	-0.1349  	0.07545  	0.00936  	-0.0487  	0.56609  	
-0.2528  	-0.2148  	0.24557  	-1.1489  	-0.9356  	-0.5799  	-0.1842  	-0.1843  	0.27713  	0.73988  	0.55653  	0.06285  	-0.2427  	-1.0964  	-0.1204  	0.89828  	-0.2751  	-0.1499  	0.23757  	0.79394  	0.25112  	-0.5051  	-0.4377  	0.04093  	-0.5297  	-0.0149  	-0.2794  	0.26831  	-0.1848  	-0.1011  	-0.0141  	0.28044  	0.18130  	0.08433  	0.03738  	-0.0392  	0.21709  	0.00821  	-0.1427  	0.74535  	0.16560  	-0.1061  	0.00049  	0.04375  	-0.0479  	-0.0179  	-0.0145  	0.05413  	-0.0022  	-0.0081  	0.00641  	-0.0105  	-0.0267  	0.01952  	-0.0405  	-0.0339  	-0.0127  	-0.0053  	-0.0076  	0.04325  	0.01554  	-0.0310  	-0.0211  	0.00435  	0.02333  	-0.1378  	0.08002  	0.00840  	-0.0489  	0.58487  	
-0.0080  	-0.1400  	0.27700  	-0.9572  	-0.8367  	-0.4516  	-0.1953  	-0.1657  	0.26583  	0.73718  	0.55187  	0.03401  	-0.2299  	-1.0060  	0.03660  	0.95132  	-0.2257  	-0.2154  	0.26024  	0.68294  	0.35180  	-0.4932  	-0.4022  	0.08119  	-0.4542  	-0.0339  	-0.1355  	0.20726  	-0.2118  	-0.0456  	-0.0490  	0.31688  	0.15110  	0.07512  	0.12660  	-0.0716  	0.26909  	0.00533  	-0.1733  	0.73447  	0.13608  	-0.1090  	-0.0103  	0.04105  	-0.0419  	-0.0253  	-0.0220  	0.05179  	0.00553  	0.00213  	0.01249  	-0.0135  	-0.0277  	0.00929  	-0.0385  	-0.0220  	-0.0106  	-0.0003  	-0.0067  	0.04437  	0.00180  	-0.0272  	-0.0047  	0.00733  	0.02039  	-0.1400  	0.08296  	0.00759  	-0.0488  	0.58899  	
-0.0722  	-0.1668  	0.24802  	-1.0921  	-0.8580  	-0.5316  	-0.1727  	-0.1387  	0.27615  	0.73345  	0.64088  	0.06176  	-0.2253  	-0.9251  	-0.0221  	0.96077  	-0.2870  	-0.2580  	0.24537  	0.70806  	0.44567  	-0.4438  	-0.4333  	0.08010  	-0.4044  	-0.0392  	-0.0608  	0.10659  	-0.2534  	-0.0387  	-0.0836  	0.27719  	0.13385  	0.08668  	0.16038  	-0.0759  	0.33166  	0.00019  	-0.1924  	0.70071  	0.08906  	-0.0685  	-0.0327  	0.02656  	-0.0281  	-0.0318  	-0.0158  	0.03799  	0.00348  	-0.0022  	-0.0009  	-0.0185  	-0.0292  	0.01723  	-0.0534  	-0.0229  	-0.0034  	-0.0037  	-0.0131  	0.04043  	0.00536  	-0.0317  	-0.0113  	0.01068  	0.01376  	-0.1413  	0.08474  	0.00590  	-0.0475  	0.57019  	
-0.2249  	-0.2378  	0.16192  	-1.1213  	-0.8568  	-0.6302  	-0.2045  	-0.2185  	0.24217  	0.72863  	0.64247  	0.10767  	-0.2349  	-0.9745  	0.08373  	0.85171  	-0.2415  	-0.2615  	0.23768  	0.65777  	0.41314  	-0.4412  	-0.3878  	0.21077  	-0.5204  	-0.0056  	-0.0767  	0.05936  	-0.3658  	-0.0852  	-0.0244  	0.28996  	0.16638  	0.06852  	0.22151  	-0.1064  	0.37117  	-0.0051  	-0.2546  	0.69865  	0.06508  	-0.0507  	-0.0819  	0.02540  	-0.0387  	-0.0258  	0.00181  	0.01432  	-6.3975  	0.00044  	0.00210  	-0.0149  	-0.0257  	0.01175  	-0.0483  	-0.0279  	-0.0119  	-0.0059  	-0.0093  	0.04867  	0.01320  	-0.0175  	-0.0204  	0.00508  	0.00580  	-0.1427  	0.08537  	0.00442  	-0.0456  	0.54030  	
0.09666  	-0.1048  	0.39437  	-1.1334  	-0.9082  	-0.4787  	-0.1325  	-0.1413  	0.25896  	0.75424  	0.42211  	-0.0524  	-0.1048  	-0.7447  	0.27695  	0.77450  	-0.2173  	-0.3102  	0.21470  	0.54530  	0.44531  	-0.4053  	-0.3189  	0.16913  	-0.4763  	-0.0299  	0.02225  	-0.0659  	-0.3584  	-0.0698  	-0.0178  	0.28716  	0.17471  	0.06154  	0.20608  	-0.1271  	0.40487  	0.01778  	-0.2171  	0.72214  	0.07719  	-0.0720  	-0.0204  	0.04472  	-0.0394  	-0.0262  	-0.0172  	0.04734  	0.01243  	-0.0118  	-0.0058  	-0.0091  	-0.0228  	0.01322  	-0.0482  	-0.0116  	-0.0276  	-0.0208  	-0.0096  	0.04891  	0.02822  	-0.0131  	-0.0175  	0.00579  	-0.0028  	-0.1442  	0.08422  	0.00282  	-0.0442  	0.53198  	
0.19674  	-0.0782  	0.54533  	-1.2022  	-0.9504  	-0.4163  	-0.0656  	-0.0953  	0.28781  	0.80487  	0.35124  	-0.2074  	-0.0498  	-0.6019  	0.17503  	0.73403  	-0.2224  	-0.3352  	0.25113  	0.39420  	0.42639  	-0.3570  	-0.2717  	0.13916  	-0.4134  	-0.0532  	0.11843  	-0.1487  	-0.3013  	-0.0292  	0.03658  	0.29250  	0.16284  	0.06451  	0.19026  	-0.1156  	0.37779  	0.01186  	-0.2352  	0.71779  	0.07886  	-0.0766  	-0.0066  	0.05059  	-0.0611  	-0.0215  	-0.0255  	0.08049  	0.02606  	0.00774  	0.00280  	-0.0056  	-0.0249  	0.01610  	-0.0456  	-0.0082  	-0.0284  	-0.0122  	-0.0130  	0.05174  	0.01803  	-0.0092  	-0.0116  	-0.0038  	-0.0103  	-0.1443  	0.08251  	0.00192  	-0.0428  	0.52638  	
-0.2397  	-0.1180  	0.17433  	-1.4632  	-1.0689  	-0.7844  	-0.1564  	-0.1774  	0.22942  	0.79994  	0.66830  	-0.1438  	-0.2463  	-0.9137  	0.04357  	0.72534  	-0.1840  	-0.2816  	0.23437  	0.53897  	0.56326  	-0.5214  	-0.3453  	0.25853  	-0.5258  	-0.0487  	0.10228  	-0.1526  	-0.4148  	-0.1045  	0.00875  	0.29697  	0.11955  	0.04685  	0.26301  	-0.1192  	0.45065  	-0.0103  	-0.3051  	0.75698  	0.07250  	-0.0586  	-0.0651  	0.00048  	-0.0407  	-0.0190  	-0.0163  	0.03064  	-0.0100  	0.00905  	0.00631  	-0.0065  	-0.0438  	0.01725  	-0.0498  	-0.0131  	-0.0242  	-0.0218  	-0.0030  	0.03928  	0.01593  	-0.0063  	-0.0205  	0.00017  	-0.0174  	-0.1430  	0.08080  	0.00106  	-0.0422  	0.52207  	
-0.5198  	-0.2997  	0.15939  	-1.8543  	-1.2898  	-0.8136  	-0.2700  	-0.4219  	0.22334  	0.85466  	1.01890  	-0.1314  	-0.4109  	-1.3453  	-0.4511  	0.76554  	-0.1957  	-0.2340  	0.28116  	0.61945  	0.49325  	-0.5176  	-0.2528  	0.09494  	-0.5436  	0.00894  	-0.1236  	-0.0146  	-0.3843  	-0.1436  	0.02568  	0.28942  	0.14591  	0.06865  	0.06073  	-0.0186  	0.42400  	0.02053  	-0.2953  	0.67363  	0.20291  	-0.0950  	-0.0349  	0.02100  	-0.0161  	-0.0252  	-0.0068  	-0.0028  	-0.0247  	0.00809  	-0.0060  	-0.0203  	-0.0246  	0.02585  	-0.0517  	-0.0234  	-0.0220  	-0.0051  	-0.0113  	0.05182  	0.01815  	-0.0232  	-0.0226  	0.00578  	-0.0234  	-0.1406  	0.07935  	0.00050  	-0.0410  	0.50635  	
-0.3260  	-0.2240  	0.24311  	-1.5483  	-1.1267  	-0.6853  	-0.2059  	-0.2855  	0.21846  	0.84739  	0.79429  	-0.0382  	-0.3683  	-1.3013  	-0.3948  	0.93223  	-0.2390  	-0.1825  	0.26933  	0.71271  	0.33937  	-0.5297  	-0.3406  	0.04289  	-0.5623  	-0.0070  	-0.1746  	0.13390  	-0.2782  	-0.1320  	-0.0257  	0.29003  	0.15585  	0.06155  	0.04666  	-0.0062  	0.35922  	0.01375  	-0.2213  	0.72788  	0.20384  	-0.0932  	-0.0198  	0.05656  	-0.0393  	-0.0290  	-0.0052  	0.02273  	0.00083  	-0.0038  	-0.0068  	-0.0113  	-0.0288  	0.02148  	-0.0416  	-0.0319  	-0.0152  	-0.0089  	-0.0107  	0.04136  	0.01441  	-0.0242  	-0.0090  	0.00859  	-0.0286  	-0.1384  	0.07751  	-0.0002  	-0.0400  	0.50700  	
-0.3021  	-0.2140  	0.27148  	-1.4816  	-1.0873  	-0.7388  	-0.2093  	-0.2991  	0.24303  	0.89038  	0.82539  	-0.0089  	-0.3405  	-1.2564  	-0.4249  	0.96855  	-0.2783  	-0.1633  	0.25496  	0.76877  	0.33164  	-0.5296  	-0.4281  	-0.0029  	-0.5392  	-0.0176  	-0.2257  	0.22863  	-0.2460  	-0.1275  	-0.0190  	0.28495  	0.14888  	0.06233  	0.06993  	0.03977  	0.32732  	-0.0122  	-0.2092  	0.71574  	0.17994  	-0.0888  	-0.0163  	0.03832  	-0.0339  	-0.0217  	-0.0081  	0.03521  	0.00327  	0.00440  	0.01720  	-0.0155  	-0.0201  	0.01213  	-0.0407  	-0.0272  	-0.0082  	-0.0040  	-0.0062  	0.04821  	0.01246  	-0.0303  	-0.0032  	0.01059  	-0.0331  	-0.1351  	0.07569  	-0.0006  	-0.0394  	0.49642  	
-0.3495  	-0.2103  	0.19984  	-1.3160  	-0.9734  	-0.7114  	-0.2263  	-0.3104  	0.21542  	0.84082  	0.78347  	-0.0135  	-0.3806  	-1.2251  	-0.3823  	0.94587  	-0.2553  	-0.1929  	0.26628  	0.79910  	0.32023  	-0.5480  	-0.4686  	0.06417  	-0.4694  	-0.0234  	-0.1808  	0.25228  	-0.2718  	-0.0760  	-0.0644  	0.30309  	0.12895  	0.08047  	0.10791  	0.05803  	0.33204  	0.00261  	-0.1903  	0.70730  	0.13317  	-0.0841  	-0.0215  	0.02915  	-0.0294  	-0.0236  	-0.0186  	0.02433  	-0.0033  	-0.0086  	0.02369  	-0.0136  	-0.0234  	0.01017  	-0.0445  	-0.0229  	-0.0050  	-0.0035  	-0.0097  	0.04442  	0.01159  	-0.0343  	-0.0043  	0.00919  	-0.0365  	-0.1308  	0.07436  	-0.0005  	-0.0391  	0.50220  	
-0.2765  	-0.2184  	0.10533  	-1.0329  	-0.8071  	-0.6123  	-0.1667  	-0.2018  	0.25287  	0.73531  	0.57642  	0.07232  	-0.2859  	-1.0304  	-0.0648  	0.88713  	-0.2306  	-0.2194  	0.25980  	0.74974  	0.33131  	-0.5334  	-0.4753  	0.06673  	-0.4267  	-0.0151  	-0.1267  	0.26200  	-0.2066  	-0.0127  	-0.0597  	0.28646  	0.14216  	0.07716  	0.14178  	-0.0391  	0.25937  	-0.0120  	-0.1726  	0.72630  	0.07529  	-0.0582  	-0.0574  	0.01265  	-0.0279  	-0.0263  	-0.0132  	0.02410  	0.00369  	-0.0051  	0.00407  	-0.0138  	-0.0240  	0.01910  	-0.0463  	-0.0290  	0.00190  	-0.0068  	-0.0021  	0.04114  	0.01297  	-0.0229  	-0.0077  	0.01598  	-0.0448  	-0.1291  	0.07559  	-0.0008  	-0.0391  	0.51836  	
-0.4598  	-0.2683  	0.00775  	-1.1892  	-0.7798  	-0.7948  	-0.1360  	-0.2672  	0.24577  	0.83602  	0.72912  	0.14213  	-0.2062  	-1.0169  	-0.1199  	0.85662  	-0.2852  	-0.1966  	0.21273  	0.80530  	0.32386  	-0.5575  	-0.5277  	0.07342  	-0.5294  	-0.0209  	-0.1979  	0.30276  	-0.2073  	-0.0844  	-0.0371  	0.26052  	0.18935  	0.08941  	0.16933  	-0.0671  	0.20942  	-0.0533  	-0.2024  	0.73473  	0.08767  	-0.0546  	-0.0682  	0.01098  	-0.0228  	-0.0266  	-0.0044  	0.01376  	0.00061  	-0.0024  	0.01258  	-0.0157  	-0.0426  	0.01799  	-0.0488  	-0.0292  	-0.0018  	-0.0043  	-0.0014  	0.04315  	0.01805  	-0.0291  	-0.0144  	0.00096  	-0.0473  	-0.1268  	0.07583  	-0.0016  	-0.0383  	0.52189  	
-0.6801  	-0.3059  	0.01777  	-1.4271  	-0.9506  	-0.9350  	-0.1581  	-0.2018  	0.18007  	0.79353  	0.95490  	0.08166  	-0.2556  	-1.2239  	-0.2549  	0.68994  	-0.2134  	-0.3378  	0.26227  	0.58938  	0.41244  	-0.7823  	-0.7192  	0.08914  	-0.6486  	0.09976  	-0.2433  	0.19976  	-0.1471  	-0.1558  	0.11427  	0.16197  	0.09034  	-0.0718  	0.07037  	-0.0610  	0.12812  	-0.0693  	-0.3052  	0.62589  	0.18632  	0.10348  	-0.2202  	0.05725  	-0.0717  	-0.0144  	-0.0294  	0.02697  	-0.0077  	-0.0032  	0.01578  	-0.0118  	-0.0325  	0.03428  	-0.0404  	-0.0293  	-0.0025  	-0.0198  	-0.0058  	0.05203  	0.02134  	-0.0244  	-0.0320  	0.01074  	-0.0442  	-0.1240  	0.07524  	-0.0027  	-0.0372  	0.51717  	
-0.5866  	-0.2913  	0.07178  	-1.4062  	-0.9064  	-1.0959  	-0.2154  	-0.1083  	0.18766  	0.74906  	1.07042  	0.13071  	-0.1821  	-1.2190  	-0.0931  	0.57307  	-0.1355  	-0.5090  	0.34347  	0.32353  	0.55708  	-1.0075  	-0.8991  	0.13731  	-0.7353  	0.18946  	-0.2272  	0.07206  	-0.1901  	-0.2025  	0.22049  	0.13808  	0.04162  	-0.2176  	0.05064  	-0.1406  	0.13971  	-0.0481  	-0.4256  	0.53991  	0.25843  	0.19704  	-0.3107  	0.13200  	-0.1229  	0.02238  	-0.0444  	0.05054  	-0.0435  	-0.0088  	0.00176  	-0.0090  	-0.0347  	0.03901  	-0.0448  	-0.0331  	-0.0111  	-0.0234  	-0.0090  	0.05189  	0.02765  	-0.0295  	-0.0527  	7.48671  	-0.0370  	-0.1201  	0.07513  	-0.0041  	-0.0356  	0.50755  	
-0.2859  	-0.1642  	0.32070  	-1.2787  	-0.9460  	-0.8962  	-0.2004  	-0.0311  	0.22962  	0.80958  	0.77672  	0.12513  	-0.0993  	-0.9583  	0.10638  	0.69228  	-0.0885  	-0.5635  	0.37619  	0.21578  	0.60465  	-0.9893  	-0.9670  	0.15140  	-0.7883  	0.21258  	-0.2333  	-0.0810  	-0.1904  	-0.1773  	0.23214  	0.15570  	0.00310  	-0.2602  	-0.0361  	-0.2131  	0.09691  	-0.0264  	-0.4241  	0.60162  	0.28103  	0.20479  	-0.2953  	0.17210  	-0.1466  	0.02370  	-0.0514  	0.08153  	-0.0336  	-0.0070  	-0.0059  	-0.0083  	-0.0368  	0.04928  	-0.0551  	-0.0425  	-0.0231  	-0.0317  	-0.0242  	0.05923  	0.02129  	-0.0257  	-0.0667  	0.00414  	-0.0252  	-0.1169  	0.07506  	-0.0051  	-0.0340  	0.48823  	
-0.0238  	-0.0421  	0.47702  	-1.2187  	-0.9720  	-0.5880  	-0.2058  	0.00345  	0.27500  	0.69880  	0.53404  	0.00067  	-0.0346  	-0.8509  	0.31268  	0.66635  	-0.0522  	-0.5374  	0.34314  	0.18398  	0.54922  	-0.8751  	-0.7996  	0.08757  	-0.6622  	0.16932  	-0.1275  	-0.1157  	-0.1784  	-0.1201  	0.20533  	0.17055  	0.04017  	-0.2194  	0.00820  	-0.2211  	0.17796  	0.00091  	-0.4182  	0.56829  	0.27622  	0.15586  	-0.2242  	0.18955  	-0.1510  	0.00803  	-0.0540  	0.09076  	-0.0158  	-0.0217  	-0.0053  	-0.0042  	-0.0318  	0.04388  	-0.0365  	-0.0243  	-0.0291  	-0.0321  	-0.0113  	0.06121  	0.03170  	-0.0148  	-0.0466  	0.00103  	-0.0111  	-0.1135  	0.07438  	-0.0060  	-0.0325  	0.47337  	
0.06552  	-0.0596  	0.42333  	-1.1750  	-0.9688  	-0.6016  	-0.1701  	-0.1075  	0.26885  	0.73684  	0.61936  	-0.0947  	-0.1391  	-0.9966  	0.13478  	0.73733  	-0.1177  	-0.5009  	0.33129  	0.29796  	0.61478  	-0.6857  	-0.5518  	0.15618  	-0.5502  	0.07502  	0.01878  	-0.2176  	-0.3464  	-0.1254  	0.09188  	0.26430  	0.07256  	-0.1107  	0.14127  	-0.1382  	0.35128  	0.04002  	-0.3617  	0.60681  	0.18675  	0.06300  	-0.1326  	0.12542  	-0.1104  	0.00026  	-0.0450  	0.07552  	-0.0001  	-0.0089  	0.00211  	-0.0014  	-0.0209  	0.04383  	-0.0377  	-0.0212  	-0.0227  	-0.0258  	-0.0094  	0.05432  	0.02148  	-0.0077  	-0.0318  	0.00132  	0.00453  	-0.1106  	0.07355  	-0.0064  	-0.0314  	0.45633  	
-0.3102  	-0.1881  	0.24363  	-1.5581  	-1.1820  	-0.6694  	-0.2410  	-0.2690  	0.24227  	0.85386  	0.91638  	-0.0131  	-0.3407  	-1.1973  	-0.4470  	0.95346  	-0.2382  	-0.1895  	0.25505  	0.76657  	0.39277  	-0.5739  	-0.3968  	0.05908  	-0.5941  	0.00924  	-0.2268  	0.09150  	-0.3479  	-0.1674  	0.02573  	0.28947  	0.19702  	0.07922  	0.07610  	-0.0332  	0.34496  	0.01566  	-0.2081  	0.69938  	0.21586  	-0.1057  	0.00391  	0.03626  	-0.0270  	-0.0219  	-0.0004  	0.03261  	-0.0127  	0.01176  	0.00406  	-0.0137  	-0.0226  	0.02514  	-0.0533  	-0.0223  	-0.0222  	-0.0160  	-0.0127  	0.04491  	0.01391  	-0.0132  	-0.0097  	0.00772  	0.02013  	-0.1079  	0.07299  	-0.0070  	-0.0310  	0.44144  	
-0.6127  	-0.2792  	0.11060  	-1.7130  	-1.2198  	-0.9171  	-0.1757  	-0.3553  	0.21824  	0.92247  	0.94838  	-0.0947  	-0.3777  	-1.2872  	-0.5937  	0.81619  	-0.2597  	-0.1631  	0.23652  	0.78574  	0.30268  	-0.5593  	-0.4083  	0.05854  	-0.5085  	-0.0119  	-0.2021  	0.22499  	-0.2469  	-0.1365  	-0.0077  	0.27235  	0.14209  	0.06986  	0.04737  	0.05599  	0.29645  	-0.0177  	-0.2083  	0.68187  	0.20405  	-0.0884  	-0.0247  	0.03559  	-0.0279  	-0.0309  	-0.0056  	0.02366  	0.00019  	0.00535  	0.00769  	-0.0142  	-0.0236  	0.01730  	-0.0374  	-0.0284  	-0.0109  	0.00095  	-0.0045  	0.04529  	0.01739  	-0.0173  	-0.0078  	0.01184  	0.03472  	-0.1062  	0.07230  	-0.0076  	-0.0310  	0.43218  	
-0.7803  	-0.3158  	-0.0013  	-1.8345  	-1.2596  	-1.0621  	-0.2035  	-0.3684  	0.17583  	0.97618  	0.96902  	-0.1086  	-0.3717  	-1.3405  	-0.5699  	0.71780  	-0.2753  	-0.1654  	0.26063  	0.73163  	0.27484  	-0.5202  	-0.3388  	-0.0237  	-0.5615  	0.02891  	-0.2498  	0.19165  	-0.2372  	-0.1597  	0.03737  	0.26064  	0.15602  	0.06819  	-0.0218  	0.03658  	0.27220  	-0.0103  	-0.1941  	0.66819  	0.22270  	-0.0879  	-0.0258  	0.03675  	-0.0237  	-0.0277  	-0.0119  	0.02612  	-0.0182  	0.00729  	-0.0070  	-0.0096  	-0.0263  	0.01660  	-0.0430  	-0.0393  	-0.0085  	-0.0032  	-0.0057  	0.04703  	0.02193  	-0.0175  	-0.0128  	0.00677  	0.04595  	-0.1048  	0.07104  	-0.0079  	-0.0314  	0.42365  	
-0.7341  	-0.3005  	0.07948  	-1.8813  	-1.2798  	-0.9868  	-0.1880  	-0.3805  	0.17561  	0.93830  	0.96491  	-0.1603  	-0.3914  	-1.3960  	-0.5897  	0.76280  	-0.2541  	-0.1870  	0.26027  	0.73930  	0.28044  	-0.5366  	-0.2890  	-0.0105  	-0.5529  	0.02912  	-0.2397  	0.18981  	-0.2338  	-0.1569  	0.02224  	0.26650  	0.14256  	0.07275  	-0.0225  	0.02875  	0.32458  	0.00148  	-0.2026  	0.66575  	0.22573  	-0.0912  	-0.0263  	0.05258  	-0.0255  	-0.0284  	-0.0042  	0.01851  	-0.0194  	0.01000  	-0.0064  	-0.0077  	-0.0256  	0.01575  	-0.0466  	-0.0356  	-0.0107  	-0.0029  	-0.0090  	0.04311  	0.02221  	-0.0168  	-0.0091  	0.00830  	0.05352  	-0.1040  	0.06993  	-0.0079  	-0.0319  	0.41679  	
-0.6936  	-0.2524  	0.14711  	-1.7578  	-1.2187  	-0.8867  	-0.2227  	-0.3168  	0.22386  	0.87768  	0.81620  	-0.0944  	-0.3775  	-1.3334  	-0.4479  	0.80310  	-0.2262  	-0.1847  	0.26401  	0.67539  	0.25738  	-0.5108  	-0.2337  	-0.0163  	-0.6038  	0.03913  	-0.2577  	0.18883  	-0.2213  	-0.1586  	0.01839  	0.25923  	0.15127  	0.07558  	-0.0595  	-0.0253  	0.28504  	0.00025  	-0.1788  	0.69171  	0.25348  	-0.0922  	-0.0101  	0.06169  	-0.0414  	-0.0322  	-0.0037  	0.02807  	-0.0028  	0.00263  	-0.0053  	-0.0092  	-0.0322  	0.01950  	-0.0407  	-0.0389  	-0.0106  	-0.0064  	-0.0049  	0.04015  	0.02036  	-0.0138  	-0.0048  	0.01699  	0.05462  	-0.1036  	0.06971  	-0.0079  	-0.0325  	0.42427  	
-0.5034  	-0.2422  	0.18307  	-1.5998  	-1.1494  	-0.8294  	-0.2430  	-0.2862  	0.23934  	0.84540  	0.82794  	-0.0313  	-0.3518  	-1.2914  	-0.4456  	0.85457  	-0.2327  	-0.1981  	0.25654  	0.72675  	0.34913  	-0.5575  	-0.2695  	0.03888  	-0.6209  	0.02125  	-0.2338  	0.19375  	-0.2624  	-0.1595  	0.00527  	0.27917  	0.16614  	0.06290  	0.01627  	-0.0273  	0.32592  	0.00482  	-0.2207  	0.69069  	0.21389  	-0.0987  	-0.0193  	0.03931  	-0.0356  	-0.0265  	-0.0052  	0.02907  	-0.0113  	0.00116  	-0.0094  	-0.0156  	-0.0261  	0.01394  	-0.0481  	-0.0397  	-0.0079  	-0.0057  	-0.0075  	0.03760  	0.02050  	-0.0173  	0.00031  	0.01132  	0.04812  	-0.1066  	0.07166  	-0.0088  	-0.0332  	0.42751  	
-0.3410  	-0.2157  	0.23118  	-1.5462  	-1.1168  	-0.7530  	-0.1951  	-0.2475  	0.25019  	0.87398  	0.83433  	-0.0370  	-0.3186  	-1.2362  	-0.4137  	0.89574  	-0.2727  	-0.1693  	0.24337  	0.75539  	0.31915  	-0.5582  	-0.3490  	0.00118  	-0.6059  	0.00259  	-0.2552  	0.20922  	-0.2469  	-0.1668  	0.00201  	0.27863  	0.16785  	0.07383  	0.05640  	-0.0027  	0.31894  	0.00171  	-0.2184  	0.69982  	0.19996  	-0.0933  	-0.0218  	0.03295  	-0.0357  	-0.0302  	-0.0022  	0.02933  	-0.0056  	9.64123  	0.00306  	-0.0147  	-0.0269  	0.01640  	-0.0458  	-0.0320  	-0.0071  	-0.0083  	-0.0096  	0.03802  	0.01773  	-0.0208  	-0.0007  	0.01341  	0.04692  	-0.1087  	0.07134  	-0.0096  	-0.0334  	0.42891  	
-0.2397  	-0.2072  	0.29857  	-1.4504  	-1.0791  	-0.7105  	-0.1816  	-0.2639  	0.24963  	0.88447  	0.88857  	-0.0387  	-0.3439  	-1.2280  	-0.3794  	0.97223  	-0.2941  	-0.1701  	0.23988  	0.77494  	0.36254  	-0.5629  	-0.4089  	0.02548  	-0.5470  	-0.0207  	-0.2050  	0.18963  	-0.2827  	-0.1365  	-0.0418  	0.30710  	0.15836  	0.07273  	0.12943  	0.02047  	0.35125  	0.01271  	-0.2385  	0.69142  	0.16211  	-0.0895  	-0.0302  	0.02893  	-0.0365  	-0.0309  	-0.0054  	0.02701  	-0.0013  	-0.0013  	0.01214  	-0.0158  	-0.0234  	0.01693  	-0.0397  	-0.0286  	-0.0068  	-0.0066  	-0.0102  	0.04184  	0.01381  	-0.0264  	-0.0021  	0.01246  	0.04641  	-0.1118  	0.07052  	-0.0106  	-0.0333  	0.42914  	
-0.1909  	-0.2253  	0.28502  	-1.4288  	-1.0746  	-0.6652  	-0.1764  	-0.2807  	0.23133  	0.87216  	0.91116  	-0.0525  	-0.3429  	-1.2458  	-0.3625  	1.00227  	-0.3041  	-0.1710  	0.23830  	0.76338  	0.36275  	-0.5518  	-0.4468  	0.02316  	-0.5068  	-0.0419  	-0.1789  	0.20332  	-0.2903  	-0.1155  	-0.0416  	0.31635  	0.14685  	0.07451  	0.16329  	0.04991  	0.35231  	0.02098  	-0.2427  	0.68723  	0.15007  	-0.0777  	-0.0303  	0.02576  	-0.0320  	-0.0271  	-0.0119  	0.02301  	-0.0039  	-0.0020  	0.01341  	-0.0143  	-0.0217  	0.01729  	-0.0388  	-0.0283  	-0.0022  	-0.0038  	-0.0076  	0.04165  	0.01281  	-0.0286  	0.00343  	0.01335  	0.04574  	-0.1147  	0.06956  	-0.0115  	-0.0339  	0.43975  	
-0.1816  	-0.2310  	0.29060  	-1.4618  	-1.0855  	-0.6705  	-0.1594  	-0.3023  	0.21481  	0.84769  	0.87621  	-0.0684  	-0.3464  	-1.2357  	-0.3466  	0.97844  	-0.2886  	-0.1989  	0.24664  	0.72424  	0.37365  	-0.5400  	-0.3961  	0.04598  	-0.5151  	-0.0470  	-0.1555  	0.14986  	-0.3063  	-0.1299  	-0.0422  	0.32279  	0.13271  	0.06600  	0.15807  	0.05204  	0.38138  	0.02475  	-0.2547  	0.70429  	0.16561  	-0.0689  	-0.0316  	0.02663  	-0.0364  	-0.0260  	-0.0138  	0.02301  	-0.0012  	-0.0003  	0.00637  	-0.0139  	-0.0226  	0.01835  	-0.0394  	-0.0283  	-0.0035  	-0.0059  	-0.0058  	0.04360  	0.01208  	-0.0226  	-0.0005  	0.01329  	0.04543  	-0.1191  	0.06846  	-0.0122  	-0.0346  	0.44815  	
-0.1938  	-0.2115  	0.26754  	-1.4595  	-1.0858  	-0.6412  	-0.1629  	-0.3136  	0.19132  	0.80249  	0.84917  	-0.0781  	-0.3517  	-1.2039  	-0.2946  	0.89211  	-0.2705  	-0.1990  	0.24290  	0.71021  	0.41045  	-0.5309  	-0.3776  	0.06125  	-0.5425  	-0.0369  	-0.1484  	0.10897  	-0.3158  	-0.1480  	-0.0304  	0.31604  	0.13230  	0.06846  	0.17435  	0.02876  	0.39142  	0.02579  	-0.2565  	0.70186  	0.16901  	-0.0682  	-0.0380  	0.02986  	-0.0332  	-0.0268  	-0.0065  	0.01309  	-0.0058  	0.00115  	0.00826  	-0.0123  	-0.0173  	0.01884  	-0.0404  	-0.0271  	-0.0053  	-0.0051  	-0.0096  	0.04716  	0.01450  	-0.0219  	-0.0068  	0.01212  	0.04515  	-0.1217  	0.06693  	-0.0126  	-0.0353  	0.45559  	
-0.1462  	-0.1727  	0.30316  	-1.4112  	-1.1132  	-0.6067  	-0.1681  	-0.2500  	0.21151  	0.73226  	0.86091  	-0.0795  	-0.3578  	-1.1616  	-0.1621  	0.87371  	-0.2586  	-0.2411  	0.25411  	0.67557  	0.52849  	-0.5231  	-0.3435  	0.11556  	-0.5586  	-0.0326  	-0.1233  	0.00561  	-0.4031  	-0.1540  	-0.0254  	0.33640  	0.14660  	0.06445  	0.20010  	-0.0451  	0.44668  	0.05479  	-0.2761  	0.67786  	0.16540  	-0.0800  	-0.0470  	0.02507  	-0.0382  	-0.0214  	-0.0053  	0.01947  	-0.0125  	0.00410  	-0.0089  	-0.0059  	-0.0215  	0.02479  	-0.0411  	-0.0315  	-0.0119  	-0.0101  	-0.0130  	0.04388  	0.02157  	-0.0214  	-0.0103  	0.00759  	0.04478  	-0.1246  	0.06551  	-0.0131  	-0.0356  	0.45592  	
-0.0168  	-0.1073  	0.38808  	-1.3656  	-1.1166  	-0.5826  	-0.1717  	-0.1487  	0.28634  	0.68576  	0.89424  	-0.0511  	-0.3038  	-1.0040  	-0.0503  	0.92065  	-0.2401  	-0.2742  	0.23778  	0.60044  	0.63847  	-0.5264  	-0.3244  	0.15154  	-0.5949  	-0.0383  	-0.0540  	-0.1141  	-0.5187  	-0.1661  	-0.0302  	0.34289  	0.16997  	0.06547  	0.26858  	-0.1348  	0.52837  	0.08675  	-0.3222  	0.64931  	0.14516  	-0.0754  	-0.0335  	0.01704  	-0.0444  	-0.0203  	-0.0092  	0.02007  	-0.0091  	0.01133  	-0.0168  	-0.0050  	-0.0203  	0.02784  	-0.0405  	-0.0254  	-0.0223  	-0.0116  	-0.0113  	0.04443  	0.02516  	-0.0138  	-0.0161  	0.00443  	0.04416  	-0.1260  	0.06443  	-0.0134  	-0.0364  	0.45764  	
0.02816  	-0.0798  	0.41028  	-1.3221  	-1.1288  	-0.5376  	-0.1686  	-0.0840  	0.32870  	0.65114  	0.89167  	-0.0419  	-0.2773  	-0.9389  	-0.0096  	0.93279  	-0.2192  	-0.3127  	0.23882  	0.57062  	0.68826  	-0.5166  	-0.2798  	0.16990  	-0.6164  	-0.0405  	-0.0078  	-0.1691  	-0.5767  	-0.1647  	-0.0279  	0.34574  	0.18684  	0.05789  	0.28356  	-0.1874  	0.56593  	0.09678  	-0.3396  	0.62291  	0.12072  	-0.0892  	-0.0328  	0.02488  	-0.0492  	-0.0211  	-0.0095  	0.01781  	-0.0043  	0.00851  	-0.0179  	-0.0082  	-0.0231  	0.02737  	-0.0451  	-0.0180  	-0.0240  	-0.0109  	-0.0155  	0.04396  	0.02535  	-0.0129  	-0.0145  	0.00307  	0.04304  	-0.1277  	0.06359  	-0.0138  	-0.0374  	0.46552  	
0.08238  	-0.0630  	0.47606  	-1.2900  	-1.1198  	-0.4685  	-0.1676  	-0.0293  	0.36528  	0.64348  	0.87379  	0.00940  	-0.2600  	-0.8937  	0.03775  	0.98425  	-0.2070  	-0.3343  	0.23830  	0.57051  	0.72110  	-0.4917  	-0.2321  	0.18375  	-0.6246  	-0.0344  	0.00799  	-0.1843  	-0.5988  	-0.1541  	-0.0259  	0.34167  	0.19784  	0.06099  	0.27355  	-0.2077  	0.58870  	0.10688  	-0.3185  	0.60987  	0.10060  	-0.0859  	-0.0266  	0.02567  	-0.0464  	-0.0235  	-0.0115  	0.03147  	0.00091  	0.00572  	-0.0158  	-0.0065  	-0.0221  	0.02891  	-0.0465  	-0.0131  	-0.0264  	-0.0084  	-0.0145  	0.04950  	0.02429  	-0.0111  	-0.0112  	0.00787  	0.04053  	-0.1280  	0.06302  	-0.0140  	-0.0374  	0.45935  	
0.08238  	-0.0630  	0.47606  	-1.2900  	-1.1198  	-0.4685  	-0.1676  	-0.0293  	0.36528  	0.64348  	0.87379  	0.00940  	-0.2600  	-0.8937  	0.03775  	0.98425  	-0.2070  	-0.3343  	0.23830  	0.57051  	0.72110  	-0.4917  	-0.2321  	0.18375  	-0.6246  	-0.0344  	0.00799  	-0.1843  	-0.5988  	-0.1541  	-0.0259  	0.34167  	0.19784  	0.06099  	0.27355  	-0.2077  	0.58870  	0.10688  	-0.3185  	0.60987  	0.10060  	-0.0859  	-0.0266  	0.02567  	-0.0464  	-0.0235  	-0.0115  	0.03147  	0.00091  	0.00572  	-0.0158  	-0.0065  	-0.0221  	0.02891  	-0.0465  	-0.0131  	-0.0264  	-0.0084  	-0.0145  	0.04950  	0.02429  	-0.0111  	-0.0112  	0.00787  	0.03842  	-0.1291  	0.06294  	-0.0141  	-0.0367  	0.44617  	
0.08238  	-0.0630  	0.47606  	-1.2900  	-1.1198  	-0.4685  	-0.1676  	-0.0293  	0.36528  	0.64348  	0.87379  	0.00940  	-0.2600  	-0.8937  	0.03775  	0.98425  	-0.2070  	-0.3343  	0.23830  	0.57051  	0.72110  	-0.4917  	-0.2321  	0.18375  	-0.6246  	-0.0344  	0.00799  	-0.1843  	-0.5988  	-0.1541  	-0.0259  	0.34167  	0.19784  	0.06099  	0.27355  	-0.2077  	0.58870  	0.10688  	-0.3185  	0.60987  	0.10060  	-0.0859  	-0.0266  	0.02567  	-0.0464  	-0.0235  	-0.0115  	0.03147  	0.00091  	0.00572  	-0.0158  	-0.0065  	-0.0221  	0.02891  	-0.0465  	-0.0131  	-0.0264  	-0.0084  	-0.0145  	0.04950  	0.02429  	-0.0111  	-0.0112  	0.00787  	0.03548  	-0.1295  	0.06285  	-0.0145  	-0.0364  	0.45000  	
0.08238  	-0.0630  	0.47606  	-1.2900  	-1.1198  	-0.4685  	-0.1676  	-0.0293  	0.36528  	0.64348  	0.87379  	0.00940  	-0.2600  	-0.8937  	0.03775  	0.98425  	-0.2070  	-0.3343  	0.23830  	0.57051  	0.72110  	-0.4917  	-0.2321  	0.18375  	-0.6246  	-0.0344  	0.00799  	-0.1843  	-0.5988  	-0.1541  	-0.0259  	0.34167  	0.19784  	0.06099  	0.27355  	-0.2077  	0.58870  	0.10688  	-0.3185  	0.60987  	0.10060  	-0.0859  	-0.0266  	0.02567  	-0.0464  	-0.0235  	-0.0115  	0.03147  	0.00091  	0.00572  	-0.0158  	-0.0065  	-0.0221  	0.02891  	-0.0465  	-0.0131  	-0.0264  	-0.0084  	-0.0145  	0.04950  	0.02429  	-0.0111  	-0.0112  	0.00787  	0.03317  	-0.1307  	0.06308  	-0.0148  	-0.0363  	0.44582  	
0.08238  	-0.0630  	0.47606  	-1.2900  	-1.1198  	-0.4685  	-0.1676  	-0.0293  	0.36528  	0.64348  	0.87379  	0.00940  	-0.2600  	-0.8937  	0.03775  	0.98425  	-0.2070  	-0.3343  	0.23830  	0.57051  	0.72110  	-0.4917  	-0.2321  	0.18375  	-0.6246  	-0.0344  	0.00799  	-0.1843  	-0.5988  	-0.1541  	-0.0259  	0.34167  	0.19784  	0.06099  	0.27355  	-0.2077  	0.58870  	0.10688  	-0.3185  	0.60987  	0.10060  	-0.0859  	-0.0266  	0.02567  	-0.0464  	-0.0235  	-0.0115  	0.03147  	0.00091  	0.00572  	-0.0158  	-0.0065  	-0.0221  	0.02891  	-0.0465  	-0.0131  	-0.0264  	-0.0084  	-0.0145  	0.04950  	0.02429  	-0.0111  	-0.0112  	0.00787  	0.03112  	-0.1302  	0.06355  	-0.0148  	-0.0357  	0.43710  	
0.08238  	-0.0630  	0.47606  	-1.2900  	-1.1198  	-0.4685  	-0.1676  	-0.0293  	0.36528  	0.64348  	0.87379  	0.00940  	-0.2600  	-0.8937  	0.03775  	0.98425  	-0.2070  	-0.3343  	0.23830  	0.57051  	0.72110  	-0.4917  	-0.2321  	0.18375  	-0.6246  	-0.0344  	0.00799  	-0.1843  	-0.5988  	-0.1541  	-0.0259  	0.34167  	0.19784  	0.06099  	0.27355  	-0.2077  	0.58870  	0.10688  	-0.3185  	0.60987  	0.10060  	-0.0859  	-0.0266  	0.02567  	-0.0464  	-0.0235  	-0.0115  	0.03147  	0.00091  	0.00572  	-0.0158  	-0.0065  	-0.0221  	0.02891  	-0.0465  	-0.0131  	-0.0264  	-0.0084  	-0.0145  	0.04950  	0.02429  	-0.0111  	-0.0112  	0.00787  	0.03058  	-0.1305  	0.06395  	-0.0150  	-0.0352  	0.43506  	
0.08238  	-0.0630  	0.47606  	-1.2900  	-1.1198  	-0.4685  	-0.1676  	-0.0293  	0.36528  	0.64348  	0.87379  	0.00940  	-0.2600  	-0.8937  	0.03775  	0.98425  	-0.2070  	-0.3343  	0.23830  	0.57051  	0.72110  	-0.4917  	-0.2321  	0.18375  	-0.6246  	-0.0344  	0.00799  	-0.1843  	-0.5988  	-0.1541  	-0.0259  	0.34167  	0.19784  	0.06099  	0.27355  	-0.2077  	0.58870  	0.10688  	-0.3185  	0.60987  	0.10060  	-0.0859  	-0.0266  	0.02567  	-0.0464  	-0.0235  	-0.0115  	0.03147  	0.00091  	0.00572  	-0.0158  	-0.0065  	-0.0221  	0.02891  	-0.0465  	-0.0131  	-0.0264  	-0.0084  	-0.0145  	0.04950  	0.02429  	-0.0111  	-0.0112  	0.00787  	0.03175  	-0.1301  	0.06433  	-0.0151  	-0.0361  	0.44282  	
0.14781  	-0.0967  	0.53668  	-1.2560  	-1.0600  	-0.4173  	-0.1629  	-0.0520  	0.35129  	0.72484  	0.75173  	-0.0339  	-0.2081  	-0.8759  	-0.0686  	1.00060  	-0.2154  	-0.3000  	0.23769  	0.59526  	0.61676  	-0.4949  	-0.3070  	0.12532  	-0.5365  	-0.0444  	0.00035  	-0.0893  	-0.4956  	-0.1239  	-0.0130  	0.33122  	0.18510  	0.06122  	0.22532  	-0.1558  	0.51360  	0.05714  	-0.2762  	0.64875  	0.10507  	-0.0910  	0.00417  	0.04283  	-0.0367  	-0.0236  	-0.0191  	0.04665  	0.01826  	0.00225  	-0.0090  	-0.0115  	-0.0241  	0.02109  	-0.0409  	-0.0098  	-0.0286  	-0.0140  	-0.0123  	0.05284  	0.02772  	-0.0129  	-0.0030  	0.01175  	0.03439  	-0.1295  	0.06465  	-0.0155  	-0.0371  	0.45308  	
0.20213  	-0.0704  	0.50508  	-1.2491  	-0.9961  	-0.5032  	-0.1140  	-0.1431  	0.31844  	0.86645  	0.52525  	-0.1719  	-0.1105  	-0.7826  	0.03787  	0.79785  	-0.2188  	-0.2717  	0.23859  	0.57314  	0.43772  	-0.4227  	-0.3289  	0.09457  	-0.3731  	-0.0676  	0.01651  	-0.0672  	-0.3333  	-0.0535  	-0.0134  	0.28901  	0.15648  	0.07213  	0.15897  	-0.0760  	0.38091  	0.01564  	-0.2006  	0.72965  	0.10702  	-0.0871  	-0.0025  	0.05651  	-0.0499  	-0.0184  	-0.0329  	0.07329  	0.02560  	-0.0049  	0.00493  	-0.0168  	-0.0271  	0.01335  	-0.0433  	-0.0012  	-0.0240  	-0.0151  	-0.0119  	0.05607  	0.02419  	-0.0182  	-0.0100  	0.00342  	0.03746  	-0.1265  	0.06480  	-0.0155  	-0.0376  	0.44685  	
-0.0702  	-0.1381  	0.31464  	-1.3010  	-0.9955  	-0.6985  	-0.1157  	-0.1874  	0.24747  	0.85044  	0.61742  	-0.2352  	-0.1821  	-0.7861  	0.09550  	0.72035  	-0.2337  	-0.3343  	0.24375  	0.59458  	0.48769  	-0.4302  	-0.3511  	0.19245  	-0.3840  	-0.0610  	0.10497  	-0.1451  	-0.3939  	-0.0478  	-0.0290  	0.31611  	0.15439  	0.05936  	0.27230  	-0.1067  	0.42554  	-0.0052  	-0.2831  	0.73510  	0.07161  	-0.0462  	-0.0466  	0.03662  	-0.0436  	-0.0285  	-0.0107  	0.04180  	0.00536  	-0.0060  	0.00022  	-0.0063  	-0.0360  	0.01735  	-0.0515  	-0.0183  	-0.0242  	-0.0165  	-0.0103  	0.05113  	0.02214  	-0.0177  	-0.0205  	0.00056  	0.04054  	-0.1236  	0.06526  	-0.0156  	-0.0377  	0.43077  	
-0.2969  	-0.2486  	0.21878  	-1.1046  	-0.9373  	-0.5622  	-0.2360  	-0.2296  	0.22216  	0.69265  	0.65325  	-0.0214  	-0.2911  	-1.0996  	-0.0818  	0.94073  	-0.2038  	-0.2399  	0.27199  	0.69298  	0.40425  	-0.5142  	-0.3938  	0.15047  	-0.5072  	-0.0186  	-0.1071  	0.10417  	-0.2918  	-0.0719  	-0.0540  	0.29109  	0.12687  	0.06284  	0.18167  	-0.0665  	0.39450  	-0.0074  	-0.2364  	0.69109  	0.06997  	-0.0754  	-0.0649  	0.01922  	-0.0139  	-0.0200  	-0.0129  	0.03318  	-0.0090  	0.01747  	0.00036  	-0.0133  	-0.0285  	0.00930  	-0.0493  	-0.0264  	-0.0107  	-0.0132  	-0.0104  	0.03412  	0.00725  	-0.0255  	-0.0192  	-0.0010  	0.04230  	-0.1200  	0.06547  	-0.0154  	-0.0381  	0.42984  	
-0.2144  	-0.2509  	0.15601  	-0.9591  	-0.8443  	-0.5194  	-0.2460  	-0.1822  	0.23129  	0.72980  	0.62086  	0.05043  	-0.2474  	-1.0511  	-0.0173  	0.93146  	-0.2667  	-0.1931  	0.26281  	0.78310  	0.29952  	-0.5093  	-0.5027  	0.09237  	-0.4514  	-0.0161  	-0.1526  	0.23877  	-0.1944  	-0.0353  	-0.0600  	0.27675  	0.15505  	0.07748  	0.16797  	-0.0578  	0.27875  	-0.0054  	-0.1997  	0.72707  	0.07173  	-0.0852  	-0.0587  	0.00931  	-0.0254  	-0.0221  	-0.0114  	0.03511  	-0.0034  	0.00724  	0.01659  	-0.0096  	-0.0273  	0.01292  	-0.0325  	-0.0219  	-0.0123  	-0.0107  	-0.0069  	0.04704  	0.00443  	-0.0355  	-0.0084  	0.00228  	0.04099  	-0.1182  	0.06590  	-0.0152  	-0.0388  	0.44168  	
0.04059  	-0.1467  	0.21501  	-0.9317  	-0.7595  	-0.4841  	-0.1668  	-0.0957  	0.26894  	0.77085  	0.62725  	0.06277  	-0.1701  	-0.8802  	0.04559  	1.02927  	-0.2683  	-0.2347  	0.24698  	0.71862  	0.35047  	-0.4673  	-0.4897  	0.08116  	-0.4145  	-0.0357  	-0.1199  	0.17222  	-0.2032  	0.01111  	-0.0980  	0.31273  	0.12195  	0.08891  	0.18540  	-0.0697  	0.24181  	-0.0235  	-0.1525  	0.69936  	0.08834  	-0.0990  	-0.0429  	0.00819  	-0.0188  	-0.0185  	-0.0159  	0.03082  	0.02473  	-0.0017  	-0.0001  	-0.0228  	-0.0265  	0.00463  	-0.0492  	-0.0291  	-0.0245  	0.00860  	-0.0174  	0.03011  	0.00220  	-0.0361  	-0.0156  	0.00178  	0.03798  	-0.1163  	0.06642  	-0.0144  	-0.0381  	0.44103  	
-0.0379  	-0.0920  	0.16017  	-0.9885  	-0.7940  	-0.5478  	-0.1530  	-0.0353  	0.30929  	0.75330  	0.60274  	0.04851  	-0.1524  	-0.7783  	0.03978  	0.93646  	-0.2792  	-0.2597  	0.24996  	0.71496  	0.38137  	-0.4454  	-0.4876  	0.10229  	-0.4210  	-0.0395  	-0.0368  	0.08908  	-0.2569  	-0.0083  	-0.0751  	0.27335  	0.17376  	0.09643  	0.20788  	-0.1000  	0.26320  	-0.0031  	-0.1930  	0.70774  	0.06050  	-0.0760  	-0.0532  	0.00015  	-0.0367  	-0.0371  	-0.0090  	0.03747  	0.02146  	-0.0040  	-0.0130  	-0.0174  	-0.0356  	0.02172  	-0.0526  	-0.0232  	-0.0287  	-0.0059  	-0.0215  	0.03289  	0.00963  	-0.0272  	-0.0129  	-0.0028  	0.03596  	-0.1154  	0.06692  	-0.0134  	-0.0365  	0.43643  	
-0.4618  	-0.2974  	-0.0157  	-1.2242  	-0.8648  	-0.9604  	-0.1048  	-0.1933  	0.22457  	0.80886  	0.82394  	0.09085  	-0.2518  	-0.9481  	-0.1182  	0.81628  	-0.2382  	-0.1978  	0.21716  	0.78498  	0.40183  	-0.5087  	-0.5069  	0.16599  	-0.5404  	-0.0186  	-0.1678  	0.16696  	-0.2586  	-0.1233  	-0.0259  	0.26421  	0.22004  	0.05713  	0.20257  	-0.0795  	0.31787  	-0.0543  	-0.2252  	0.76846  	0.04806  	-0.0498  	-0.1203  	0.01796  	-0.0255  	-0.0192  	0.01118  	0.01658  	-0.0002  	0.00408  	0.00029  	-0.0086  	-0.0329  	0.02406  	-0.0385  	-0.0307  	-0.0156  	-0.0116  	-0.0130  	0.04859  	0.01635  	-0.0265  	-0.0315  	0.00345  	0.03406  	-0.1141  	0.06704  	-0.0124  	-0.0353  	0.45171  	
-0.7619  	-0.3176  	0.02803  	-1.8237  	-1.1380  	-1.0219  	-0.1826  	-0.3166  	0.21602  	0.88204  	0.98955  	-0.0923  	-0.3883  	-1.2451  	-0.4932  	0.71451  	-0.2266  	-0.1998  	0.24674  	0.67883  	0.39344  	-0.5513  	-0.3488  	0.10456  	-0.5863  	0.01037  	-0.1417  	0.11376  	-0.3109  	-0.1579  	-0.0038  	0.24801  	0.15498  	0.08448  	0.09647  	-0.0426  	0.32992  	-0.0125  	-0.2061  	0.72006  	0.15184  	-0.0710  	-0.0910  	0.00719  	-0.0311  	-0.0207  	-0.0109  	-0.0057  	-0.0086  	0.01039  	0.00974  	-0.0120  	-0.0339  	0.02021  	-0.0514  	-0.0235  	-0.0180  	-0.0051  	-0.0051  	0.04840  	0.02226  	-0.0081  	-0.0120  	0.00346  	0.03356  	-0.1138  	0.06752  	-0.0111  	-0.0339  	0.45034  	
-0.7282  	-0.3017  	0.00395  	-1.7819  	-1.1644  	-1.0004  	-0.1714  	-0.3102  	0.20400  	0.93465  	0.96541  	-0.0487  	-0.3599  	-1.2317  	-0.5400  	0.67116  	-0.2316  	-0.1770  	0.23857  	0.71939  	0.31882  	-0.5335  	-0.3223  	0.03510  	-0.5419  	0.00201  	-0.2033  	0.16654  	-0.2693  	-0.1485  	-0.0195  	0.24066  	0.15720  	0.06273  	0.00723  	0.00070  	0.29801  	-0.0253  	-0.1755  	0.69852  	0.16000  	-0.0519  	-0.0610  	0.00204  	-0.0269  	-0.0187  	-0.0068  	0.01235  	0.00113  	0.01220  	-0.0004  	-0.0152  	-0.0349  	0.02246  	-0.0464  	-0.0291  	-0.0151  	-0.0051  	-0.0015  	0.04643  	0.02109  	-0.0189  	-0.0192  	0.00068  	0.03351  	-0.1123  	0.06812  	-0.0096  	-0.0325  	0.45251  	
-0.4784  	-0.2440  	0.16507  	-1.5556  	-1.1233  	-0.8452  	-0.2161  	-0.2645  	0.22295  	0.77081  	0.82924  	-0.0653  	-0.3392  	-1.2145  	-0.2960  	0.76267  	-0.1802  	-0.2082  	0.29839  	0.69986  	0.47120  	-0.5590  	-0.2802  	0.10619  	-0.5086  	-0.0059  	-0.0783  	0.06083  	-0.3335  	-0.1047  	-0.0278  	0.26792  	0.15391  	0.06589  	0.08382  	-0.0741  	0.36137  	0.01964  	-0.2441  	0.69261  	0.17020  	-0.0845  	-0.0542  	0.02920  	-0.0210  	-0.0244  	-0.0127  	0.00460  	-0.0151  	0.01262  	-0.0007  	-0.0132  	-0.0268  	0.02298  	-0.0504  	-0.0217  	-0.0166  	-0.0157  	-0.0073  	0.04943  	0.01991  	-0.0150  	-0.0115  	0.00533  	0.03444  	-0.1118  	0.06857  	-0.0086  	-0.0317  	0.46235  	
-0.3684  	-0.2484  	0.20601  	-1.5177  	-1.1046  	-0.7236  	-0.2497  	-0.2448  	0.23154  	0.77278  	0.80362  	-0.0761  	-0.3720  	-1.3311  	-0.3879  	0.89133  	-0.2236  	-0.1653  	0.28629  	0.75860  	0.39084  	-0.5687  	-0.3145  	0.05438  	-0.5435  	0.01112  	-0.1598  	0.16901  	-0.2706  	-0.1239  	-0.0393  	0.28616  	0.14235  	0.05837  	0.03023  	0.00196  	0.34125  	0.01589  	-0.2222  	0.68641  	0.17612  	-0.0952  	-0.0098  	0.04711  	-0.0319  	-0.0303  	-0.0055  	0.02955  	-0.0047  	0.00126  	-0.0022  	-0.0121  	-0.0271  	0.02596  	-0.0402  	-0.0274  	-0.0092  	-0.0097  	-0.0015  	0.03922  	0.00951  	-0.0252  	-0.0176  	0.00247  	0.03613  	-0.1108  	0.06951  	-0.0079  	-0.0318  	0.46826  	
-0.2659  	-0.2039  	0.29083  	-1.4613  	-1.0529  	-0.6558  	-0.1875  	-0.2926  	0.21691  	0.86676  	0.81416  	-0.0213  	-0.3605  	-1.3034  	-0.4120  	1.00224  	-0.2620  	-0.1663  	0.26620  	0.76773  	0.32407  	-0.5497  	-0.4133  	0.04282  	-0.5297  	-0.0159  	-0.1984  	0.21706  	-0.2360  	-0.1340  	-0.0405  	0.28242  	0.13485  	0.06220  	0.05800  	0.04578  	0.34330  	0.00165  	-0.2098  	0.72889  	0.18576  	-0.0973  	-0.0181  	0.05137  	-0.0318  	-0.0226  	-0.0059  	0.03142  	7.86993  	-0.0007  	0.00921  	-0.0119  	-0.0211  	0.01391  	-0.0384  	-0.0297  	-0.0078  	-0.0085  	-0.0098  	0.04762  	0.01406  	-0.0335  	-0.0069  	0.00765  	0.03806  	-0.1102  	0.07067  	-0.0079  	-0.0322  	0.47904  	
-0.2033  	-0.2130  	0.29666  	-1.4172  	-1.0633  	-0.6428  	-0.2158  	-0.3006  	0.20931  	0.82198  	0.80047  	-0.0339  	-0.3589  	-1.2700  	-0.3202  	1.01680  	-0.2850  	-0.1800  	0.27474  	0.77756  	0.38681  	-0.5448  	-0.4385  	0.08397  	-0.5414  	-0.0229  	-0.1452  	0.17635  	-0.3258  	-0.1627  	-0.0392  	0.32132  	0.14141  	0.07258  	0.15779  	0.03876  	0.37281  	0.01370  	-0.2623  	0.72289  	0.14381  	-0.0886  	-0.0300  	0.04137  	-0.0278  	-0.0252  	-0.0139  	0.03105  	-0.0044  	0.00230  	0.01501  	-0.0155  	-0.0219  	0.01262  	-0.0434  	-0.0276  	-0.0071  	-0.0048  	-0.0069  	0.04745  	0.01084  	-0.0332  	-0.0075  	0.00706  	0.03886  	-0.1089  	0.07177  	-0.0079  	-0.0320  	0.46856  	
-0.1487  	-0.1921  	0.29285  	-1.2491  	-0.9618  	-0.6783  	-0.1591  	-0.2376  	0.25080  	0.77723  	0.63549  	-0.0533  	-0.2342  	-1.0241  	-0.0200  	0.88768  	-0.2466  	-0.3115  	0.23660  	0.64747  	0.42807  	-0.4783  	-0.3644  	0.16180  	-0.4647  	-0.0380  	-0.0172  	-0.0074  	-0.3707  	-0.0755  	-0.0327  	0.31882  	0.15370  	0.07549  	0.20287  	-0.0260  	0.41370  	0.02925  	-0.2680  	0.69818  	0.12544  	-0.0672  	-0.0399  	0.04124  	-0.0356  	-0.0270  	0.00124  	0.02191  	0.00379  	-0.0021  	0.00290  	-0.0097  	-0.0232  	0.02252  	-0.0436  	-0.0303  	-0.0167  	-0.0036  	-0.0030  	0.04986  	0.01820  	-0.0159  	-0.0125  	0.00129  	0.03992  	-0.1096  	0.07233  	-0.0082  	-0.0319  	0.45931  	
-0.5919  	-0.3497  	-0.0765  	-1.3902  	-0.8719  	-0.9096  	-0.1451  	-0.2877  	0.20513  	0.83367  	0.80748  	0.01372  	-0.2793  	-1.1155  	-0.2898  	0.84273  	-0.2751  	-0.1729  	0.21330  	0.79487  	0.21889  	-0.5814  	-0.4450  	0.02654  	-0.5802  	0.00505  	-0.3163  	0.34095  	-0.1139  	-0.1401  	-0.0099  	0.24867  	0.18194  	0.09866  	0.11209  	-0.0345  	0.14265  	-0.0560  	-0.2011  	0.70555  	0.16102  	-0.0758  	-0.0712  	0.00799  	-0.0411  	-0.0284  	-0.0004  	0.02697  	0.00760  	-0.0124  	0.00404  	-0.0190  	-0.0325  	0.01225  	-0.0454  	-0.0368  	-0.0054  	-0.0050  	-0.0111  	0.04304  	0.03219  	-0.0161  	-0.0032  	0.00819  	0.03922  	-0.1110  	0.07171  	-0.0087  	-0.0326  	0.46761  	
-0.6480  	-0.3466  	-0.1476  	-1.2519  	-0.7686  	-0.9701  	-0.1265  	-0.2548  	0.21515  	0.86850  	0.86455  	0.15009  	-0.2133  	-1.0159  	-0.2930  	0.79114  	-0.3767  	-0.1402  	0.17585  	0.86292  	0.21222  	-0.5398  	-0.5205  	0.00973  	-0.5911  	0.02558  	-0.3560  	0.48749  	-0.0671  	-0.1210  	-0.0398  	0.19290  	0.23683  	0.10076  	0.11532  	-0.0192  	0.11371  	-0.0970  	-0.1849  	0.71691  	0.11821  	-0.0599  	-0.1148  	-0.0076  	-0.0298  	-0.0378  	0.00114  	0.03266  	-0.0016  	-0.0229  	-0.0029  	-0.0167  	-0.0338  	0.02117  	-0.0518  	-0.0314  	-0.0058  	-0.0103  	-0.0119  	0.04551  	0.02361  	-0.0204  	-0.0204  	0.00252  	0.03745  	-0.1142  	0.07097  	-0.0094  	-0.0342  	0.47135  	
-0.6780  	-0.3542  	-0.2113  	-1.2717  	-0.8178  	-1.0476  	-0.1233  	-0.2736  	0.24977  	0.95651  	0.92147  	0.19371  	-0.1914  	-1.0503  	-0.3508  	0.74584  	-0.4060  	-0.1097  	0.16715  	0.93645  	0.22725  	-0.5036  	-0.5289  	-0.0280  	-0.6435  	0.05807  	-0.4488  	0.52003  	-0.0776  	-0.1173  	-0.0453  	0.17244  	0.25721  	0.11258  	0.09106  	-0.0272  	0.10249  	-0.1181  	-0.1514  	0.73935  	0.10378  	-0.0562  	-0.1178  	0.00956  	-0.0236  	-0.0328  	-0.0050  	0.02684  	0.00529  	-0.0098  	-0.0015  	-0.0200  	-0.0296  	0.03065  	-0.0489  	-0.0253  	-0.0116  	-0.0048  	-0.0166  	0.03696  	0.00614  	-0.0261  	-0.0331  	0.00586  	0.03611  	-0.1165  	0.06954  	-0.0099  	-0.0350  	0.47301  	
-0.6339  	-0.3467  	-0.1624  	-1.2277  	-0.7527  	-1.0474  	-0.1150  	-0.2491  	0.25249  	0.95830  	0.83220  	0.17594  	-0.1852  	-0.9597  	-0.3478  	0.82312  	-0.3906  	-0.1374  	0.16232  	0.91355  	0.20291  	-0.5358  	-0.5464  	0.01044  	-0.6209  	0.07858  	-0.4345  	0.50057  	-0.0830  	-0.1067  	-0.0497  	0.19115  	0.25131  	0.10406  	0.10798  	-0.0454  	0.11329  	-0.1215  	-0.1572  	0.74335  	0.10067  	-0.0474  	-0.0927  	0.02641  	-0.0334  	-0.0259  	0.00686  	0.02012  	0.00798  	0.00203  	-0.0043  	-0.0210  	-0.0314  	0.03196  	-0.0501  	-0.0301  	-0.0029  	-0.0049  	-0.0192  	0.04562  	0.00262  	-0.0166  	-0.0261  	0.00593  	0.03669  	-0.1188  	0.06771  	-0.0108  	-0.0357  	0.47857  	
-0.6655  	-0.3514  	-0.1264  	-1.3060  	-0.8617  	-1.0410  	-0.1291  	-0.2557  	0.22307  	0.95938  	0.86393  	0.13365  	-0.2225  	-1.0560  	-0.3407  	0.79425  	-0.3830  	-0.1459  	0.18780  	0.90643  	0.25085  	-0.5612  	-0.4906  	0.00447  	-0.5916  	0.06183  	-0.3712  	0.45933  	-0.1133  	-0.1052  	-0.0425  	0.19869  	0.21676  	0.09797  	0.09543  	-0.0544  	0.14267  	-0.0936  	-0.1633  	0.74511  	0.08666  	-0.0576  	-0.1000  	0.03053  	-0.0247  	-0.0295  	-0.0035  	0.01362  	0.00100  	-0.0031  	-0.0087  	-0.0220  	-0.0315  	0.02764  	-0.0502  	-0.0341  	-0.0075  	-0.0034  	-0.0147  	0.04761  	0.00313  	-0.0209  	-0.0203  	0.00692  	0.03789  	-0.1205  	0.06592  	-0.0116  	-0.0371  	0.49425  	
-0.5316  	-0.2581  	-0.0512  	-1.2179  	-0.8717  	-0.8634  	-0.1785  	-0.2068  	0.22702  	0.84405  	0.77056  	0.15806  	-0.2356  	-1.0029  	-0.0745  	0.79527  	-0.3106  	-0.1821  	0.24716  	0.83732  	0.33895  	-0.5433  	-0.4390  	0.02001  	-0.5221  	0.03289  	-0.2582  	0.35179  	-0.1800  	-0.0752  	-0.0131  	0.22538  	0.17877  	0.08861  	0.11958  	-0.0619  	0.19805  	-0.0467  	-0.1807  	0.72055  	0.10315  	-0.0809  	-0.0754  	0.01945  	-0.0233  	-0.0235  	-0.0081  	0.03183  	-0.0108  	-0.0023  	0.00488  	-0.0174  	-0.0338  	0.01502  	-0.0503  	-0.0252  	-0.0056  	-0.0046  	-0.0074  	0.04923  	0.01311  	-0.0289  	-0.0137  	0.00090  	0.04029  	-0.1228  	0.06464  	-0.0124  	-0.0385  	0.50501  	
-0.3401  	-0.2131  	0.17855  	-1.4332  	-1.0507  	-0.7065  	-0.1979  	-0.1963  	0.30552  	0.75341  	0.59118  	-0.0433  	-0.2654  	-1.0839  	-0.1313  	0.81395  	-0.2598  	-0.1771  	0.27925  	0.70808  	0.33550  	-0.5393  	-0.3784  	0.01540  	-0.5064  	-0.0195  	-0.2275  	0.19679  	-0.2189  	-0.0652  	-0.0275  	0.26120  	0.15963  	0.06867  	0.05246  	-0.0677  	0.30397  	0.00102  	-0.2017  	0.71789  	0.16422  	-0.0972  	-0.0399  	0.03893  	-0.0423  	-0.0187  	-0.0141  	0.03913  	0.00265  	0.00177  	0.00150  	-0.0099  	-0.0344  	0.01842  	-0.0499  	-0.0145  	-0.0063  	-0.0193  	-0.0108  	0.04744  	0.02309  	-0.0231  	-0.0162  	0.00990  	0.04286  	-0.1230  	0.06353  	-0.0130  	-0.0396  	0.51166  	
-0.2451  	-0.1979  	0.28770  	-1.4508  	-1.0605  	-0.6529  	-0.2050  	-0.2761  	0.24717  	0.82877  	0.74859  	-0.0558  	-0.3156  	-1.2359  	-0.4243  	0.96943  	-0.2616  	-0.1776  	0.30618  	0.73041  	0.32332  	-0.5465  	-0.4152  	0.01803  	-0.5016  	-0.0270  	-0.2147  	0.15839  	-0.2615  	-0.1048  	-0.0536  	0.28928  	0.15923  	0.07572  	0.08198  	0.00013  	0.32378  	0.01640  	-0.1910  	0.73215  	0.21123  	-0.0838  	-0.0123  	0.03293  	-0.0405  	-0.0211  	-0.0232  	0.03738  	-0.0036  	0.00606  	-0.0035  	-0.0145  	-0.0311  	0.02005  	-0.0412  	-0.0222  	-0.0138  	-0.0023  	-0.0074  	0.04052  	0.01837  	-0.0293  	-0.0057  	0.00418  	0.04525  	-0.1232  	0.06291  	-0.0136  	-0.0399  	0.50784  	
-0.4615  	-0.2744  	0.15455  	-1.5776  	-1.1005  	-0.7717  	-0.2141  	-0.3343  	0.18871  	0.87182  	0.88976  	-0.0412  	-0.4124  	-1.3327  	-0.5357  	0.96681  	-0.2600  	-0.1762  	0.27039  	0.79142  	0.34669  	-0.5806  	-0.4477  	0.08756  	-0.4225  	-0.0266  	-0.1617  	0.19666  	-0.2723  	-0.1014  	-0.0464  	0.29206  	0.11494  	0.05896  	0.08059  	0.07371  	0.34496  	-0.0090  	-0.2060  	0.71901  	0.16574  	-0.0856  	-0.0406  	0.02275  	-0.0253  	-0.0117  	-0.0120  	0.02821  	-0.0109  	0.00571  	0.01432  	-0.0111  	-0.0201  	0.01620  	-0.0440  	-0.0303  	0.00295  	0.00239  	-0.0112  	0.03890  	0.01360  	-0.0387  	0.00228  	0.01087  	0.04668  	-0.1224  	0.06327  	-0.0140  	-0.0403  	0.50508  	
-0.7146  	-0.3386  	0.02241  	-1.7484  	-1.2138  	-0.9695  	-0.1932  	-0.3992  	0.17560  	0.97800  	0.95568  	-0.1195  	-0.4219  	-1.3912  	-0.5811  	0.79926  	-0.2611  	-0.1432  	0.27567  	0.72781  	0.32979  	-0.6003  	-0.3685  	0.01082  	-0.5423  	0.00516  	-0.2509  	0.16945  	-0.2946  	-0.1332  	0.01399  	0.27605  	0.12958  	0.07117  	0.02829  	0.03389  	0.29394  	-0.0155  	-0.2223  	0.67279  	0.18704  	-0.0881  	-0.0311  	0.03393  	-0.0146  	-0.0260  	-0.0190  	0.02118  	-0.0204  	0.01731  	0.00423  	-0.0082  	-0.0256  	0.01799  	-0.0465  	-0.0346  	-0.0035  	0.00118  	-0.0093  	0.04234  	0.01584  	-0.0245  	-0.0043  	0.01011  	0.04677  	-0.1221  	0.06390  	-0.0145  	-0.0410  	0.50815  	
-0.7049  	-0.2909  	0.09168  	-1.7768  	-1.2244  	-0.9563  	-0.1995  	-0.3603  	0.18132  	0.92058  	0.94931  	-0.1482  	-0.4138  	-1.4032  	-0.5384  	0.77921  	-0.2575  	-0.1825  	0.27473  	0.71082  	0.34736  	-0.5614  	-0.2877  	0.02695  	-0.5631  	0.01362  	-0.2067  	0.17310  	-0.2792  	-0.1340  	0.00525  	0.27913  	0.12488  	0.06954  	0.02615  	0.02228  	0.32714  	0.00110  	-0.2292  	0.67488  	0.20479  	-0.0819  	-0.0437  	0.05170  	-0.0218  	-0.0252  	-0.0047  	0.01115  	-0.0133  	0.00955  	-0.0006  	-0.0081  	-0.0239  	0.02057  	-0.0495  	-0.0341  	-0.0079  	-0.0022  	-0.0052  	0.03721  	0.02258  	-0.0195  	-0.0095  	0.00504  	0.04440  	-0.1214  	0.06447  	-0.0146  	-0.0405  	0.49964  	
-0.6388  	-0.2613  	0.12148  	-1.7164  	-1.2281  	-0.9211  	-0.1901  	-0.3832  	0.20758  	0.91208  	0.86621  	-0.1089  	-0.4102  	-1.4715  	-0.6068  	0.83757  	-0.2437  	-0.1338  	0.26760  	0.73918  	0.26681  	-0.5593  	-0.2739  	0.00818  	-0.5722  	-0.0014  	-0.2618  	0.20324  	-0.1972  	-0.1297  	0.01646  	0.27601  	0.11998  	0.07497  	-0.0569  	0.02187  	0.24342  	-0.0072  	-0.1985  	0.71042  	0.22671  	-0.0994  	-0.0214  	0.06035  	-0.0406  	-0.0361  	-0.0037  	0.03352  	0.00698  	0.00871  	0.00482  	-0.0113  	-0.0305  	0.02546  	-0.0394  	-0.0373  	-0.0097  	-0.0029  	-0.0108  	0.03314  	0.01991  	-0.0151  	0.00385  	0.01083  	0.04170  	-0.1223  	0.06484  	-0.0145  	-0.0396  	0.48860  	
-0.6473  	-0.2361  	0.15305  	-1.8237  	-1.2045  	-0.9658  	-0.1834  	-0.3942  	0.17760  	0.93579  	0.87437  	-0.1289  	-0.4154  	-1.4288  	-0.6408  	0.86620  	-0.2477  	-0.1175  	0.26193  	0.75855  	0.24474  	-0.5396  	-0.2805  	0.01742  	-0.5652  	-0.0016  	-0.2502  	0.18457  	-0.2332  	-0.1488  	0.02312  	0.25928  	0.13506  	0.07610  	-0.0682  	0.02314  	0.25955  	-0.0137  	-0.1859  	0.70863  	0.23726  	-0.1042  	-0.0141  	0.05542  	-0.0422  	-0.0375  	-0.0006  	0.03242  	0.00632  	0.01887  	0.01179  	-0.0187  	-0.0319  	0.02808  	-0.0374  	-0.0347  	-0.0162  	0.00170  	-0.0109  	0.03376  	0.02246  	-0.0121  	0.00127  	0.00941  	0.03784  	-0.1235  	0.06438  	-0.0147  	-0.0393  	0.48802  	
-0.8984  	-0.3439  	0.01042  	-1.9019  	-1.2203  	-1.0573  	-0.1322  	-0.4226  	0.16524  	1.01685  	0.98275  	-0.0607  	-0.3879  	-1.3765  	-0.6712  	0.74407  	-0.2752  	-0.1628  	0.25350  	0.72899  	0.25131  	-0.5172  	-0.3014  	0.02066  	-0.5810  	0.03413  	-0.2392  	0.16248  	-0.2815  	-0.1545  	0.03216  	0.24590  	0.15210  	0.09157  	-0.0483  	0.01469  	0.23741  	-0.0212  	-0.1965  	0.69235  	0.20856  	-0.0548  	-0.0255  	0.02940  	-0.0258  	-0.0345  	-0.0136  	0.01309  	-0.0071  	0.02135  	-0.0059  	-0.0209  	-0.0334  	0.02622  	-0.0487  	-0.0378  	-0.0158  	-0.0075  	-0.0113  	0.04271  	0.02024  	-0.0106  	0.00196  	0.00715  	0.03486  	-0.1252  	0.06384  	-0.0146  	-0.0394  	0.47805  	
-0.9539  	-0.3609  	-0.0268  	-2.0197  	-1.2648  	-1.1072  	-0.1581  	-0.3980  	0.17315  	0.96499  	1.04033  	-0.1245  	-0.3860  	-1.3602  	-0.6225  	0.69236  	-0.2271  	-0.1980  	0.26112  	0.69152  	0.32035  	-0.5440  	-0.2836  	0.04728  	-0.6435  	0.03106  	-0.1926  	0.09678  	-0.3168  	-0.1522  	0.03288  	0.27391  	0.14458  	0.07729  	-0.0300  	-0.0029  	0.30515  	-0.0042  	-0.2081  	0.67072  	0.22773  	-0.0740  	-0.0526  	0.01101  	-0.0267  	-0.0289  	-0.0168  	0.01473  	-0.0036  	0.01719  	-0.0149  	-0.0207  	-0.0329  	0.02653  	-0.0438  	-0.0420  	-0.0199  	-0.0036  	-0.0118  	0.04733  	0.02672  	-0.0027  	-0.0004  	0.00274  	0.03227  	-0.1259  	0.06341  	-0.0143  	-0.0392  	0.47287  	
-0.9351  	-0.3191  	0.01085  	-2.0187  	-1.2600  	-1.1460  	-0.1857  	-0.3267  	0.19346  	0.99706  	1.07143  	-0.1173  	-0.3549  	-1.3140  	-0.6139  	0.66844  	-0.2157  	-0.2463  	0.27568  	0.67564  	0.39578  	-0.5377  	-0.2803  	0.06942  	-0.6618  	0.03064  	-0.1678  	0.03570  	-0.3423  	-0.1539  	0.02937  	0.26006  	0.15424  	0.07252  	-0.0049  	-0.0206  	0.34676  	-0.0022  	-0.1975  	0.67131  	0.21833  	-0.0629  	-0.0598  	0.00423  	-0.0319  	-0.0272  	-0.0112  	0.01464  	-0.0069  	0.00915  	-0.0207  	-0.0160  	-0.0381  	0.02778  	-0.0478  	-0.0441  	-0.0172  	-0.0054  	-0.0099  	0.04484  	0.02863  	-0.0058  	0.00051  	-8.6466  	0.03118  	-0.1273  	0.06257  	-0.0144  	-0.0389  	0.47677  	
-0.6345  	-0.2500  	0.06715  	-1.9375  	-1.2945  	-1.0426  	-0.2569  	-0.2554  	0.21062  	0.95209  	0.91947  	-0.1240  	-0.2995  	-1.1710  	-0.4729  	0.66475  	-0.2134  	-0.2063  	0.29949  	0.65383  	0.46303  	-0.5147  	-0.2104  	0.10712  	-0.5795  	0.00182  	-0.0852  	-0.0041  	-0.3512  	-0.1452  	0.04951  	0.24896  	0.12942  	0.05597  	0.03806  	-0.0619  	0.33204  	-0.0090  	-0.2122  	0.69468  	0.18491  	-0.0837  	-0.0336  	0.03153  	-0.0338  	-0.0363  	-0.0132  	0.02044  	-0.0050  	-0.0132  	-0.0035  	-0.0129  	-0.0423  	0.01724  	-0.0529  	-0.0420  	-0.0182  	-0.0115  	-0.0033  	0.03970  	0.01820  	-0.0121  	-0.0045  	0.00392  	0.03144  	-0.1283  	0.06160  	-0.0142  	-0.0399  	0.48595  	
-0.4157  	-0.2364  	0.21881  	-1.6976  	-1.2064  	-0.8062  	-0.2374  	-0.2457  	0.22625  	0.82712  	0.87917  	-0.0882  	-0.3773  	-1.3190  	-0.5392  	0.89230  	-0.2066  	-0.1772  	0.29410  	0.71379  	0.40010  	-0.5590  	-0.2586  	0.04033  	-0.5840  	0.00180  	-0.1861  	0.11116  	-0.3262  	-0.1445  	-0.0242  	0.28808  	0.14846  	0.04885  	0.02189  	-0.0260  	0.37299  	0.01075  	-0.2188  	0.66678  	0.20766  	-0.0972  	-0.0187  	0.03542  	-0.0285  	-0.0234  	-0.0015  	0.03078  	-0.0035  	0.00842  	-0.0011  	-0.0142  	-0.0312  	0.02241  	-0.0450  	-0.0289  	-0.0113  	-0.0056  	-0.0038  	0.03364  	0.01471  	-0.0157  	-0.0062  	0.00788  	0.03346  	-0.1285  	0.06091  	-0.0145  	-0.0407  	0.49581  	
-0.2751  	-0.1815  	0.30956  	-1.3843  	-0.9980  	-0.7168  	-0.1989  	-0.2885  	0.21556  	0.94090  	0.83305  	0.00704  	-0.3563  	-1.3068  	-0.4523  	1.04943  	-0.2839  	-0.1575  	0.26514  	0.81340  	0.25953  	-0.5523  	-0.4933  	0.03176  	-0.4618  	-0.0356  	-0.1675  	0.26644  	-0.2075  	-0.1154  	-0.0636  	0.29467  	0.13129  	0.06089  	0.07024  	0.08197  	0.29102  	0.00245  	-0.1891  	0.73233  	0.15397  	-0.0833  	-0.0069  	0.04288  	-0.0337  	-0.0270  	-0.0120  	0.04178  	0.01091  	-0.0050  	0.01638  	-0.0194  	-0.0230  	0.01308  	-0.0341  	-0.0285  	-0.0052  	-0.0090  	-0.0067  	0.04739  	0.01119  	-0.0277  	-0.0001  	0.01127  	0.03581  	-0.1261  	0.06064  	-0.0145  	-0.0407  	0.48998  	
-0.3446  	-0.2883  	0.25651  	-1.3682  	-1.0313  	-0.7053  	-0.2236  	-0.3111  	0.17027  	0.87124  	0.82397  	-0.0411  	-0.3744  	-1.3746  	-0.4416  	1.06278  	-0.2701  	-0.2334  	0.30518  	0.72712  	0.33840  	-0.5365  	-0.4642  	0.11044  	-0.3900  	-0.0577  	-0.0636  	0.19333  	-0.3126  	-0.0727  	-0.0711  	0.34620  	0.09470  	0.03514  	0.12218  	0.10047  	0.37395  	0.01767  	-0.2304  	0.70822  	0.11360  	-0.0689  	-0.0343  	0.04487  	-0.0298  	-0.0244  	-0.0157  	0.02837  	0.00298  	0.00028  	0.02066  	-0.0185  	-0.0214  	0.01555  	-0.0366  	-0.0197  	-0.0030  	-0.0049  	-0.0101  	0.05494  	0.01522  	-0.0410  	-0.0023  	0.01126  	0.03786  	-0.1237  	0.06134  	-0.0145  	-0.0399  	0.47221  	
-0.3623  	-0.2164  	0.22955  	-1.2867  	-1.0109  	-0.6405  	-0.2367  	-0.2863  	0.15443  	0.74291  	0.69535  	-0.0404  	-0.3386  	-1.3017  	-0.2870  	0.86136  	-0.1153  	-0.4055  	0.34758  	0.44204  	0.41017  	-0.7668  	-0.6709  	0.12001  	-0.4825  	0.07493  	-0.0104  	0.07061  	-0.1684  	-0.0584  	0.02369  	0.28122  	0.00817  	-0.0999  	0.04514  	0.06317  	0.26457  	0.02109  	-0.3423  	0.60994  	0.18277  	0.06580  	-0.1497  	0.11977  	-0.0859  	0.00076  	-0.0480  	0.04419  	-0.0191  	-0.0173  	0.01942  	-0.0104  	-0.0144  	0.03519  	-0.0348  	-0.0261  	-0.0106  	-0.0085  	0.00011  	0.05028  	0.01126  	-0.0424  	-0.0241  	0.00878  	0.03815  	-0.1209  	0.06219  	-0.0143  	-0.0397  	0.47092  	
0.10868  	-0.0549  	0.53634  	-1.1089  	-0.9697  	-0.5522  	-0.1996  	-0.0139  	0.26879  	0.75524  	0.59172  	-0.0070  	-0.0351  	-0.9175  	0.23544  	0.72742  	-0.0883  	-0.6195  	0.38456  	0.10564  	0.62723  	-0.8593  	-0.8022  	0.10381  	-0.6105  	0.13982  	0.01715  	-0.2482  	-0.2442  	-0.1093  	0.20189  	0.21535  	-0.0008  	-0.2249  	0.10612  	-0.1473  	0.26320  	0.02745  	-0.4454  	0.52820  	0.24532  	0.16352  	-0.2268  	0.17499  	-0.1546  	0.00939  	-0.0647  	0.10177  	-0.0155  	-0.0118  	0.01547  	-0.0008  	-0.0227  	0.04877  	-0.0307  	-0.0136  	-0.0252  	-0.0291  	-0.0121  	0.06601  	0.03518  	-0.0226  	-0.0417  	0.00718  	0.03536  	-0.1175  	0.06306  	-0.0140  	-0.0398  	0.47338  	
-0.0859  	-0.0821  	0.37483  	-1.1735  	-0.9582  	-0.6977  	-0.2177  	-0.0768  	0.19586  	0.73052  	0.65714  	-0.0815  	-0.0817  	-0.9708  	0.17345  	0.61727  	-0.0345  	-0.6439  	0.40353  	0.05760  	0.60948  	-0.9617  	-0.8507  	0.14703  	-0.5885  	0.15618  	0.00391  	-0.2886  	-0.2581  	-0.1284  	0.21401  	0.21259  	-0.0108  	-0.2749  	0.10006  	-0.1629  	0.24752  	0.02796  	-0.4967  	0.56265  	0.26922  	0.21117  	-0.2544  	0.19940  	-0.1667  	0.02153  	-0.0590  	0.06977  	-0.0346  	-0.0174  	0.00507  	0.00300  	-0.0325  	0.06283  	-0.0347  	-0.0266  	-0.0230  	-0.0361  	-0.0097  	0.06246  	0.03321  	-0.0149  	-0.0436  	0.00030  	0.03188  	-0.1136  	0.06443  	-0.0133  	-0.0389  	0.47789  	
-0.5332  	-0.2357  	0.20994  	-1.6857  	-1.1807  	-0.8878  	-0.2933  	-0.2268  	0.19389  	0.77951  	0.88542  	-0.1069  	-0.2968  	-1.4623  	-0.2604  	0.69186  	-0.0457  	-0.4885  	0.43114  	0.19528  	0.58246  	-0.9725  	-0.7901  	0.11325  	-0.6930  	0.17347  	-0.1281  	-0.1081  	-0.1741  	-0.2057  	0.17502  	0.21373  	-0.0377  	-0.2385  	-0.0320  	-0.0714  	0.22719  	0.01598  	-0.4828  	0.57358  	0.29407  	0.16614  	-0.2593  	0.16578  	-0.1340  	0.00980  	-0.0578  	0.04894  	-0.0402  	-0.0216  	0.00579  	-0.0036  	-0.0325  	0.05488  	-0.0356  	-0.0339  	-0.0175  	-0.0249  	0.00658  	0.05193  	0.02430  	-0.0319  	-0.0389  	0.00356  	0.03001  	-0.1131  	0.06571  	-0.0123  	-0.0376  	0.47482  	
-0.5407  	-0.2714  	0.16088  	-1.6477  	-1.2336  	-0.8326  	-0.2329  	-0.3362  	0.18876  	0.80863  	0.87186  	-0.0923  	-0.3760  	-1.5115  	-0.4390  	0.77895  	-0.1205  	-0.3519  	0.32913  	0.41767  	0.39826  	-0.7524  	-0.5148  	0.04146  	-0.6164  	0.11548  	-0.1928  	0.06189  	-0.1728  	-0.1391  	0.12176  	0.23055  	0.00316  	-0.0992  	-0.0821  	0.00011  	0.23975  	0.00468  	-0.3460  	0.61609  	0.30125  	0.03347  	-0.1434  	0.14338  	-0.0956  	-0.0044  	-0.0290  	0.03526  	-0.0231  	-0.0112  	0.00447  	-0.0065  	-0.0208  	0.03654  	-0.0327  	-0.0414  	-0.0170  	-0.0106  	-0.0092  	0.04711  	0.01471  	-0.0217  	-0.0231  	0.01221  	0.02964  	-0.1160  	0.06692  	-0.0115  	-0.0367  	0.49990  	
-0.4955  	-0.2636  	0.10512  	-1.5292  	-1.1502  	-0.8051  	-0.2018  	-0.3984  	0.20156  	0.86321  	0.83495  	-0.0772  	-0.3722  	-1.4240  	-0.4610  	0.85975  	-0.2242  	-0.1887  	0.24614  	0.72647  	0.26212  	-0.5444  	-0.3478  	-0.0047  	-0.5042  	0.00118  	-0.2133  	0.25092  	-0.2122  	-0.1088  	-0.0088  	0.29020  	0.11037  	0.06837  	0.00017  	0.03646  	0.28703  	-0.0022  	-0.2056  	0.70427  	0.20356  	-0.0982  	-0.0220  	0.04691  	-0.0346  	-0.0252  	-0.0156  	0.02103  	-0.0060  	0.01458  	0.00259  	-0.0144  	-0.0196  	0.01952  	-0.0392  	-0.0291  	-0.0136  	-0.0022  	-0.0034  	0.03719  	0.01305  	-0.0142  	-0.0034  	0.00709  	0.03173  	-0.1226  	0.06789  	-0.0105  	-0.0358  	0.50953  	
-0.4533  	-0.2781  	0.09518  	-1.5310  	-1.1023  	-0.8405  	-0.1924  	-0.4054  	0.19489  	0.86539  	0.80904  	-0.0571  	-0.3421  	-1.4093  	-0.4481  	0.91166  	-0.2339  	-0.1576  	0.24597  	0.74693  	0.21653  	-0.5579  	-0.4051  	0.00856  	-0.4954  	0.00564  	-0.2313  	0.28446  	-0.2095  	-0.1332  	-0.0096  	0.31215  	0.12483  	0.06025  	-0.0004  	0.04998  	0.26291  	-0.0017  	-0.2055  	0.72542  	0.20545  	-0.1034  	-0.0158  	0.03785  	-0.0406  	-0.0277  	-0.0077  	0.02261  	-0.0030  	0.00345  	0.00174  	-0.0118  	-0.0165  	0.02197  	-0.0428  	-0.0342  	-0.0125  	-0.0067  	-0.0031  	0.04944  	0.01393  	-0.0192  	0.00032  	0.00940  	0.03565  	-0.1307  	0.06944  	-0.0091  	-0.0349  	0.51643  	
-0.4843  	-0.2750  	0.08424  	-1.5115  	-1.0791  	-0.8444  	-0.1933  	-0.4046  	0.16532  	0.82852  	0.76370  	-0.0782  	-0.3575  	-1.4746  	-0.3980  	0.92253  	-0.2440  	-0.1536  	0.25862  	0.73604  	0.18738  	-0.5580  	-0.4187  	-0.0026  	-0.4450  	0.00066  	-0.2041  	0.31266  	-0.1785  	-0.0967  	-0.0298  	0.32020  	0.10721  	0.07366  	-0.0135  	0.05609  	0.23159  	0.00386  	-0.1990  	0.72870  	0.19340  	-0.0914  	-0.0309  	0.04690  	-0.0477  	-0.0275  	-0.0165  	0.02675  	-0.0028  	0.00283  	0.00585  	-0.0077  	-0.0224  	0.01773  	-0.0454  	-0.0350  	-0.0073  	-0.0053  	-0.0052  	0.03945  	0.01028  	-0.0246  	0.00283  	0.00469  	0.03945  	-0.1393  	0.07032  	-0.0084  	-0.0348  	0.53062  	
-0.5673  	-0.2551  	0.07175  	-1.4181  	-1.0208  	-0.8565  	-0.2030  	-0.3703  	0.15261  	0.85288  	0.76392  	-0.0504  	-0.3841  	-1.3894  	-0.3141  	0.86842  	-0.2456  	-0.1668  	0.25589  	0.73004  	0.23475  	-0.5531  	-0.4084  	0.00561  	-0.4808  	-0.0093  	-0.1943  	0.30074  	-0.1742  	-0.0738  	-0.0272  	0.30893  	0.11734  	0.08337  	-4.2805  	0.04391  	0.24246  	-0.0036  	-0.2010  	0.69136  	0.17895  	-0.0826  	-0.0652  	0.04207  	-0.0441  	-0.0249  	-0.0187  	0.02483  	-0.0088  	-0.0096  	0.01123  	-0.0088  	-0.0159  	0.01230  	-0.0483  	-0.0374  	-0.0014  	-0.0002  	-0.0040  	0.03436  	0.01281  	-0.0212  	0.00386  	0.00752  	0.04329  	-0.1453  	0.07211  	-0.0076  	-0.0358  	0.52400  	
-0.6626  	-0.2842  	0.05023  	-1.5427  	-1.0952  	-0.9144  	-0.1754  	-0.3608  	0.17692  	0.88844  	0.83617  	-0.0774  	-0.3984  	-1.3879  	-0.4103  	0.81563  	-0.2481  	-0.1608  	0.26672  	0.74920  	0.24162  	-0.5574  	-0.3760  	-0.0204  	-0.5224  	-0.0087  	-0.2267  	0.27662  	-0.1855  	-0.1162  	-0.0041  	0.29669  	0.13585  	0.08268  	-0.0044  	0.02456  	0.24785  	0.00241  	-0.1766  	0.67731  	0.19758  	-0.0946  	-0.0567  	0.04222  	-0.0337  	-0.0239  	-0.0224  	0.02527  	-0.0079  	-0.0071  	0.00783  	-0.0090  	-0.0259  	0.01484  	-0.0412  	-0.0349  	-0.0032  	-0.0035  	-0.0030  	0.04158  	0.02267  	-0.0230  	0.00134  	0.01442  	0.04675  	-0.1478  	0.07415  	-0.0074  	-0.0375  	0.52005  	
-0.6705  	-0.2738  	0.09485  	-1.7045  	-1.1926  	-0.9233  	-0.1748  	-0.3503  	0.18636  	0.90362  	0.84194  	-0.0980  	-0.3937  	-1.3907  	-0.5101  	0.78574  	-0.2371  	-0.1694  	0.27135  	0.71410  	0.24578  	-0.5247  	-0.3035  	-0.0230  	-0.5822  	0.01230  	-0.2531  	0.23208  	-0.1728  	-0.1454  	-0.0016  	0.26662  	0.12468  	0.07811  	-0.0477  	0.01989  	0.25404  	-0.0024  	-0.1930  	0.68651  	0.23771  	-0.0944  	-0.0198  	0.05558  	-0.0363  	-0.0295  	-0.0080  	0.03443  	0.00237  	-0.0012  	0.00060  	-0.0095  	-0.0338  	0.01852  	-0.0384  	-0.0394  	-0.0066  	-0.0036  	-0.0043  	0.03888  	0.01983  	-0.0193  	-0.0038  	0.01168  	0.04804  	-0.1446  	0.07717  	-0.0073  	-0.0388  	0.49931  	
-0.6578  	-0.2671  	0.10821  	-1.7977  	-1.2567  	-0.8889  	-0.1907  	-0.3557  	0.20463  	0.86891  	0.83368  	-0.1527  	-0.4144  	-1.4173  	-0.4939  	0.76968  	-0.2170  	-0.1861  	0.27693  	0.65574  	0.28840  	-0.5016  	-0.2429  	0.00569  	-0.5521  	0.02608  	-0.2001  	0.16084  	-0.2252  	-0.1419  	0.00688  	0.26814  	0.12432  	0.06859  	-0.0538  	-0.0017  	0.31487  	0.00548  	-0.2209  	0.69890  	0.25032  	-0.0955  	-0.0134  	0.07153  	-0.0346  	-0.0285  	-0.0034  	0.02550  	-0.0020  	-0.0016  	-0.0028  	-0.0093  	-0.0344  	0.02435  	-0.0416  	-0.0372  	-0.0096  	-0.0080  	-0.0063  	0.04055  	0.02028  	-0.0188  	-0.0107  	0.01486  	0.04502  	-0.1360  	0.08007  	-0.0079  	-0.0405  	0.48546  	
-0.5669  	-0.2464  	0.13390  	-1.6523  	-1.1491  	-0.8523  	-0.2052  	-0.3082  	0.20049  	0.88879  	0.80039  	-0.0501  	-0.3624  	-1.3035  	-0.3948  	0.81046  	-0.2302  	-0.1805  	0.26171  	0.68428  	0.29533  	-0.4994  	-0.2663  	0.01682  	-0.5993  	0.01590  	-0.2451  	0.16092  	-0.2358  	-0.1418  	0.00823  	0.26089  	0.13181  	0.08021  	-0.0341  	-0.0195  	0.28273  	0.00698  	-0.2130  	0.70259  	0.24429  	-0.0985  	-0.0217  	0.05776  	-0.0487  	-0.0310  	-0.0024  	0.03090  	-0.0084  	0.00021  	-0.0061  	-0.0149  	-0.0297  	0.01988  	-0.0475  	-0.0436  	-0.0071  	-0.0050  	-0.0129  	0.03846  	0.01964  	-0.0184  	-0.0088  	0.01204  	0.03648  	-0.1225  	0.08242  	-0.0081  	-0.0426  	0.47618  	
-0.4278  	-0.1707  	0.20266  	-1.4740  	-1.0878  	-0.7961  	-0.2611  	-0.2065  	0.23951  	0.80546  	0.76621  	0.03008  	-0.3100  	-1.1199  	-0.2814  	0.86386  	-0.2331  	-0.2284  	0.26695  	0.68424  	0.38428  	-0.5254  	-0.2780  	0.01731  	-0.6032  	0.00750  	-0.2208  	0.12911  	-0.2943  	-0.1371  	-0.0037  	0.25731  	0.17077  	0.08676  	0.07423  	-0.0743  	0.32414  	0.01940  	-0.2341  	0.66239  	0.20084  	-0.1095  	-0.0047  	0.04946  	-0.0496  	-0.0283  	0.00083  	0.02601  	-0.0122  	0.00216  	-0.0059  	-0.0130  	-0.0235  	0.01691  	-0.0489  	-0.0289  	-0.0153  	-0.0123  	-0.0089  	0.04250  	0.02242  	-0.0131  	-0.0140  	0.01066  	0.02330  	-0.1049  	0.08399  	-0.0090  	-0.0445  	0.47373  	
-0.3403  	-0.1806  	0.19328  	-1.3792  	-1.0424  	-0.7277  	-0.2370  	-0.2163  	0.26196  	0.75012  	0.70929  	0.04868  	-0.2808  	-1.0935  	-0.1842  	0.83738  	-0.2183  	-0.2141  	0.25026  	0.69011  	0.37816  	-0.5269  	-0.3273  	0.03340  	-0.5852  	-0.0038  	-0.2159  	0.15658  	-0.2807  	-0.1198  	-0.0078  	0.26947  	0.18525  	0.08834  	0.08447  	-0.0795  	0.30944  	0.01849  	-0.2273  	0.67867  	0.19055  	-0.1156  	-0.0070  	0.04508  	-0.0484  	-0.0321  	0.00147  	0.02367  	-0.0041  	0.00615  	-0.0056  	-0.0131  	-0.0231  	0.01856  	-0.0485  	-0.0222  	-0.0227  	-0.0149  	-0.0075  	0.04428  	0.02147  	-0.0185  	-0.0134  	0.00584  	0.00873  	-0.0875  	0.08546  	-0.0097  	-0.0453  	0.48975  	
-0.1019  	-0.1223  	0.39616  	-1.4131  	-1.1043  	-0.6022  	-0.2007  	-0.0944  	0.31570  	0.74806  	0.86526  	0.02716  	-0.2710  	-1.0202  	-0.2399  	1.02405  	-0.2335  	-0.2370  	0.26622  	0.72182  	0.58520  	-0.5437  	-0.3430  	0.05707  	-0.5741  	-0.0424  	-0.1064  	0.01589  	-0.4613  	-0.1426  	-0.0254  	0.31364  	0.22637  	0.06078  	0.17271  	-0.1217  	0.46511  	0.07266  	-0.2596  	0.65308  	0.16488  	-0.0988  	-0.0097  	0.02198  	-0.0345  	-0.0197  	-0.0055  	0.02536  	0.00159  	0.00982  	0.00144  	-0.0108  	-0.0200  	0.02663  	-0.0470  	-0.0205  	-0.0217  	-0.0123  	-0.0087  	0.04488  	0.01489  	-0.0189  	-0.0087  	0.00347  	-0.0074  	-0.0732  	0.08576  	-0.0107  	-0.0453  	0.50406  	
-0.0004  	-0.1173  	0.49436  	-1.4621  	-1.1380  	-0.5488  	-0.1942  	-0.0462  	0.34070  	0.75600  	0.91344  	0.06776  	-0.2711  	-1.0022  	-0.3251  	1.08679  	-0.2749  	-0.2546  	0.27304  	0.74192  	0.6094  	-0.5614  	-0.3541  	0.05221  	-0.5882  	-0.0487  	-0.1334  	0.01365  	-0.4816  	-0.1459  	-0.0056  	0.33143  	0.20757  	0.04899  	0.16847  	-0.1311  	0.47875  	0.08593  	-0.2507  	0.63217  	0.17805  	-0.1003  	0.01621  	0.02006  	-0.0464  	-0.0167  	-0.0114  	0.04586  	0.00192  	0.00672  	-0.0025  	-0.0076  	-0.0202  	0.02759  	-0.0500  	-0.0207  	-0.0257  	-0.0174  	-0.0078  	0.05279  	0.01458  	-0.0228  	-0.0017  	0.00430  	-0.0232  	-0.0633  	0.08643  	-0.0115  	-0.0445  	0.53464  	
-0.1996  	-0.1734  	0.37615  	-1.4492  	-1.0892  	-0.6040  	-0.2076  	-0.1329  	0.30663  	0.79986  	0.78647  	-0.0386  	-0.2589  	-0.9998  	-0.3228  	0.97662  	-0.2446  	-0.2500  	0.27382  	0.67916  	0.49182  	-0.5697  	-0.3995  	0.08187  	-0.4720  	-0.0794  	-0.0854  	0.00452  	-0.4560  	-0.1320  	-0.0160  	0.30730  	0.17861  	0.05097  	0.15382  	-0.0993  	0.46671  	0.04417  	-0.2360  	0.67046  	0.16396  	-0.0904  	-0.0016  	0.02046  	-0.0352  	-0.0256  	-0.0054  	0.01793  	0.00135  	0.01225  	-0.0119  	-0.0187  	-0.0348  	0.02604  	-0.0570  	-0.0273  	-0.0102  	-0.0142  	-0.0088  	0.04647  	0.01630  	-0.0166  	9.02572  	0.00790  	-0.0376  	-0.0580  	0.08580  	-0.0121  	-0.0430  	0.55258  	
-0.6242  	-0.3047  	0.12701  	-1.7776  	-1.1569  	-0.8622  	-0.2467  	-0.3239  	0.17323  	0.88571  	0.95305  	-0.0902  	-0.3432  	-1.2699  	-0.4077  	0.75523  	-0.2312  	-0.2279  	0.25965  	0.65695  	0.49182  	-0.5633  	-0.3898  	0.11985  	-0.5421  	-0.0244  	-0.0368  	0.02966  	-0.3702  	-0.1223  	-0.0330  	0.28645  	0.12804  	0.05092  	0.14029  	-0.0360  	0.34388  	-0.0089  	-0.2658  	0.72579  	0.08584  	-0.0579  	-0.0775  	-0.0042  	-0.0194  	-0.0245  	-0.0091  	-0.0088  	-0.0191  	0.01795  	0.00597  	-0.0158  	-0.0356  	0.02293  	-0.0501  	-0.0365  	-0.0161  	-0.0113  	-0.0038  	0.05148  	0.01068  	-0.0203  	-0.0054  	0.00683  	-0.0483  	-0.0559  	0.08606  	-0.0119  	-0.0414  	0.56369  	
-0.3320  	-0.2217  	0.19159  	-1.4735  	-1.0246  	-0.7893  	-0.1952  	-0.2277  	0.26659  	0.78459  	0.77229  	0.04821  	-0.3039  	-1.0709  	-0.1694  	0.80997  	-0.2412  	-0.2002  	0.22893  	0.73389  	0.44209  	-0.5539  	-0.3321  	0.08730  	-0.6133  	0.00642  	-0.1722  	0.14806  	-0.3414  	-0.1448  	0.00916  	0.27599  	0.17759  	0.07208  	0.10086  	-0.0921  	0.34420  	-0.0149  	-0.2287  	0.70412  	0.17026  	-0.0894  	-0.0329  	0.03201  	-0.0304  	-0.0216  	-0.0027  	0.02584  	-0.0150  	0.01484  	-0.0014  	-0.0185  	-0.0316  	0.01714  	-0.0569  	-0.0248  	-0.0165  	-0.0115  	-0.0130  	0.04080  	0.02037  	-0.0216  	-0.0156  	0.00048  	-0.0573  	-0.0534  	0.08636  	-0.0120  	-0.0402  	0.55502  	
-0.2241  	-0.1069  	0.33146  	-1.4582  	-1.0586  	-0.6598  	-0.1947  	-0.1476  	0.27737  	0.79763  	0.61702  	-0.0193  	-0.2082  	-0.9438  	-0.1009  	0.83643  	-0.2230  	-0.2043  	0.26975  	0.72020  	0.41833  	-0.5168  	-0.3373  	0.04577  	-0.5833  	0.00585  	-0.2271  	0.17119  	-0.3116  	-0.1409  	-0.0071  	0.26740  	0.17768  	0.06825  	0.06655  	-0.1168  	0.32524  	0.00854  	-0.1944  	0.66829  	0.17183  	-0.1025  	0.00897  	0.03049  	-0.0459  	-0.0286  	-0.0066  	0.03897  	-0.0087  	0.01812  	-0.0047  	-0.0167  	-0.0364  	0.01861  	-0.0462  	-0.0270  	-0.0133  	-0.0117  	-0.0093  	0.03677  	0.02162  	-0.0103  	-0.0091  	0.00614  	-0.0615  	-0.0499  	0.08848  	-0.0114  	-0.0392  	0.52942  	
-0.1383  	-0.1834  	0.25787  	-1.0872  	-0.8734  	-0.6239  	-0.1981  	-0.2507  	0.23358  	0.73028  	0.60128  	0.06050  	-0.2522  	-0.9467  	-0.0104  	0.89873  	-0.2317  	-0.2972  	0.26481  	0.67827  	0.38019  	-0.4858  	-0.4322  	0.16300  	-0.5109  	-0.0158  	-0.0480  	0.06402  	-0.3842  	-0.0815  	-0.0363  	0.30783  	0.16244  	0.07910  	0.23308  	-0.0839  	0.35434  	0.02114  	-0.2685  	0.69616  	0.06704  	-0.0618  	-0.0418  	0.04788  	-0.0344  	-0.0290  	-0.0045  	0.02464  	0.01230  	0.00455  	0.00048  	-0.0120  	-0.0366  	0.02674  	-0.0575  	-0.0314  	-0.0150  	-0.0060  	-0.0093  	0.03712  	0.01324  	-0.0123  	-0.0117  	0.00035  	-0.0613  	-0.0464  	0.08933  	-0.0111  	-0.0398  	0.51403  	
-0.0363  	-0.1320  	0.31937  	-1.1705  	-0.9187  	-0.5625  	-0.1672  	-0.1511  	0.29420  	0.72080  	0.5355  	0.00385  	-0.1919  	-0.8481  	0.11858  	0.82926  	-0.2036  	-0.3231  	0.22824  	0.63759  	0.43603  	-0.4846  	-0.3099  	0.17088  	-0.5303  	-0.0115  	-0.0324  	0.01141  	-0.3884  	-0.1043  	-0.0306  	0.28802  	0.18859  	0.06267  	0.19842  	-0.1379  	0.40825  	-0.0004  	-0.2496  	0.69507  	0.10583  	-0.0753  	-0.0201  	0.04406  	-0.0463  	-0.0311  	-0.0051  	0.04250  	0.00965  	0.00914  	-0.0075  	-0.0130  	-0.0314  	0.01614  	-0.0483  	-0.0107  	-0.0162  	-0.0199  	-0.0024  	0.05587  	0.02056  	-0.0132  	-0.0281  	0.00294  	-0.0581  	-0.0427  	0.08988  	-0.0105  	-0.0407  	0.50993  	
-0.0855  	-0.0920  	0.29301  	-1.1486  	-0.8798  	-0.6262  	-0.1432  	-0.1649  	0.27022  	0.74273  	0.51879  	-0.0728  	-0.1856  	-0.8019  	0.14651  	0.80171  	-0.2400  	-0.2546  	0.24112  	0.66691  	0.39236  	-0.4560  	-0.4357  	0.07332  	-0.4612  	-0.0255  	-0.0515  	0.06041  	-0.2572  	-0.0341  	-0.0425  	0.29612  	0.19087  	0.08661  	0.19674  	-0.0936  	0.34221  	-0.0024  	-0.1991  	0.73261  	0.10208  	-0.0668  	-0.0384  	0.03167  	-0.0360  	-0.0251  	-0.0126  	0.03558  	0.00199  	-0.0076  	0.00739  	-0.0091  	-0.0299  	0.01382  	-0.0506  	-0.0131  	-0.0166  	-0.0097  	-0.0119  	0.04825  	0.01750  	-0.0114  	-0.0198  	-0.0005  	-0.0563  	-0.0371  	0.08881  	-0.0107  	-0.0421  	0.50368  	
-0.2193  	-0.2038  	0.10671  	-0.9512  	-0.7418  	-0.6212  	-0.1714  	-0.2454  	0.23032  	0.72617  	0.53819  	0.09608  	-0.2128  	-0.9510  	0.10585  	0.89414  	-0.2240  	-0.2560  	0.27680  	0.70247  	0.35679  	-0.4482  	-0.4641  	0.12908  	-0.3944  	-0.0372  	-0.0599  	0.19503  	-0.2511  	-0.0270  	-0.0493  	0.30225  	0.13265  	0.07025  	0.20459  	-0.0574  	0.30497  	-0.0146  	-0.2013  	0.73425  	0.09581  	-0.0616  	-0.0901  	0.02500  	-0.0379  	-0.0243  	-0.0146  	0.02404  	0.00313  	-0.0047  	0.00713  	-0.0165  	-0.0290  	0.01478  	-0.0478  	-0.0204  	-0.0046  	-0.0017  	0.00771  	0.04835  	0.01576  	-0.0171  	-0.0195  	0.00015  	-0.0545  	-0.0317  	0.08810  	-0.0101  	-0.0428  	0.46889  	
-0.2130  	-0.1682  	0.11727  	-0.9023  	-0.7456  	-0.5277  	-0.1757  	-0.2187  	0.24361  	0.66933  	0.45474  	0.12820  	-0.2057  	-0.8731  	0.14008  	0.87676  	-0.2452  	-0.2226  	0.24958  	0.71591  	0.29143  	-0.4680  	-0.4891  	0.09914  	-0.4279  	-0.0048  	-0.0893  	0.25537  	-0.1834  	-0.0121  	-0.0430  	0.27572  	0.16158  	0.08595  	0.16500  	-0.0842  	0.25500  	-0.0164  	-0.1694  	0.74122  	0.05350  	-0.0525  	-0.0660  	0.01468  	-0.0303  	-0.0322  	-0.0097  	0.03747  	-0.0014  	0.00245  	0.00709  	-0.0119  	-0.0276  	0.01642  	-0.0463  	-0.0196  	-0.0040  	-0.0074  	0.00226  	0.04591  	0.01026  	-0.0241  	-0.0203  	0.00289  	-0.0544  	-0.0260  	0.08536  	-0.0104  	-0.0435  	0.45879  	
-0.0985  	-0.1045  	0.23039  	-1.0048  	-0.8013  	-0.5043  	-0.1938  	-0.1823  	0.25857  	0.66569  	0.42130  	0.01641  	-0.1683  	-0.7986  	0.31987  	0.78475  	-0.2325  	-0.3170  	0.23273  	0.66596  	0.41636  	-0.4398  	-0.3950  	0.16275  	-0.5126  	-0.0439  	-0.0279  	0.08514  	-0.2921  	-0.0541  	-0.0809  	0.28956  	0.16212  	0.08634  	0.21385  	-0.1123  	0.34185  	-0.0092  	-0.2212  	0.72845  	0.08240  	-0.0713  	-0.0489  	0.02704  	-0.0382  	-0.0226  	-0.0144  	0.03684  	0.00635  	-0.0067  	0.00023  	-0.0104  	-0.0336  	0.01609  	-0.0521  	-0.0157  	-0.0176  	-0.0070  	-0.0018  	0.04336  	0.01905  	-0.0177  	-0.0173  	-0.0014  	-0.0568  	-0.0221  	0.08258  	-0.0105  	-0.0437  	0.45286  	
0.09203  	-0.0860  	0.43527  	-1.0949  	-0.9135  	-0.4594  	-0.1484  	-0.1344  	0.28257  	0.70033  	0.49955  	-0.0473  	-0.1410  	-0.7715  	0.26536  	0.80602  	-0.2348  	-0.2708  	0.23217  	0.59170  	0.48608  	-0.4585  	-0.3393  	0.12669  	-0.5102  	-0.0519  	-0.0127  	-0.0096  	-0.3363  	-0.0558  	-0.0330  	0.31134  	0.17363  	0.06247  	0.22664  	-0.1214  	0.39296  	0.01964  	-0.2497  	0.69586  	0.11396  	-0.0717  	-0.0332  	0.02980  	-0.0467  	-0.0199  	-0.0159  	0.05360  	0.01405  	0.00753  	-0.0066  	-0.0143  	-0.0292  	0.01558  	-0.0441  	-0.0102  	-0.0122  	-0.0126  	-0.0070  	0.05347  	0.01655  	-0.0132  	-0.0191  	-0.0034  	-0.0636  	-0.0178  	0.07823  	-0.0111  	-0.0431  	0.45416  	
0.12657  	-0.0889  	0.51880  	-1.1652  	-1.0280  	-0.4100  	-0.1540  	-0.0516  	0.31252  	0.70509  	0.66402  	-0.1003  	-0.2130  	-0.8668  	0.05231  	0.97537  	-0.2283  	-0.3344  	0.25577  	0.55764  	0.63599  	-0.4613  	-0.3203  	0.15731  	-0.4659  	-0.0554  	0.07212  	-0.1866  	-0.4818  	-0.1048  	-0.0284  	0.34257  	0.16070  	0.06043  	0.25366  	-0.1378  	0.51098  	0.05805  	-0.2713  	0.65138  	0.08113  	-0.0856  	-0.0223  	0.04228  	-0.0422  	-0.0243  	-0.0214  	0.05451  	0.01428  	0.00572  	-0.0061  	-0.0105  	-0.0234  	0.02008  	-0.0390  	-0.0129  	-0.0258  	-0.0100  	-0.0128  	0.04863  	0.01917  	-0.0135  	-0.0039  	0.00541  	-0.0728  	-0.0150  	0.07429  	-0.0115  	-0.0419  	0.45249  	
0.14018  	-0.0831  	0.52011  	-1.3015  	-1.0293  	-0.4803  	-0.1299  	-0.1014  	0.29791  	0.81281  	0.61702  	-0.1412  	-0.1484  	-0.8233  	-0.0324  	0.88100  	-0.2407  	-0.2980  	0.26535  	0.57713  	0.53352  	-0.4744  	-0.3409  	0.09216  	-0.4289  	-0.0664  	0.02088  	-0.1043  	-0.4046  	-0.0899  	-0.0181  	0.30994  	0.15129  	0.05382  	0.20381  	-0.0968  	0.44986  	0.03019  	-0.2299  	0.68358  	0.10862  	-0.0867  	-0.0065  	0.05091  	-0.0439  	-0.0207  	-0.0242  	0.06299  	0.01797  	0.00097  	0.00025  	-0.0129  	-0.0282  	0.01506  	-0.0407  	-0.0151  	-0.0277  	-0.0124  	-0.0125  	0.05027  	0.01883  	-0.0164  	-0.0077  	0.00290  	-0.0837  	-0.0126  	0.06941  	-0.0119  	-0.0402  	0.46320  	
-0.0589  	-0.1142  	0.32661  	-1.2734  	-1.0034  	-0.6726  	-0.1354  	-0.1717  	0.28128  	0.82772  	0.67751  	-0.2153  	-0.2000  	-0.8037  	0.07979  	0.79011  	-0.2396  	-0.3265  	0.25288  	0.64428  	0.50563  	-0.4380  	-0.3818  	0.18030  	-0.3660  	-0.0754  	0.07314  	-0.1155  	-0.4024  	-0.0367  	-0.0437  	0.33354  	0.15295  	0.05318  	0.25075  	-0.1166  	0.44726  	0.00375  	-0.2664  	0.71263  	0.07395  	-0.0612  	-0.0449  	0.03694  	-0.0448  	-0.0214  	-0.0178  	0.03499  	0.00372  	-0.0130  	0.00246  	-0.0089  	-0.0357  	0.01102  	-0.0509  	-0.0165  	-0.0217  	-0.0171  	-0.0077  	0.04580  	0.01894  	-0.0220  	-0.0235  	-0.0013  	-0.0949  	-0.0122  	0.06533  	-0.0119  	-0.0383  	0.47878  	
-0.0733  	-0.1447  	0.27057  	-1.0663  	-0.9296  	-0.5116  	-0.2014  	-0.1500  	0.24443  	0.61681  	0.62683  	0.03486  	-0.2227  	-0.9201  	0.13724  	0.88594  	-0.1864  	-0.3469  	0.26213  	0.64396  	0.52172  	-0.4452  	-0.3024  	0.20915  	-0.5851  	-0.0226  	0.03387  	-0.0771  	-0.4302  	-0.0946  	-0.0549  	0.30232  	0.14442  	0.06527  	0.21102  	-0.1239  	0.46647  	0.04094  	-0.2784  	0.68296  	0.06892  	-0.0785  	-0.0522  	0.05268  	-0.0354  	-0.0201  	-0.0218  	0.03548  	0.00226  	0.00637  	-0.0105  	-0.0118  	-0.0281  	0.01143  	-0.0410  	-0.0148  	-0.0235  	-0.0171  	-0.0048  	0.05501  	0.02247  	-0.0169  	-0.0169  	0.00590  	-0.1078  	-0.0109  	0.06197  	-0.0119  	-0.0364  	0.47917  	
0.10842  	-0.0312  	0.49867  	-1.2840  	-1.0724  	-0.5104  	-0.1797  	-0.1003  	0.32060  	0.72686  	0.71681  	-0.0142  	-0.2491  	-0.8492  	0.04096  	0.97864  	-0.2218  	-0.3060  	0.24816  	0.60325  	0.64691  	-0.4780  	-0.3186  	0.20949  	-0.5575  	-0.0519  	0.04721  	-0.1566  	-0.5339  	-0.1112  	-0.0495  	0.34136  	0.18010  	0.05391  	0.27448  	-0.1519  	0.51352  	0.06128  	-0.2923  	0.66946  	0.07092  	-0.0766  	-0.0297  	0.04071  	-0.0398  	-0.0237  	-0.0227  	0.04215  	0.01366  	-0.0015  	-0.0036  	-0.0128  	-0.0275  	0.01756  	-0.0447  	-0.0063  	-0.0285  	-0.0131  	-0.0165  	0.04571  	0.02065  	-0.0125  	-0.0129  	0.00347  	-0.1194  	-0.0116  	0.06032  	-0.0112  	-0.0350  	0.49817  	
0.09236  	-0.0809  	0.59572  	-1.3829  	-1.1301  	-0.5373  	-0.1291  	-0.0494  	0.34699  	0.79214  	0.89744  	0.03644  	-0.2613  	-0.9472  	-0.1499  	1.05651  	-0.2446  	-0.2811  	0.27993  	0.67217  	0.68127  	-0.5383  	-0.3347  	0.07739  	-0.5097  	-0.0602  	-0.0117  	-0.0930  	-0.4851  	-0.1557  	-0.0399  	0.33319  	0.19334  	0.06252  	0.19632  	-0.1480  	0.53892  	0.07522  	-0.2518  	0.64195  	0.11204  	-0.0819  	0.00176  	0.05079  	-0.0328  	-0.0283  	-0.0191  	0.04884  	0.01554  	0.00429  	-0.0018  	-0.0135  	-0.0286  	0.02650  	-0.0406  	-0.0091  	-0.0276  	-0.0082  	-0.0151  	0.05098  	0.01812  	-0.0216  	-0.0083  	0.00361  	-0.1456  	-0.0130  	0.05804  	-0.0117  	-0.0338  	0.53568  	
0.00245  	-0.0735  	0.43725  	-1.0965  	-0.9358  	-0.5503  	-0.1436  	-0.1132  	0.31900  	0.82342  	0.71250  	0.03383  	-0.2331  	-0.7980  	0.05046  	1.01820  	-0.2016  	-0.3011  	0.25928  	0.70540  	0.55879  	-0.4771  	-0.4740  	0.13920  	-0.3696  	-0.0680  	0.04531  	-0.0455  	-0.3704  	-0.0593  	-0.1099  	0.31748  	0.16553  	0.06561  	0.22342  	-0.0937  	0.45298  	0.02257  	-0.2115  	0.72222  	0.04545  	-0.0658  	-0.0311  	0.03905  	-0.0249  	-0.0304  	-0.0195  	0.05358  	0.02897  	-0.0098  	0.00518  	-0.0105  	-0.0266  	0.02928  	-0.0425  	-0.0138  	-0.0226  	-0.0105  	-0.0059  	0.05796  	0.01518  	-0.0237  	-0.0018  	0.00436  	-0.1558  	-0.0214  	0.05703  	-0.0117  	-0.0325  	0.56313  	
-0.1242  	-0.2072  	0.15453  	-0.6234  	-0.6011  	-0.5489  	-0.0920  	-0.2005  	0.26609  	0.79847  	0.50648  	0.14252  	-0.1519  	-0.6628  	0.23296  	0.91532  	-0.2556  	-0.3124  	0.20062  	0.75840  	0.36977  	-0.4383  	-0.5252  	0.12504  	-0.3771  	-0.0460  	-0.0051  	0.16557  	-0.2585  	0.00351  	-0.1036  	0.31170  	0.16140  	0.09004  	0.23394  	-0.1010  	0.31378  	-0.0296  	-0.1931  	0.74865  	0.02422  	-0.0370  	-0.0684  	0.01716  	-0.0116  	-0.0288  	-0.0213  	0.02494  	-0.0015  	0.01068  	0.00187  	-0.0127  	-0.0327  	0.01825  	-0.0505  	-0.0144  	-0.0026  	-0.0106  	-0.0071  	0.04308  	0.00870  	-0.0146  	-0.0121  	0.00280  	-0.1518  	-0.0333  	0.05696  	-0.0119  	-0.0312  	0.56271  	
-0.1850  	-0.1773  	0.09069  	-0.7065  	-0.6090  	-0.6130  	-0.1255  	-0.1817  	0.25868  	0.73576  	0.43752  	0.16629  	-0.1124  	-0.6804  	0.21333  	0.90588  	-0.2882  	-0.2545  	0.19441  	0.76795  	0.27560  	-0.4376  	-0.5561  	0.03305  	-0.4068  	-0.0308  	-0.0581  	0.25482  	-0.1619  	0.02762  	-0.0875  	0.28219  	0.18974  	0.11936  	0.22765  	-0.0962  	0.23954  	-0.0338  	-0.1908  	0.73662  	0.02325  	-0.0512  	-0.0640  	0.01624  	-0.0180  	-0.0290  	-0.0140  	0.02974  	0.00713  	-0.0030  	0.00511  	-0.0184  	-0.0337  	0.02232  	-0.0515  	-0.0116  	-0.0134  	-0.0192  	-0.0016  	0.04307  	0.00972  	-0.0113  	-0.0092  	0.00572  	-0.1348  	-0.0471  	0.05861  	-0.0114  	-0.0300  	0.54833  	
-0.3338  	-0.2161  	0.07027  	-0.9735  	-0.7665  	-0.7021  	-0.1580  	-0.2508  	0.27248  	0.81502  	0.52035  	0.22221  	-0.1463  	-0.8881  	0.04066  	0.93396  	-0.2988  	-0.2197  	0.23815  	0.75398  	0.25586  	-0.4664  	-0.4961  	0.05079  	-0.4999  	-0.0173  	-0.1636  	0.24523  	-0.2410  	-0.0266  	-0.0449  	0.26087  	0.19410  	0.10467  	0.16367  	-0.0874  	0.25183  	-0.0209  	-0.1973  	0.75604  	0.07127  	-0.0709  	-0.0701  	0.04438  	-0.0373  	-0.0292  	-0.0166  	0.03547  	-0.0048  	0.00765  	-0.0041  	-0.0234  	-0.0337  	0.02918  	-0.0508  	-0.0266  	-0.0125  	-0.0050  	-0.0088  	0.04148  	0.01310  	-0.0157  	-0.0175  	0.00880  	-0.1085  	-0.0617  	0.06040  	-0.0108  	-0.0296  	0.53308  	
-0.6365  	-0.3408  	0.05703  	-1.6972  	-1.0570  	-0.9361  	-0.1848  	-0.3690  	0.23723  	0.90675  	0.81760  	-0.0656  	-0.3067  	-1.2843  	-0.4476  	0.73556  	-0.2773  	-0.1893  	0.23936  	0.78537  	0.34225  	-0.6053  	-0.4390  	0.06047  	-0.5824  	-0.0093  	-0.2891  	0.20459  	-0.2644  	-0.1640  	-0.0140  	0.25690  	0.14054  	0.09787  	0.06792  	0.01245  	0.27171  	-0.0428  	-0.2229  	0.71710  	0.13936  	-0.0899  	-0.0407  	0.00686  	-0.0247  	-0.0247  	-0.0030  	0.00713  	-0.0066  	0.02277  	0.01097  	-0.0200  	-0.0492  	0.02527  	-0.0567  	-0.0361  	0.00291  	0.01029  	-0.0140  	0.03169  	0.00070  	-0.0247  	-0.0156  	0.00273  	-0.0764  	-0.0759  	0.06316  	-0.0099  	-0.0294  	0.51213  	
-0.8005  	-0.3225  	0.06416  	-1.9062  	-1.2171  	-0.9997  	-0.1820  	-0.3964  	0.18723  	0.91968  	1.03724  	-0.1377  	-0.3935  	-1.3541  	-0.6358  	0.74799  	-0.2466  	-0.1674  	0.24693  	0.70261  	0.34596  	-0.5630  	-0.3529  	0.04040  	-0.6180  	0.01687  	-0.2460  	0.17808  	-0.3060  	-0.1847  	0.01093  	0.26108  	0.14623  	0.07758  	0.02185  	0.03336  	0.27267  	-0.0093  	-0.1953  	0.69117  	0.19706  	-0.0650  	-0.0514  	-0.0008  	-0.0339  	-0.0204  	-0.0059  	0.02384  	-0.0172  	0.02646  	-0.0025  	-0.0114  	-0.0292  	0.02235  	-0.0494  	-0.0407  	-0.0101  	0.00101  	-0.0078  	0.04515  	0.01536  	-0.0160  	-0.0021  	0.00817  	-0.0422  	-0.0877  	0.06546  	-0.0093  	-0.0295  	0.49131  	
-0.9706  	-0.3371  	-0.0281  	-2.0323  	-1.2943  	-1.1860  	-0.2198  	-0.3914  	0.11910  	0.95596  	1.09543  	-0.1159  	-0.3240  	-1.4147  	-0.6125  	0.66068  	-0.1656  	-0.2888  	0.31084  	0.44195  	0.30214  	-0.7325  	-0.5572  	0.02683  	-0.6825  	0.13703  	-0.3014  	0.04736  	-0.1974  	-0.2117  	0.17317  	0.19350  	0.08012  	-0.0851  	-0.1103  	0.01672  	0.14468  	-0.0041  	-0.2995  	0.61910  	0.29188  	0.08616  	-0.1643  	0.08639  	-0.1026  	-0.0076  	-0.0312  	0.04770  	-0.0211  	0.00931  	-0.0085  	-0.0129  	-0.0309  	0.03600  	-0.0380  	-0.0436  	-0.0185  	-0.0108  	-0.0047  	0.04992  	0.02981  	-0.0046  	-0.0140  	0.00412  	-0.0080  	-0.0969  	0.06836  	-0.0088  	-0.0299  	0.46250  	
-1.0662  	-0.3523  	-0.0035  	-2.0885  	-1.2941  	-1.2737  	-0.2374  	-0.3254  	0.12136  	0.96824  	1.17820  	-0.1376  	-0.3224  	-1.5251  	-0.6045  	0.57994  	-0.0785  	-0.4933  	0.37637  	0.23980  	0.46069  	-0.9366  	-0.7253  	0.05307  	-0.8034  	0.23424  	-0.2364  	-0.0711  	-0.2024  	-0.2381  	0.25185  	0.18356  	0.00331  	-0.2202  	-0.1445  	-0.0546  	0.14473  	-0.0057  	-0.4293  	0.52469  	0.36017  	0.17366  	-0.2690  	0.16044  	-0.1427  	0.00450  	-0.0472  	0.04701  	-0.0329  	-0.0022  	-0.0085  	-0.0156  	-0.0288  	0.05546  	-0.0327  	-0.0498  	-0.0246  	-0.0199  	-0.0061  	0.06364  	0.03805  	-0.0073  	-0.0259  	0.00654  	0.02316  	-0.1035  	0.07027  	-0.0085  	-0.0310  	0.45550  	
-0.9068  	-0.2665  	0.14984  	-1.9521  	-1.2576  	-1.2332  	-0.2792  	-0.1852  	0.16510  	0.92934  	1.14146  	-0.1497  	-0.2578  	-1.4048  	-0.4463  	0.49440  	-0.0025  	-0.6230  	0.40012  	0.16152  	0.59828  	-0.9994  	-0.7909  	0.15974  	-0.7733  	0.22918  	-0.1737  	-0.2024  	-0.2347  	-0.2045  	0.26249  	0.15633  	-0.0268  	-0.2512  	-0.1102  	-0.1150  	0.21273  	-0.0086  	-0.4373  	0.49043  	0.34229  	0.19774  	-0.3186  	0.15931  	-0.1464  	0.01034  	-0.0584  	0.06148  	-0.0497  	-0.0202  	-0.0048  	0.00157  	-0.0357  	0.05960  	-0.0405  	-0.0467  	-0.0157  	-0.0303  	-0.0090  	0.05732  	0.03653  	-0.0097  	-0.0350  	0.00774  	0.04698  	-0.1080  	0.07156  	-0.0081  	-0.0316  	0.44255  	
-0.4263  	-0.1326  	0.32486  	-1.7327  	-1.1952  	-0.8844  	-0.2867  	-0.0868  	0.21138  	0.81994  	0.87136  	-0.0547  	-0.1875  	-1.0974  	-0.2541  	0.66032  	-0.0376  	-0.5254  	0.40879  	0.15866  	0.62154  	-0.9453  	-0.6769  	0.12685  	-0.7468  	0.17407  	-0.1313  	-0.2238  	-0.2435  	-0.1833  	0.23332  	0.16868  	0.01266  	-0.2334  	-0.0710  	-0.1686  	0.21849  	0.00455  	-0.4792  	0.51878  	0.34915  	0.11960  	-0.2407  	0.18251  	-0.1428  	0.00573  	-0.0492  	0.03945  	-0.0428  	-0.0102  	-0.0040  	-0.0110  	-0.0359  	0.04767  	-0.0550  	-0.0275  	-0.0279  	-0.0294  	-0.0192  	0.05559  	0.03834  	-0.0057  	-0.0482  	-0.0021  	0.06087  	-0.1102  	0.07212  	-0.0076  	-0.0324  	0.43110  	
-0.2031  	-0.0847  	0.40037  	-1.4708  	-1.0775  	-0.6678  	-0.2579  	-0.0600  	0.28943  	0.79124  	0.69920  	-0.0205  	-0.1612  	-1.0264  	-0.0992  	0.84322  	-0.1248  	-0.4109  	0.35377  	0.36487  	0.48813  	-0.7239  	-0.4912  	0.05661  	-0.7021  	0.09002  	-0.1806  	-0.0949  	-0.3040  	-0.1560  	0.14134  	0.21220  	0.09037  	-0.0995  	-0.0067  	-0.1726  	0.34118  	0.03628  	-0.3834  	0.60871  	0.29012  	-0.0015  	-0.0864  	0.12011  	-0.1095  	-0.0088  	-0.0304  	0.07191  	-0.0058  	-0.0124  	-0.0112  	-0.0067  	-0.0307  	0.03823  	-0.0354  	-0.0150  	-0.0400  	-0.0254  	-0.0135  	0.05049  	0.02840  	-0.0129  	-0.0363  	-0.0039  	0.06141  	-0.1104  	0.07215  	-0.0075  	-0.0333  	0.44067  	
-0.1265  	-0.0889  	0.35775  	-1.4211  	-1.0886  	-0.6273  	-0.2145  	-0.1391  	0.29669  	0.79031  	0.77952  	0.00409  	-0.2458  	-0.9999  	-0.1497  	0.91804  	-0.2323  	-0.2428  	0.27042  	0.61261  	0.49596  	-0.5173  	-0.2881  	0.02965  	-0.6375  	-0.0125  	-0.1759  	0.00890  	-0.3690  	-0.1483  	0.00731  	0.29109  	0.18280  	0.06863  	0.10877  	-0.1315  	0.41880  	0.05281  	-0.2610  	0.67368  	0.19774  	-0.1225  	0.00536  	0.03100  	-0.0536  	-0.0209  	-0.0049  	0.03527  	0.00154  	0.00603  	-0.0049  	-0.0105  	-0.0246  	0.01930  	-0.0429  	-0.0185  	-0.0282  	-0.0117  	-0.0124  	0.04250  	0.02024  	-0.0027  	-0.0171  	0.00315  	0.04592  	-0.1090  	0.07154  	-0.0090  	-0.0339  	0.45223  	
0.04254  	-0.0542  	0.45251  	-1.3051  	-1.1278  	-0.4934  	-0.1836  	-0.0429  	0.34410  	0.66790  	0.85922  	0.00773  	-0.2700  	-0.9134  	0.00582  	0.96580  	-0.2197  	-0.3260  	0.25153  	0.58111  	0.72107  	-0.4887  	-0.2468  	0.14766  	-0.6300  	-0.0345  	-0.0220  	-0.1763  	-0.5703  	-0.1626  	-0.0256  	0.34078  	0.19591  	0.05212  	0.24740  	-0.1949  	0.56919  	0.10235  	-0.3206  	0.61159  	0.12993  	-0.0971  	-0.0204  	0.02835  	-0.0480  	-0.0206  	-0.0092  	0.03357  	9.65807  	0.01475  	-0.0183  	-0.0099  	-0.0226  	0.02846  	-0.0471  	-0.0125  	-0.0274  	-0.0106  	-0.0129  	0.04643  	0.02486  	-0.0113  	-0.0149  	0.00194  	0.04460  	-0.1113  	0.07092  	-0.0097  	-0.0343  	0.45823  	
0.07618  	-0.0471  	0.48179  	-1.2969  	-1.1360  	-0.4767  	-0.1699  	-0.0250  	0.36227  	0.63022  	0.85857  	0.00977  	-0.2642  	-0.8866  	0.04739  	0.98332  	-0.2200  	-0.3267  	0.25277  	0.57732  	0.73875  	-0.4888  	-0.2379  	0.17102  	-0.6180  	-0.0329  	-0.0043  	-0.1913  	-0.5892  	-0.1566  	-0.0242  	0.33905  	0.19701  	0.06103  	0.27126  	-0.2082  	0.58694  	0.10523  	-0.3193  	0.60982  	0.10648  	-0.0870  	-0.0258  	0.02601  	-0.0455  	-0.0245  	-0.0106  	0.03777  	0.00229  	0.00956  	-0.0185  	-0.0086  	-0.0220  	0.02906  	-0.0484  	-0.0095  	-0.0270  	-0.0100  	-0.0160  	0.04917  	0.02471  	-0.0109  	-0.0130  	0.00594  	0.04433  	-0.1143  	0.06995  	-0.0108  	-0.0346  	0.46412  	
0.08238  	-0.0630  	0.47606  	-1.2900  	-1.1198  	-0.4685  	-0.1676  	-0.0293  	0.36528  	0.64348  	0.87379  	0.00940  	-0.2600  	-0.8937  	0.03775  	0.98425  	-0.2070  	-0.3343  	0.23830  	0.57051  	0.72110  	-0.4917  	-0.2321  	0.18375  	-0.6246  	-0.0344  	0.00799  	-0.1843  	-0.5988  	-0.1541  	-0.0259  	0.34167  	0.19784  	0.06099  	0.27355  	-0.2077  	0.58870  	0.10688  	-0.3185  	0.60987  	0.10060  	-0.0859  	-0.0266  	0.02567  	-0.0464  	-0.0235  	-0.0115  	0.03147  	0.00091  	0.00572  	-0.0158  	-0.0065  	-0.0221  	0.02891  	-0.0465  	-0.0131  	-0.0264  	-0.0084  	-0.0145  	0.04950  	0.02429  	-0.0111  	-0.0112  	0.00787  	0.04403  	-0.1172  	0.06868  	-0.0118  	-0.0355  	0.47887  	
0.08238  	-0.0630  	0.47606  	-1.2900  	-1.1198  	-0.4685  	-0.1676  	-0.0293  	0.36528  	0.64348  	0.87379  	0.00940  	-0.2600  	-0.8937  	0.03775  	0.98425  	-0.2070  	-0.3343  	0.23830  	0.57051  	0.72110  	-0.4917  	-0.2321  	0.18375  	-0.6246  	-0.0344  	0.00799  	-0.1843  	-0.5988  	-0.1541  	-0.0259  	0.34167  	0.19784  	0.06099  	0.27355  	-0.2077  	0.58870  	0.10688  	-0.3185  	0.60987  	0.10060  	-0.0859  	-0.0266  	0.02567  	-0.0464  	-0.0235  	-0.0115  	0.03147  	0.00091  	0.00572  	-0.0158  	-0.0065  	-0.0221  	0.02891  	-0.0465  	-0.0131  	-0.0264  	-0.0084  	-0.0145  	0.04950  	0.02429  	-0.0111  	-0.0112  	0.00787  	0.04417  	-0.1210  	0.06763  	-0.0126  	-0.0363  	0.48615  	
0.08238  	-0.0630  	0.47606  	-1.2900  	-1.1198  	-0.4685  	-0.1676  	-0.0293  	0.36528  	0.64348  	0.87379  	0.00940  	-0.2600  	-0.8937  	0.03775  	0.98425  	-0.2070  	-0.3343  	0.23830  	0.57051  	0.72110  	-0.4917  	-0.2321  	0.18375  	-0.6246  	-0.0344  	0.00799  	-0.1843  	-0.5988  	-0.1541  	-0.0259  	0.34167  	0.19784  	0.06099  	0.27355  	-0.2077  	0.58870  	0.10688  	-0.3185  	0.60987  	0.10060  	-0.0859  	-0.0266  	0.02567  	-0.0464  	-0.0235  	-0.0115  	0.03147  	0.00091  	0.00572  	-0.0158  	-0.0065  	-0.0221  	0.02891  	-0.0465  	-0.0131  	-0.0264  	-0.0084  	-0.0145  	0.04950  	0.02429  	-0.0111  	-0.0112  	0.00787  	0.04451  	-0.1228  	0.06634  	-0.0131  	-0.0369  	0.48961  	
0.08238  	-0.0630  	0.47606  	-1.2900  	-1.1198  	-0.4685  	-0.1676  	-0.0293  	0.36528  	0.64348  	0.87379  	0.00940  	-0.2600  	-0.8937  	0.03775  	0.98425  	-0.2070  	-0.3343  	0.23830  	0.57051  	0.72110  	-0.4917  	-0.2321  	0.18375  	-0.6246  	-0.0344  	0.00799  	-0.1843  	-0.5988  	-0.1541  	-0.0259  	0.34167  	0.19784  	0.06099  	0.27355  	-0.2077  	0.58870  	0.10688  	-0.3185  	0.60987  	0.10060  	-0.0859  	-0.0266  	0.02567  	-0.0464  	-0.0235  	-0.0115  	0.03147  	0.00091  	0.00572  	-0.0158  	-0.0065  	-0.0221  	0.02891  	-0.0465  	-0.0131  	-0.0264  	-0.0084  	-0.0145  	0.04950  	0.02429  	-0.0111  	-0.0112  	0.00787  	0.04487  	-0.1247  	0.06529  	-0.0136  	-0.0369  	0.48348  	
0.08238  	-0.0630  	0.47606  	-1.2900  	-1.1198  	-0.4685  	-0.1676  	-0.0293  	0.36528  	0.64348  	0.87379  	0.00940  	-0.2600  	-0.8937  	0.03775  	0.98425  	-0.2070  	-0.3343  	0.23830  	0.57051  	0.72110  	-0.4917  	-0.2321  	0.18375  	-0.6246  	-0.0344  	0.00799  	-0.1843  	-0.5988  	-0.1541  	-0.0259  	0.34167  	0.19784  	0.06099  	0.27355  	-0.2077  	0.58870  	0.10688  	-0.3185  	0.60987  	0.10060  	-0.0859  	-0.0266  	0.02567  	-0.0464  	-0.0235  	-0.0115  	0.03147  	0.00091  	0.00572  	-0.0158  	-0.0065  	-0.0221  	0.02891  	-0.0465  	-0.0131  	-0.0264  	-0.0084  	-0.0145  	0.04950  	0.02429  	-0.0111  	-0.0112  	0.00787  	0.04483  	-0.1253  	0.06466  	-0.0141  	-0.0373  	0.47823  	
0.08238  	-0.0630  	0.47606  	-1.2900  	-1.1198  	-0.4685  	-0.1676  	-0.0293  	0.36528  	0.64348  	0.87379  	0.00940  	-0.2600  	-0.8937  	0.03775  	0.98425  	-0.2070  	-0.3343  	0.23830  	0.57051  	0.72110  	-0.4917  	-0.2321  	0.18375  	-0.6246  	-0.0344  	0.00799  	-0.1843  	-0.5988  	-0.1541  	-0.0259  	0.34167  	0.19784  	0.06099  	0.27355  	-0.2077  	0.58870  	0.10688  	-0.3185  	0.60987  	0.10060  	-0.0859  	-0.0266  	0.02567  	-0.0464  	-0.0235  	-0.0115  	0.03147  	0.00091  	0.00572  	-0.0158  	-0.0065  	-0.0221  	0.02891  	-0.0465  	-0.0131  	-0.0264  	-0.0084  	-0.0145  	0.04950  	0.02429  	-0.0111  	-0.0112  	0.00787  	0.04405  	-0.1262  	0.06409  	-0.0145  	-0.0380  	0.48086  	
0.08238  	-0.0630  	0.47606  	-1.2900  	-1.1198  	-0.4685  	-0.1676  	-0.0293  	0.36528  	0.64348  	0.87379  	0.00940  	-0.2600  	-0.8937  	0.03775  	0.98425  	-0.2070  	-0.3343  	0.23830  	0.57051  	0.72110  	-0.4917  	-0.2321  	0.18375  	-0.6246  	-0.0344  	0.00799  	-0.1843  	-0.5988  	-0.1541  	-0.0259  	0.34167  	0.19784  	0.06099  	0.27355  	-0.2077  	0.58870  	0.10688  	-0.3185  	0.60987  	0.10060  	-0.0859  	-0.0266  	0.02567  	-0.0464  	-0.0235  	-0.0115  	0.03147  	0.00091  	0.00572  	-0.0158  	-0.0065  	-0.0221  	0.02891  	-0.0465  	-0.0131  	-0.0264  	-0.0084  	-0.0145  	0.04950  	0.02429  	-0.0111  	-0.0112  	0.00787  	0.04152  	-0.1263  	0.06354  	-0.0146  	-0.0377  	0.47131  	
0.08238  	-0.0630  	0.47606  	-1.2900  	-1.1198  	-0.4685  	-0.1676  	-0.0293  	0.36528  	0.64348  	0.87379  	0.00940  	-0.2600  	-0.8937  	0.03775  	0.98425  	-0.2070  	-0.3343  	0.23830  	0.57051  	0.72110  	-0.4917  	-0.2321  	0.18375  	-0.6246  	-0.0344  	0.00799  	-0.1843  	-0.5988  	-0.1541  	-0.0259  	0.34167  	0.19784  	0.06099  	0.27355  	-0.2077  	0.58870  	0.10688  	-0.3185  	0.60987  	0.10060  	-0.0859  	-0.0266  	0.02567  	-0.0464  	-0.0235  	-0.0115  	0.03147  	0.00091  	0.00572  	-0.0158  	-0.0065  	-0.0221  	0.02891  	-0.0465  	-0.0131  	-0.0264  	-0.0084  	-0.0145  	0.04950  	0.02429  	-0.0111  	-0.0112  	0.00787  	0.03911  	-0.1275  	0.06315  	-0.0145  	-0.0369  	0.45680  	
0.08238  	-0.0630  	0.47606  	-1.2900  	-1.1198  	-0.4685  	-0.1676  	-0.0293  	0.36528  	0.64348  	0.87379  	0.00940  	-0.2600  	-0.8937  	0.03775  	0.98425  	-0.2070  	-0.3343  	0.23830  	0.57051  	0.72110  	-0.4917  	-0.2321  	0.18375  	-0.6246  	-0.0344  	0.00799  	-0.1843  	-0.5988  	-0.1541  	-0.0259  	0.34167  	0.19784  	0.06099  	0.27355  	-0.2077  	0.58870  	0.10688  	-0.3185  	0.60987  	0.10060  	-0.0859  	-0.0266  	0.02567  	-0.0464  	-0.0235  	-0.0115  	0.03147  	0.00091  	0.00572  	-0.0158  	-0.0065  	-0.0221  	0.02891  	-0.0465  	-0.0131  	-0.0264  	-0.0084  	-0.0145  	0.04950  	0.02429  	-0.0111  	-0.0112  	0.00787  	0.03581  	-0.1284  	0.06270  	-0.0147  	-0.0365  	0.45725  	
-0.1558  	-0.1851  	0.26856  	-1.2858  	-0.9802  	-0.6372  	-0.1578  	-0.2586  	0.25855  	0.87343  	0.83378  	-0.0150  	-0.2985  	-1.1782  	-0.2939  	0.98612  	-0.2751  	-0.1723  	0.21147  	0.79793  	0.35255  	-0.5282  	-0.4776  	0.03859  	-0.5260  	-0.0321  	-0.1796  	0.21259  	-0.3272  	-0.1355  	-0.0516  	0.31275  	0.18467  	0.07346  	0.15338  	0.00092  	0.33517  	0.00222  	-0.2256  	0.70125  	0.13730  	-0.0742  	-0.0367  	0.02329  	-0.0325  	-0.0259  	-0.0013  	0.03312  	0.00623  	0.00058  	0.01631  	-0.0126  	-0.0234  	0.01876  	-0.0414  	-0.0262  	-0.0060  	-0.0075  	-0.0083  	0.04477  	0.01488  	-0.0252  	-0.0057  	0.00909  	0.03346  	-0.1301  	0.06255  	-0.0146  	-0.0365  	0.45198  	
-0.2864  	-0.2680  	0.18745  	-1.4017  	-1.0399  	-0.7140  	-0.1457  	-0.3176  	0.20931  	0.90175  	0.82335  	-0.0079  	-0.3079  	-1.2813  	-0.4277  	0.99225  	-0.2976  	-0.1255  	0.21990  	0.78238  	0.19631  	-0.5142  	-0.5114  	0.01291  	-0.4429  	-0.0189  	-0.1589  	0.29091  	-0.2017  	-0.1033  	-0.0227  	0.30630  	0.14934  	0.08101  	0.08101  	0.07597  	0.24090  	0.00612  	-0.1859  	0.71616  	0.16792  	-0.0708  	-0.0165  	0.03540  	-0.0384  	-0.0332  	-0.0084  	0.03984  	0.00444  	-0.0065  	0.01201  	-0.0106  	-0.0197  	0.01864  	-0.0362  	-0.0325  	-0.0069  	-0.0063  	-0.0056  	0.04646  	0.01747  	-0.0282  	0.00322  	0.01296  	0.03153  	-0.1304  	0.06273  	-0.0145  	-0.0361  	0.4471  	
-0.3176  	-0.2874  	0.13490  	-1.4141  	-1.0329  	-0.7228  	-0.1651  	-0.3445  	0.17910  	0.88451  	0.82519  	-0.0208  	-0.3314  	-1.3626  	-0.4689  	0.99307  	-0.2644  	-0.1523  	0.24397  	0.74894  	0.23628  	-0.5419  	-0.4878  	0.03065  	-0.4000  	-0.0385  	-0.1013  	0.26468  	-0.2546  	-0.0887  	-0.0365  	0.33234  	0.11121  	0.06432  	0.07625  	0.09455  	0.28932  	0.00818  	-0.1985  	0.70573  	0.14628  	-0.0794  	-0.0262  	0.04302  	-0.0267  	-0.0326  	-0.0131  	0.03009  	0.00701  	-0.0045  	0.01135  	-0.0104  	-0.0158  	0.02529  	-0.0353  	-0.0307  	-0.0039  	-0.0065  	-0.0044  	0.04627  	0.01474  	-0.0322  	0.00101  	0.01049  	0.03128  	-0.1315  	0.06281  	-0.0147  	-0.0360  	0.44956  	
-0.5116  	-0.3359  	0.06506  	-1.4922  	-1.0907  	-0.8154  	-0.1896  	-0.3703  	0.18634  	0.82901  	0.81516  	-0.0674  	-0.3754  	-1.3994  	-0.4335  	0.89679  	-0.2418  	-0.1813  	0.25053  	0.74791  	0.25120  	-0.5500  	-0.4083  	0.04370  	-0.4364  	-0.0258  	-0.1465  	0.23754  	-0.2564  	-0.1078  	-0.0211  	0.31725  	0.09641  	0.06477  	0.07270  	0.05843  	0.30300  	-0.0025  	-0.1953  	0.70919  	0.15613  	-0.0986  	-0.0449  	0.05221  	-0.0308  	-0.0396  	-0.0136  	0.02103  	0.00103  	0.00666  	0.01371  	-0.0095  	-0.0308  	0.01757  	-0.0338  	-0.0235  	-0.0092  	-0.0022  	-0.0086  	0.04086  	0.01053  	-0.0290  	0.00179  	0.00766  	0.03244  	-0.1316  	0.06281  	-0.0148  	-0.0371  	0.45896  	
-0.2567  	-0.2014  	0.21310  	-1.3514  	-1.0124  	-0.7818  	-0.1863  	-0.2012  	0.24169  	0.81038  	0.81810  	-0.0634  	-0.3041  	-1.1852  	-0.3226  	0.91893  	-0.2683  	-0.2590  	0.25467  	0.75419  	0.36684  	-0.5132  	-0.4482  	0.07885  	-0.4101  	-0.0276  	-0.0344  	0.10616  	-0.3021  	-0.0553  	-0.0676  	0.32413  	0.11824  	0.07093  	0.16252  	-0.0062  	0.37115  	0.01208  	-0.2103  	0.68916  	0.10585  	-0.0772  	-0.0455  	0.02339  	-0.0297  	-0.0260  	-0.0136  	0.03103  	0.01076  	-0.0008  	0.00967  	-0.0167  	-0.0220  	0.01633  	-0.0436  	-0.0274  	-0.0057  	-0.0039  	-0.0089  	0.04963  	0.00626  	-0.0277  	-0.0125  	0.00833  	0.03494  	-0.1309  	0.06321  	-0.0152  	-0.0381  	0.46770  	
-0.0196  	-0.1035  	0.36574  	-1.2650  	-0.9655  	-0.5986  	-0.1309  	-0.0965  	0.30879  	0.80265  	0.72447  	-0.0914  	-0.1752  	-0.8789  	-0.0979  	0.92255  	-0.2474  	-0.3028  	0.26779  	0.69334  	0.48147  	-0.4715  	-0.4365  	0.13186  	-0.3605  	-0.0649  	0.02426  	-0.0233  	-0.3644  	-0.0249  	-0.0718  	0.30607  	0.14219  	0.06356  	0.20416  	-0.0765  	0.39599  	0.00918  	-0.2232  	0.70889  	0.09920  	-0.0609  	-0.0192  	0.01972  	-0.0329  	-0.0215  	-0.0220  	0.04305  	0.01958  	0.00337  	0.00437  	-0.0185  	-0.0220  	0.02391  	-0.0459  	-0.0189  	-0.0167  	-0.0123  	-0.0171  	0.05052  	0.01351  	-0.0332  	-0.0204  	0.00515  	0.03774  	-0.1274  	0.06371  	-0.0153  	-0.0384  	0.46204  	
-0.1966  	-0.2369  	0.19525  	-0.9833  	-0.7940  	-0.6632  	-0.1316  	-0.1888  	0.27228  	0.84016  	0.60577  	0.13140  	-0.1812  	-0.8031  	0.08139  	0.92824  	-0.2744  	-0.2659  	0.24180  	0.72735  	0.39736  	-0.4730  	-0.4656  	0.09491  	-0.4845  	-0.0361  	-0.1067  	0.07752  	-0.3588  	-0.0486  	-0.0266  	0.29446  	0.18512  	0.08103  	0.20503  	-0.1151  	0.35555  	0.00616  	-0.2292  	0.72433  	0.09559  	-0.0533  	-0.0301  	0.03032  	-0.0262  	-0.0179  	-0.0202  	0.03435  	-0.0027  	0.00958  	-0.0102  	-0.0216  	-0.0435  	0.01889  	-0.0523  	-0.0241  	-0.0003  	-0.0135  	-0.0131  	0.04413  	0.01232  	-0.0140  	-0.0201  	0.01125  	0.04044  	-0.1244  	0.06473  	-0.0156  	-0.0382  	0.44635  	
-0.5935  	-0.2737  	-0.0230  	-1.5435  	-1.0661  	-0.9273  	-0.1955  	-0.3646  	0.23539  	0.93540  	0.79532  	-0.0113  	-0.3477  	-1.2570  	-0.2964  	0.78105  	-0.2569  	-0.1649  	0.25046  	0.73164  	0.38041  	-0.5852  	-0.4067  	0.07393  	-0.5922  	-0.0083  	-0.3004  	0.12470  	-0.3504  	-0.1592  	0.00592  	0.28200  	0.15441  	0.08777  	0.10098  	-0.0535  	0.33317  	-0.0073  	-0.2208  	0.71331  	0.12774  	-0.0809  	-0.0602  	0.00498  	-0.0400  	-0.0129  	-0.0122  	0.00974  	-0.0098  	0.01452  	6.39565  	-0.0084  	-0.0401  	0.02489  	-0.0533  	-0.0378  	-0.0065  	-0.0054  	-0.0199  	0.04336  	0.01905  	-0.0177  	-0.0187  	0.00411  	0.04182  	-0.1207  	0.06537  	-0.0156  	-0.0385  	0.44594  	
-0.7101  	-0.2657  	0.12672  	-1.7051  	-1.1694  	-0.9914  	-0.2813  	-0.3126  	0.18363  	0.89443  	0.97870  	-0.1035  	-0.3537  	-1.4746  	-0.4517  	0.72710  	-0.1335  	-0.3531  	0.33166  	0.45472  	0.46822  	-0.8244  	-0.5950  	0.06336  	-0.6459  	0.09213  	-0.1785  	0.04568  	-0.2333  	-0.1738  	0.09273  	0.24575  	0.05035  	-0.0880  	-0.0344  	0.01216  	0.26688  	-0.0044  	-0.3365  	0.60202  	0.23906  	0.05397  	-0.1899  	0.08045  	-0.0827  	0.00342  	-0.0324  	0.00994  	-0.0288  	-0.0003  	0.00126  	-0.0082  	-0.0283  	0.04581  	-0.0396  	-0.0426  	-0.0064  	-0.0065  	0.00422  	0.05498  	0.01751  	-0.0236  	-0.0231  	0.01224  	0.04042  	-0.1183  	0.06615  	-0.0157  	-0.0391  	0.45810  	
-0.7074  	-0.2799  	0.06031  	-1.8018  	-1.2454  	-1.0100  	-0.2267  	-0.3158  	0.13681  	0.88324  	0.99479  	-0.1064  	-0.3051  	-1.6139  	-0.4993  	0.68394  	-0.0877  	-0.4355  	0.39738  	0.23119  	0.38472  	-0.9669  	-0.7805  	-0.0359  	-0.6669  	0.19096  	-0.2425  	0.04924  	-0.0753  	-0.1729  	0.23029  	0.18524  	-0.0305  	-0.2268  	-0.1473  	0.04801  	0.13291  	-0.0076  	-0.3919  	0.55742  	0.34876  	0.15420  	-0.2502  	0.19703  	-0.1332  	0.00205  	-0.0477  	0.04931  	-0.0356  	-0.0053  	0.01812  	-0.0016  	-0.0284  	0.05663  	-0.0230  	-0.0363  	-0.0190  	-0.0227  	-0.0061  	0.06236  	0.02541  	-0.0233  	-0.0318  	0.01421  	0.03744  	-0.1159  	0.06690  	-0.0151  	-0.0382  	0.45764  	
-0.7094  	-0.2510  	0.18419  	-1.7913  	-1.2112  	-0.9877  	-0.2403  	-0.2766  	0.15544  	0.85216  	0.88455  	-0.1037  	-0.3205  	-1.5368  	-0.4413  	0.66271  	-0.0529  	-0.5187  	0.40978  	0.13760  	0.40426  	-0.9817  	-0.7889  	0.00070  	-0.6785  	0.22517  	-0.2114  	0.01538  	-0.0236  	-0.1551  	0.25723  	0.15909  	-0.0698  	-0.2591  	-0.1719  	-0.0204  	0.11042  	-0.0208  	-0.4432  	0.53220  	0.39249  	0.17682  	-0.2565  	0.22982  	-0.1479  	0.01400  	-0.0540  	0.06575  	-0.0386  	-0.0183  	0.01278  	0.00198  	-0.0285  	0.05612  	-0.0354  	-0.0367  	-0.0177  	-0.0311  	-0.0068  	0.05469  	0.03188  	-0.0262  	-0.0420  	0.01074  	0.03561  	-0.1146  	0.06754  	-0.0142  	-0.0366  	0.45270  	
-0.5419  	-0.1960  	0.25774  	-1.6290  	-1.2032  	-0.8941  	-0.2748  	-0.2602  	0.16297  	0.84598  	0.78767  	-0.0539  	-0.2666  	-1.4505  	-0.3890  	0.71574  	-0.0271  	-0.4875  	0.39992  	0.22150  	0.39000  	-0.9355  	-0.6815  	0.02474  	-0.7088  	0.19015  	-0.2401  	0.00910  	-0.0592  	-0.1704  	0.20825  	0.19557  	-0.0516  	-0.2164  	-0.1686  	-0.0466  	0.09934  	0.00739  	-0.4293  	0.56287  	0.38413  	0.11115  	-0.2175  	0.21125  	-0.1513  	0.00683  	-0.0463  	0.07722  	-0.0251  	-0.0189  	0.00902  	-0.0066  	-0.0249  	0.05084  	-0.0291  	-0.0415  	-0.0217  	-0.0191  	-0.0081  	0.04487  	0.03149  	-0.0287  	-0.0372  	0.00815  	0.03410  	-0.1130  	0.06764  	-0.0132  	-0.0352  	0.46412  	
-0.6893  	-0.2251  	0.17075  	-1.7563  	-1.2404  	-0.9319  	-0.2319  	-0.3214  	0.18407  	0.90624  	0.89054  	-0.0769  	-0.3451  	-1.4375  	-0.5262  	0.73087  	-0.1164  	-0.3448  	0.33782  	0.41119  	0.35180  	-0.7626  	-0.4997  	-0.0158  	-0.6688  	0.11952  	-0.2589  	0.09668  	-0.1520  	-0.1674  	0.13268  	0.21353  	0.01152  	-0.0852  	-0.1123  	0.00515  	0.18604  	0.00284  	-0.3340  	0.56739  	0.32292  	0.01688  	-0.1155  	0.14365  	-0.0921  	-0.0142  	-0.0252  	0.05322  	-0.0200  	-0.0097  	0.00986  	-0.0055  	-0.0244  	0.03938  	-0.0342  	-0.0379  	-0.0134  	-0.0094  	-0.0033  	0.04852  	0.02505  	-0.0136  	-0.0228  	0.01252  	0.03409  	-0.1124  	0.06807  	-0.0118  	-0.0338  	0.45954  	
-0.7225  	-0.3017  	0.06005  	-1.8315  	-1.2661  	-0.9652  	-0.1800  	-0.4082  	0.18178  	0.94571  	0.92830  	-0.1548  	-0.4349  	-1.4703  	-0.5948  	0.78770  	-0.2259  	-0.1645  	0.28253  	0.69381  	0.30559  	-0.5553  	-0.2754  	-0.0157  	-0.5725  	0.03116  	-0.2382  	0.16460  	-0.2558  	-0.1717  	0.00898  	0.27524  	0.12400  	0.06946  	-0.0395  	0.02628  	0.31567  	-0.0086  	-0.2203  	0.67974  	0.23309  	-0.0994  	-0.0170  	0.06977  	-0.0202  	-0.0232  	-0.0067  	0.02105  	-0.0090  	0.00111  	0.00248  	-0.0083  	-0.0319  	0.02007  	-0.0441  	-0.0326  	-0.0113  	-0.0023  	-0.0023  	0.04376  	0.02208  	-0.0182  	-0.0080  	0.00920  	0.03433  	-0.1108  	0.06864  	-0.0101  	-0.0323  	0.46102  	
-0.7218  	-0.2831  	0.10464  	-1.8183  	-1.2539  	-0.9185  	-0.1877  	-0.3769  	0.19660  	0.92653  	0.88063  	-0.1424  	-0.4063  	-1.4196  	-0.5532  	0.79685  	-0.2444  	-0.1885  	0.26312  	0.66823  	0.23514  	-0.5165  	-0.2502  	-0.0218  	-0.5769  	0.03071  	-0.2609  	0.19950  	-0.1920  	-0.1404  	0.01927  	0.26430  	0.13206  	0.07572  	-0.0524  	0.01927  	0.29627  	-0.0068  	-0.2050  	0.68831  	0.26052  	-0.0986  	-0.0072  	0.07927  	-0.0353  	-0.0305  	-0.0069  	0.02713  	-0.0013  	0.00040  	-0.0008  	-0.0076  	-0.0326  	0.01960  	-0.0436  	-0.0350  	-0.0106  	-0.0057  	-0.0050  	0.04106  	0.02286  	-0.0166  	-0.0057  	0.01385  	0.03522  	-0.1102  	0.06904  	-0.0088  	-0.0315  	0.46916  	
-0.7790  	-0.2991  	0.06277  	-1.8570  	-1.2751  	-0.9648  	-0.1703  	-0.4311  	0.18525  	0.96243  	0.85090  	-0.1167  	-0.3781  	-1.4784  	-0.6430  	0.82106  	-0.2534  	-0.1148  	0.24464  	0.70198  	0.14951  	-0.5383  	-0.2569  	-0.0812  	-0.6058  	0.05032  	-0.3194  	0.27859  	-0.1691  	-0.1648  	0.05194  	0.25196  	0.12643  	0.09436  	-0.1194  	0.05691  	0.21105  	-0.0207  	-0.1852  	0.68498  	0.28051  	-0.1102  	0.01771  	0.07085  	-0.0338  	-0.0379  	-0.0048  	0.02921  	-0.0019  	0.00426  	-0.0022  	-0.0124  	-0.0327  	0.02103  	-0.0372  	-0.0377  	-0.0118  	-0.0073  	-0.0026  	0.04026  	0.02269  	-0.0077  	-0.0020  	0.01729  	0.03646  	-0.1094  	0.07003  	-0.0078  	-0.0315  	0.47292  	
-0.8519  	-0.2998  	0.05928  	-1.8927  	-1.2393  	-1.0645  	-0.1887  	-0.4044  	0.16655  	1.01061  	0.89940  	-0.0664  	-0.3493  	-1.3518  	-0.6668  	0.78210  	-0.2836  	-0.1109  	0.25318  	0.75291  	0.18951  	-0.5460  	-0.3112  	-0.0491  	-0.6045  	0.02840  	-0.3019  	0.27666  	-0.2193  	-0.1582  	0.04717  	0.24328  	0.14517  	0.09577  	-0.0524  	0.04543  	0.20408  	-0.0304  	-0.1939  	0.67699  	0.24066  	-0.0991  	0.00497  	0.04724  	-0.0301  	-0.0410  	-0.0071  	0.02574  	-0.0072  	0.01016  	0.00034  	-0.0156  	-0.0341  	0.02011  	-0.0410  	-0.0320  	-0.0108  	-0.0048  	-0.0089  	0.04395  	0.02061  	-0.0069  	-0.0041  	0.00860  	0.03808  	-0.1088  	0.07143  	-0.0076  	-0.0320  	0.48378  	
-0.8350  	-0.2741  	0.02268  	-1.9100  	-1.2693  	-1.1515  	-0.2170  	-0.3708  	0.16071  	1.01845  	1.01069  	-0.1226  	-0.3950  	-1.3437  	-0.5249  	0.69581  	-0.2624  	-0.1768  	0.24879  	0.69006  	0.33735  	-0.5051  	-0.2951  	0.01326  	-0.5893  	0.02011  	-0.2026  	0.11712  	-0.3095  	-0.1401  	0.02876  	0.24739  	0.13589  	0.07514  	0.01007  	0.00504  	0.31514  	-0.0083  	-0.2212  	0.67904  	0.20893  	-0.0773  	-0.0473  	0.02040  	-0.0260  	-0.0262  	-0.0051  	0.00914  	-0.0179  	0.02305  	-0.0085  	-0.0123  	-0.0263  	0.02385  	-0.0506  	-0.0400  	-0.0138  	-0.0068  	-0.0066  	0.04595  	0.01672  	-0.0081  	-0.0097  	0.00502  	0.03897  	-0.1076  	0.07288  	-0.0075  	-0.0320  	0.47520  	
-0.6458  	-0.2760  	0.13676  	-1.8092  	-1.2560  	-0.9734  	-0.2042  	-0.3637  	0.19658  	0.87541  	0.95547  	-0.1311  	-0.4352  	-1.3478  	-0.6048  	0.79954  	-0.2151  	-0.1971  	0.26448  	0.68582  	0.35727  	-0.5364  	-0.2818  	0.06031  	-0.5758  	0.04427  	-0.1730  	0.13602  	-0.2909  	-0.1373  	0.03720  	0.25515  	0.13232  	0.05909  	0.01590  	0.00655  	0.34986  	-0.0214  	-0.2474  	0.67235  	0.21363  	-0.0891  	-0.0388  	0.04267  	-0.0175  	-0.0348  	-0.0072  	0.01172  	-0.0187  	0.01799  	0.00331  	-0.0164  	-0.0293  	0.02013  	-0.0490  	-0.0273  	-0.0130  	-0.0076  	-0.0146  	0.03978  	0.01537  	-0.0076  	-0.0022  	0.01000  	0.04064  	-0.1087  	0.07375  	-0.0078  	-0.0319  	0.46827  	
-0.4108  	-0.2689  	0.21493  	-1.5478  	-1.1225  	-0.7101  	-0.1858  	-0.2848  	0.20951  	0.82131  	0.77085  	-0.0359  	-0.3510  	-1.2929  	-0.4772  	0.91955  	-0.2125  	-0.1703  	0.25598  	0.71868  	0.26693  	-0.5701  	-0.3770  	0.05610  	-0.5363  	0.01158  	-0.2048  	0.24464  	-0.2506  	-0.1525  	-0.0204  	0.27730  	0.16201  	0.05801  	0.05681  	0.03581  	0.28034  	-0.0342  	-0.1905  	0.72380  	0.19218  	-0.0895  	-0.0237  	0.03659  	-0.0242  	-0.0232  	-0.0081  	0.02365  	-0.0058  	0.00896  	0.01057  	-0.0162  	-0.0269  	0.01195  	-0.0403  	-0.0318  	-0.0016  	-0.0054  	-0.0123  	0.03760  	0.01318  	-0.0117  	-0.0053  	0.01741  	0.04094  	-0.1103  	0.07328  	-0.0084  	-0.0328  	0.47815  	
-0.2108  	-0.2407  	0.30114  	-1.3875  	-1.0325  	-0.6047  	-0.2154  	-0.2596  	0.21819  	0.79448  	0.84458  	0.04331  	-0.3269  	-1.2995  	-0.4204  	1.08352  	-0.2655  	-0.1779  	0.26225  	0.80250  	0.31790  	-0.5775  	-0.5224  	0.10455  	-0.5404  	-0.0024  	-0.1610  	0.21786  	-0.3176  	-0.1530  	-0.0261  	0.31872  	0.15604  	0.05637  	0.15073  	0.05790  	0.31908  	0.00689  	-0.2432  	0.72746  	0.14942  	-0.0900  	-0.0249  	0.03624  	-0.0322  	-0.0231  	-0.0034  	0.03746  	-0.0036  	0.00353  	0.02151  	-0.0178  	-0.0173  	0.01046  	-0.0437  	-0.0271  	-0.0023  	-0.0102  	-0.0120  	0.05113  	0.01110  	-0.0286  	-0.0107  	0.00953  	0.04076  	-0.1133  	0.07258  	-0.0092  	-0.0345  	0.48249  	
0.04759  	-0.2052  	0.41147  	-1.0103  	-0.8630  	-0.5545  	-0.1481  	-0.2145  	0.24693  	0.76677  	0.63143  	0.03623  	-0.2288  	-1.0535  	-0.1637  	1.03630  	-0.2836  	-0.2537  	0.23987  	0.71236  	0.34559  	-0.4973  	-0.5310  	0.09344  	-0.4222  	-0.0711  	-0.0642  	0.10286  	-0.2703  	-0.0435  	-0.0787  	0.33115  	0.15052  	0.06820  	0.18982  	-0.0142  	0.34085  	0.00400  	-0.1833  	0.72368  	0.11156  	-0.0510  	-0.0259  	0.01635  	-0.0461  	-0.0288  	-0.0105  	0.04828  	0.01825  	-0.0213  	0.02245  	-0.0129  	-0.0219  	0.01512  	-0.0506  	-0.0223  	-0.0091  	-0.0131  	-0.0022  	0.03849  	0.01065  	-0.0281  	-0.0054  	-0.0056  	0.04072  	-0.1161  	0.07108  	-0.0098  	-0.0354  	0.48305  	
0.11633  	-0.0397  	0.39941  	-0.9079  	-0.7712  	-0.4725  	-0.1424  	-0.1454  	0.29802  	0.75480  	0.48743  	0.06246  	-0.1355  	-0.8252  	0.15782  	0.95750  	-0.2465  	-0.2943  	0.25270  	0.68497  	0.41164  	-0.4174  	-0.5011  	0.07485  	-0.4029  	-0.0712  	-0.0234  	0.02127  	-0.2868  	-0.0087  	-0.0742  	0.29064  	0.17591  	0.08986  	0.22699  	-0.0604  	0.35153  	0.00212  	-0.1930  	0.71926  	0.09281  	-0.0609  	-0.0226  	0.02349  	-0.0525  	-0.0221  	-0.0256  	0.07767  	0.01458  	-0.0155  	0.00416  	-0.0110  	-0.0272  	0.02031  	-0.0459  	-0.0111  	-0.0056  	-0.0119  	-0.0072  	0.04393  	0.01447  	-0.0178  	-0.0086  	-0.0016  	0.04216  	-0.1189  	0.06902  	-0.0107  	-0.0362  	0.48804  	
-0.0503  	-0.0965  	0.26990  	-0.9475  	-0.8618  	-0.5501  	-0.1832  	-0.1738  	0.28343  	0.76792  	0.55679  	0.02135  	-0.1633  	-0.8244  	0.13940  	0.87921  	-0.2345  	-0.2511  	0.26377  	0.62980  	0.39948  	-0.4665  	-0.4260  	0.11436  	-0.4700  	-0.0580  	-0.0636  	0.00742  	-0.3379  	-0.0563  	-0.0453  	0.31183  	0.18994  	0.06031  	0.20383  	-0.0981  	0.36855  	0.01367  	-0.2195  	0.74623  	0.10983  	-0.0824  	-0.0323  	0.05494  	-0.0532  	-0.0242  	-0.0093  	0.05218  	-0.0042  	-0.0024  	-0.0024  	-0.0115  	-0.0339  	0.02319  	-0.0429  	-0.0204  	-0.0172  	-0.0148  	-0.0140  	0.05276  	0.01679  	-0.0176  	-0.0268  	0.00292  	0.04365  	-0.1209  	0.06670  	-0.0115  	-0.0376  	0.50258  	
-0.4104  	-0.2223  	0.08515  	-1.5089  	-1.0662  	-0.8235  	-0.1909  	-0.3157  	0.24484  	0.79542  	0.84937  	-0.0554  	-0.3236  	-1.2520  	-0.1458  	0.84576  	-0.2535  	-0.2089  	0.26399  	0.71580  	0.52542  	-0.5826  	-0.3605  	0.09845  	-0.5876  	-0.0253  	-0.1424  	0.03326  	-0.4150  	-0.1472  	-0.0263  	0.30604  	0.14882  	0.06412  	0.16660  	-0.1150  	0.43098  	0.02463  	-0.2710  	0.68394  	0.18452  	-0.0911  	-0.0561  	0.00085  	-0.0340  	-0.0113  	-0.0007  	0.02009  	-0.0172  	0.00020  	-0.0076  	-0.0182  	-0.0293  	0.01414  	-0.0497  	-0.0280  	-0.0193  	-0.0065  	-0.0103  	0.03952  	0.01922  	-0.0267  	-0.0274  	0.00385  	0.04591  	-0.1232  	0.06485  	-0.0121  	-0.0391  	0.51282  	
-0.4836  	-0.3020  	0.22198  	-1.6680  	-1.1703  	-0.7631  	-0.2283  	-0.3940  	0.21142  	0.76620  	0.86242  	-0.1322  	-0.3700  	-1.3675  	-0.3618  	0.83885  	-0.2023  	-0.2310  	0.29008  	0.62187  	0.47672  	-0.4970  	-0.2812  	0.12592  	-0.5039  	-0.0273  	-0.0610  	-0.0114  	-0.3991  	-0.1247  	-0.0323  	0.33549  	0.13245  	0.05392  	0.08974  	0.01433  	0.44256  	0.01017  	-0.2963  	0.66627  	0.16837  	-0.0716  	-0.0583  	0.03186  	-0.0269  	-0.0198  	-0.0086  	0.00042  	-0.0120  	-0.0016  	-0.0247  	-0.0147  	-0.0231  	0.02773  	-0.0518  	-0.0318  	-0.0158  	-0.0024  	0.00200  	0.03606  	0.01580  	-0.0139  	-0.0171  	0.00565  	0.04779  	-0.1234  	0.06317  	-0.0125  	-0.0404  	0.52029  	
-0.3879  	-0.2696  	0.14822  	-1.5025  	-1.1172  	-0.7127  	-0.2168  	-0.3594  	0.19249  	0.81387  	0.82368  	-0.0593  	-0.3950  	-1.4249  	-0.4289  	0.91798  	-0.2241  	-0.1670  	0.25615  	0.72934  	0.31699  	-0.5474  	-0.3598  	0.03728  	-0.4969  	-0.0166  	-0.1511  	0.20457  	-0.2537  	-0.1054  	-0.0297  	0.28886  	0.11879  	0.06556  	0.06184  	0.04424  	0.34592  	0.00130  	-0.2245  	0.70718  	0.18801  	-0.0956  	-0.0310  	0.04448  	-0.0336  	-0.0177  	-0.0145  	0.01920  	-0.0091  	0.00315  	0.00069  	-0.0107  	-0.0217  	0.01738  	-0.0364  	-0.0268  	-0.0144  	-0.0031  	-0.0103  	0.03910  	0.01234  	-0.0295  	-0.0072  	0.00940  	0.04900  	-0.1235  	0.06222  	-0.0129  	-0.0409  	0.51504  	
-0.3073  	-0.2216  	0.27360  	-1.4877  	-1.0653  	-0.7456  	-0.1801  	-0.3154  	0.22940  	0.89745  	0.87226  	-0.0380  	-0.3672  	-1.3408  	-0.4819  	0.97027  	-0.2793  	-0.1647  	0.25228  	0.76868  	0.31562  	-0.5419  	-0.4103  	0.03196  	-0.5071  	-0.0218  	-0.1709  	0.21568  	-0.2507  	-0.1336  	-0.0402  	0.29786  	0.13499  	0.06947  	0.09447  	0.05316  	0.34648  	0.00903  	-0.2285  	0.69704  	0.17479  	-0.0913  	-0.0305  	0.02954  	-0.0349  	-0.0294  	-0.0083  	0.03081  	-0.0004  	0.00081  	0.01864  	-0.0137  	-0.0222  	0.01653  	-0.0418  	-0.0213  	-0.0072  	-0.0082  	-0.0087  	0.04016  	0.01660  	-0.0311  	-0.0068  	0.00830  	0.04909  	-0.1224  	0.06251  	-0.0133  	-0.0416  	0.51267  	
-0.2737  	-0.2627  	0.25914  	-1.4658  	-1.0097  	-0.7020  	-0.1776  	-0.3355  	0.21311  	0.93179  	0.89090  	0.02233  	-0.3565  	-1.3771  	-0.5007  	1.08063  	-0.2913  	-0.1393  	0.25409  	0.79493  	0.24069  	-0.5703  	-0.5356  	0.03872  	-0.4858  	-0.0387  	-0.1633  	0.25068  	-0.2629  	-0.1262  	-0.0525  	0.31451  	0.13501  	0.07768  	0.12201  	0.08782  	0.30692  	0.01300  	-0.2204  	0.72207  	0.16671  	-0.0825  	-0.0349  	0.01755  	-0.0322  	-0.0289  	-0.0165  	0.02226  	0.00582  	0.00249  	0.01423  	-0.0148  	-0.0216  	0.02146  	-0.0371  	-0.0226  	-0.0065  	-0.0088  	-0.0118  	0.04634  	0.01375  	-0.0306  	-0.0015  	0.00918  	0.04812  	-0.1217  	0.06313  	-0.0137  	-0.0424  	0.51723  	
-0.2176  	-0.2664  	0.27398  	-1.4574  	-1.0023  	-0.7003  	-0.1712  	-0.3562  	0.19416  	0.89805  	0.90017  	-0.0095  	-0.3618  	-1.3800  	-0.4924  	1.08997  	-0.3093  	-0.1519  	0.22981  	0.78372  	0.28730  	-0.5555  	-0.5425  	0.09187  	-0.4784  	-0.0343  	-0.1398  	0.21534  	-0.3180  	-0.1368  	-0.0460  	0.32953  	0.13049  	0.07376  	0.14810  	0.08887  	0.34131  	0.01354  	-0.2386  	0.73255  	0.14752  	-0.0568  	-0.0237  	0.02410  	-0.0224  	-0.0274  	-0.0149  	0.02120  	0.01302  	4.09577  	0.01388  	-0.0185  	-0.0207  	0.02054  	-0.0354  	-0.0258  	0.00011  	-0.0089  	-0.0107  	0.04502  	0.00962  	-0.0323  	-0.0063  	0.01181  	0.04496  	-0.1206  	0.06383  	-0.0139  	-0.0421  	0.50975  	
-0.1730  	-0.2271  	0.22740  	-1.1759  	-0.9162  	-0.5984  	-0.1844  	-0.3557  	0.19922  	0.79904  	0.71836  	0.03442  	-0.3617  	-1.2031  	-0.3450  	1.01091  	-0.2542  	-0.2147  	0.23449  	0.74309  	0.29516  	-0.4777  	-0.5317  	0.13469  	-0.4025  	-0.0430  	-0.0530  	0.21791  	-0.2376  	-0.0385  	-0.0797  	0.33141  	0.11323  	0.05132  	0.13300  	0.09878  	0.30370  	-0.0065  	-0.1950  	0.71302  	0.10120  	-0.0461  	-0.0179  	0.01242  	-0.0267  	-0.0180  	-0.0280  	0.03321  	0.00862  	-0.0073  	0.02413  	-0.0166  	-0.0169  	0.00855  	-0.0449  	-0.0216  	-0.0067  	-0.0040  	-0.0025  	0.04965  	0.01160  	-0.0342  	-0.0140  	0.00961  	0.04163  	-0.1212  	0.06437  	-0.0139  	-0.0412  	0.50095  	
-0.1312  	-0.1892  	0.12389  	-0.8684  	-0.7442  	-0.5573  	-0.1609  	-0.1822  	0.25997  	0.71471  	0.51665  	0.07073  	-0.1234  	-0.8624  	0.04617  	0.91757  	-0.2673  	-0.2501  	0.24384  	0.73082  	0.30730  	-0.4769  	-0.5474  	0.01605  	-0.3348  	-0.0395  	-0.0993  	0.22394  	-0.1658  	0.02631  	-0.0844  	0.26192  	0.13265  	0.08230  	0.14949  	-0.0692  	0.24323  	-0.0225  	-0.1712  	0.71795  	0.07108  	-0.0665  	-0.0301  	0.00882  	-0.0220  	-0.0355  	-0.0174  	0.02276  	0.01993  	-0.0079  	5.29071  	-0.0205  	-0.0352  	0.00976  	-0.0445  	-0.0222  	-0.0118  	-0.0063  	-0.0064  	0.03971  	0.00714  	-0.0285  	-0.0087  	0.01166  	0.03756  	-0.1221  	0.06419  	-0.0142  	-0.0409  	0.50037  	
-0.1663  	-0.1887  	0.09477  	-0.8736  	-0.6681  	-0.6460  	-0.1551  	-0.1662  	0.26133  	0.73923  	0.56166  	0.16619  	-0.1237  	-0.7432  	0.07705  	0.92352  	-0.2754  	-0.2497  	0.26038  	0.71784  	0.35364  	-0.4667  	-0.5207  	0.07813  	-0.4452  	-0.0166  	-0.0538  	0.18445  	-0.2660  	-0.0113  	-0.0590  	0.29092  	0.20822  	0.08351  	0.22678  	-0.1106  	0.32084  	-0.0162  	-0.2068  	0.71299  	0.05479  	-0.0463  	-0.0631  	0.02590  	-0.0337  	-0.0220  	-0.0130  	0.04251  	0.00190  	0.00399  	-0.0024  	-0.0177  	-0.0382  	0.01643  	-0.0495  	-0.0133  	-0.0187  	-0.0181  	-0.0028  	0.04751  	0.01491  	-0.0162  	-0.0325  	0.00105  	0.03484  	-0.1237  	0.06397  	-0.0142  	-0.0409  	0.48811  	
-0.4632  	-0.2156  	0.04711  	-1.3635  	-0.8721  	-0.8591  	-0.1654  	-0.2808  	0.21887  	0.81001  	0.77035  	0.11890  	-0.2938  	-1.1021  	-0.0846  	0.84882  	-0.2547  	-0.2029  	0.24323  	0.74729  	0.41372  	-0.5076  	-0.4134  	0.10487  	-0.5417  	-0.0202  	-0.1450  	0.14546  	-0.3279  	-0.1211  	-0.0131  	0.27253  	0.18595  	0.08297  	0.19253  	-0.0854  	0.34823  	-0.0124  	-0.2551  	0.71540  	0.12047  	-0.0532  	-0.0942  	0.01443  	-0.0336  	-0.0261  	-0.0062  	0.00827  	-0.0238  	0.00783  	0.00591  	-0.0148  	-0.0285  	0.01025  	-0.0476  	-0.0180  	-0.0027  	-0.0029  	-0.0119  	0.05007  	0.01761  	-0.0041  	-0.0240  	0.00406  	0.03238  	-0.1247  	0.06374  	-0.0140  	-0.0406  	0.47934  	
-0.4406  	-0.2913  	0.16916  	-1.5863  	-1.0974  	-0.7563  	-0.2570  	-0.3941  	0.20842  	0.81239  	0.83842  	-0.1429  	-0.3962  	-1.3676  	-0.4294  	0.89909  	-0.2399  	-0.1910  	0.27728  	0.70090  	0.41849  	-0.5390  	-0.3220  	0.10114  	-0.4939  	-0.0047  	-0.1440  	0.06041  	-0.3559  	-0.1111  	-0.0555  	0.30970  	0.13008  	0.05352  	0.06386  	0.01572  	0.38241  	-0.0021  	-0.2459  	0.70180  	0.15774  	-0.0742  	-0.0633  	0.02427  	-0.0284  	-0.0165  	-0.0080  	0.00153  	-0.0228  	0.02109  	-0.0033  	-0.0129  	-0.0258  	0.02342  	-0.0477  	-0.0226  	-0.0105  	-0.0068  	-0.0046  	0.04482  	0.00781  	-0.0269  	-0.0153  	0.00692  	0.03137  	-0.1264  	0.06300  	-0.0142  	-0.0401  	0.48156  	
-0.2964  	-0.2582  	0.25787  	-1.4243  	-1.0642  	-0.7069  	-0.2247  	-0.3673  	0.19427  	0.86814  	0.81725  	-0.0687  	-0.3872  	-1.3681  	-0.4386  	0.98824  	-0.2370  	-0.1899  	0.27892  	0.71907  	0.33210  	-0.5526  	-0.3843  	0.09156  	-0.4911  	-0.0135  	-0.1558  	0.15776  	-0.3136  	-0.1072  	-0.0494  	0.29495  	0.11116  	0.04743  	0.09103  	0.05952  	0.37750  	0.00136  	-0.2321  	0.72618  	0.17196  	-0.0958  	-0.0347  	0.05114  	-0.0350  	-0.0222  	-0.0039  	0.02137  	-0.0081  	0.00115  	0.01066  	-0.0084  	-0.0199  	0.01818  	-0.0373  	-0.0279  	-0.0124  	-0.0074  	-0.0101  	0.05522  	0.01234  	-0.0369  	-0.0003  	0.00658  	0.03153  	-0.1277  	0.06208  	-0.0142  	-0.0410  	0.48978  	
-0.2635  	-0.2298  	0.31995  	-1.5355  	-1.0983  	-0.6900  	-0.2114  	-0.3245  	0.22011  	0.91290  	0.90765  	-0.0194  	-0.3946  	-1.3889  	-0.5472  	1.08521  	-0.2771  	-0.1516  	0.28230  	0.73444  	0.31025  	-0.5518  	-0.4682  	0.01992  	-0.4810  	-0.0384  	-0.1549  	0.20609  	-0.2489  	-0.1264  	-0.0485  	0.32127  	0.12632  	0.06606  	0.08983  	0.09283  	0.35097  	0.02157  	-0.2091  	0.72347  	0.17676  	-0.0695  	-0.0106  	0.03553  	-0.0337  	-0.0226  	-0.0211  	0.03116  	0.00616  	-0.0006  	0.01011  	-0.0136  	-0.0235  	0.02683  	-0.0299  	-0.0234  	-0.0105  	-0.0110  	-0.0066  	0.04697  	0.01609  	-0.0225  	-0.0107  	0.00834  	0.03332  	-0.1282  	0.06136  	-0.0144  	-0.0418  	0.49914  	
-0.4555  	-0.2807  	0.16152  	-1.6260  	-1.1819  	-0.7716  	-0.1945  	-0.3265  	0.18819  	0.91875  	0.85174  	-0.0713  	-0.3616  	-1.3434  	-0.5769  	0.93965  	-0.2690  	-0.1584  	0.27819  	0.73457  	0.27565  	-0.5377  	-0.4280  	0.02222  	-0.4582  	-0.0167  	-0.1597  	0.23648  	-0.2280  	-0.1356  	-0.0245  	0.30068  	0.12343  	0.05840  	0.04669  	0.09330  	0.30108  	0.00056  	-0.2038  	0.72813  	0.18153  	-0.0818  	-0.0174  	0.04155  	-0.0280  	-0.0312  	-0.0112  	0.02187  	0.00019  	0.00609  	0.01519  	-0.0119  	-0.0209  	0.02551  	-0.0397  	-0.0330  	-0.0108  	-0.0062  	-0.0007  	0.05257  	0.01495  	-0.0247  	-0.0083  	0.00824  	0.03528  	-0.1260  	0.06117  	-0.0145  	-0.0419  	0.49389  	
-0.6125  	-0.2869  	0.13114  	-1.7272  	-1.2819  	-0.8839  	-0.2188  	-0.3739  	0.19767  	0.83756  	0.88705  	-0.1414  	-0.4303  	-1.3941  	-0.4362  	0.82636  	-0.1914  	-0.2166  	0.27919  	0.64993  	0.38941  	-0.5870  	-0.3012  	0.06319  	-0.5174  	-0.0059  	-0.1181  	0.10723  	-0.3337  	-0.1459  	-0.0126  	0.30930  	0.10745  	0.06462  	0.07008  	0.02468  	0.39693  	0.02399  	-0.2739  	0.66764  	0.20002  	-0.0795  	-0.0384  	0.03428  	-0.0344  	-0.0321  	-0.0048  	-0.0054  	-0.0198  	0.01622  	0.00390  	-0.0108  	-0.0207  	0.03138  	-0.0400  	-0.0271  	-0.0102  	-0.0027  	0.00386  	0.04825  	0.01397  	-0.0141  	-0.0014  	0.01160  	0.03671  	-0.1237  	0.06212  	-0.0145  	-0.0410  	0.47516  	
-0.4626  	-0.2348  	0.17950  	-1.6900  	-1.1941  	-0.7902  	-0.2531  	-0.3168  	0.20370  	0.79061  	0.84375  	-0.1053  	-0.4081  	-1.2875  	-0.3421  	0.82718  	-0.2085  	-0.2472  	0.26995  	0.58857  	0.44975  	-0.5016  	-0.2010  	0.10032  	-0.5778  	0.00756  	-0.1171  	0.00481  	-0.3813  	-0.1521  	-0.0214  	0.31402  	0.12203  	0.05482  	0.08662  	-0.0405  	0.42819  	0.04074  	-0.2710  	0.68133  	0.20593  	-0.0833  	-0.0421  	0.04131  	-0.0418  	-0.0224  	-0.0017  	0.01200  	-0.0160  	-0.0009  	-0.0075  	-0.0144  	-0.0273  	0.02131  	-0.0455  	-0.0361  	-0.0124  	-0.0036  	-0.0059  	0.04091  	0.01429  	-0.0202  	-0.0074  	0.00749  	0.03613  	-0.1210  	0.06312  	-0.0141  	-0.0408  	0.47420  	
-0.4143  	-0.2720  	0.18548  	-1.5355  	-1.1114  	-0.7599  	-0.2104  	-0.3112  	0.20435  	0.86711  	0.85792  	-0.0222  	-0.3783  	-1.3353  	-0.4306  	0.89250  	-0.2441  	-0.1779  	0.23874  	0.71014  	0.32233  	-0.5464  	-0.3295  	0.03980  	-0.5711  	0.00130  	-0.2010  	0.14869  	-0.2882  	-0.1420  	-0.0133  	0.28823  	0.14603  	0.05304  	0.06148  	0.01916  	0.36282  	0.00091  	-0.2596  	0.70919  	0.18687  	-0.0871  	-0.0270  	0.04264  	-0.0374  	-0.0299  	0.00101  	0.01490  	-0.0022  	-0.0047  	-0.0045  	-0.0134  	-0.0224  	0.02251  	-0.0414  	-0.0370  	-0.0109  	-0.0055  	-0.0099  	0.04249  	0.01091  	-0.0240  	-0.0069  	0.01482  	0.03341  	-0.1200  	0.06450  	-0.0136  	-0.0414  	0.48746  	
-0.3509  	-0.2288  	0.27921  	-1.4711  	-1.0661  	-0.7909  	-0.1850  	-0.3008  	0.21681  	0.96679  	0.90314  	-0.0036  	-0.3754  	-1.3208  	-0.5095  	1.03907  	-0.3025  	-0.1514  	0.24978  	0.78497  	0.26021  	-0.5285  	-0.4945  	0.01311  	-0.4784  	-0.0292  	-0.2056  	0.21218  	-0.2359  	-0.1170  	-0.0444  	0.31076  	0.13787  	0.06484  	0.09252  	0.07861  	0.31796  	0.00304  	-0.2187  	0.71519  	0.17934  	-0.0946  	-0.0169  	0.03520  	-0.0352  	-0.0295  	-0.0062  	0.03206  	0.00983  	-0.0090  	0.01345  	-0.0179  	-0.0220  	0.01696  	-0.0359  	-0.0302  	-0.0052  	-0.0086  	-0.0144  	0.04274  	0.00957  	-0.0306  	-0.0025  	0.00713  	0.02924  	-0.1187  	0.06581  	-0.0127  	-0.0406  	0.48794  	
-0.4386  	-0.2753  	0.15522  	-1.5146  	-1.1366  	-0.8244  	-0.1966  	-0.3344  	0.18238  	0.94610  	0.86448  	-0.0271  	-0.3344  	-1.3314  	-0.5783  	0.98648  	-0.2734  	-0.1133  	0.25087  	0.78286  	0.21498  	-0.5583  	-0.4862  	-0.0066  	-0.4889  	-0.0072  	-0.2329  	0.24467  	-0.2081  	-0.1168  	-0.0199  	0.30039  	0.12358  	0.07173  	0.05831  	0.10218  	0.26507  	-0.0127  	-0.1911  	0.72077  	0.16950  	-0.0868  	-0.0193  	0.03044  	-0.0251  	-0.0263  	-0.0045  	0.02856  	0.00688  	-0.0027  	0.01045  	-0.0126  	-0.0199  	0.02163  	-0.0353  	-0.0381  	-0.0111  	-0.0082  	-0.0080  	0.04819  	0.01034  	-0.0281  	0.00434  	0.00877  	0.02669  	-0.1181  	0.06687  	-0.0118  	-0.0390  	0.48395  	
-0.7653  	-0.3380  	-0.0613  	-1.7643  	-1.1832  	-1.0200  	-0.1414  	-0.3901  	0.12545  	0.96100  	0.97079  	-0.0556  	-0.3838  	-1.3196  	-0.6539  	0.84907  	-0.3019  	-0.1361  	0.25145  	0.79032  	0.21614  	-0.5191  	-0.3762  	0.02641  	-0.5479  	0.01251  	-0.2731  	0.24741  	-0.2168  	-0.1143  	0.02949  	0.27794  	0.13246  	0.08941  	0.03952  	0.10153  	0.24174  	-0.0312  	-0.2163  	0.65627  	0.18550  	-0.0705  	-0.0397  	0.02484  	-0.0253  	-0.0373  	-0.0190  	0.01231  	-0.0044  	0.00384  	0.01780  	-0.0126  	-0.0317  	0.00867  	-0.0322  	-0.0255  	-0.0118  	0.00102  	0.00323  	0.04370  	0.01774  	-0.0053  	-0.0105  	0.00665  	0.02598  	-0.1166  	0.06728  	-0.0109  	-0.0376  	0.48790  	
-0.9259  	-0.3734  	-0.0537  	-1.8888  	-1.2299  	-1.1277  	-0.2232  	-0.3805  	0.13904  	0.99575  	0.99830  	-0.1130  	-0.3445  	-1.2569  	-0.5025  	0.68747  	-0.2427  	-0.1640  	0.25175  	0.69647  	0.32930  	-0.5495  	-0.3450  	0.07367  	-0.5740  	0.01472  	-0.2259  	0.13693  	-0.2937  	-0.1483  	0.04609  	0.26005  	0.16005  	0.06897  	-0.0103  	0.00487  	0.26587  	-0.0117  	-0.2070  	0.67941  	0.16691  	-0.0756  	-0.0549  	-0.0069  	-0.0200  	-0.0233  	-0.0095  	0.01723  	-0.0216  	0.01821  	-0.0155  	-0.0121  	-0.0223  	0.01892  	-0.0444  	-0.0445  	-0.0133  	-0.0068  	-0.0028  	0.04708  	0.02325  	-0.0110  	-0.0093  	-0.0007  	0.02785  	-0.1151  	0.06797  	-0.0098  	-0.0361  	0.47245  	
-0.7163  	-0.2783  	0.16542  	-1.9660  	-1.3085  	-1.0536  	-0.2030  	-0.3374  	0.21091  	0.94650  	0.95903  	-0.1478  	-0.3783  	-1.2517  	-0.5283  	0.71444  	-0.2231  	-0.2191  	0.27393  	0.67281  	0.41119  	-0.5422  	-0.2285  	0.08568  	-0.6110  	0.03225  	-0.1304  	0.03251  	-0.3240  	-0.1582  	0.03183  	0.24989  	0.14183  	0.06592  	0.02600  	-0.0343  	0.35492  	0.00607  	-0.2568  	0.68581  	0.21550  	-0.0877  	-0.0359  	0.05265  	-0.0182  	-0.0359  	-0.0030  	0.01692  	-0.0175  	0.00372  	-0.0086  	-0.0110  	-0.0294  	0.02474  	-0.0548  	-0.0397  	-0.0192  	-0.0074  	-0.0089  	0.04251  	0.02046  	-0.0093  	-0.0072  	0.00451  	0.03113  	-0.1125  	0.06849  	-0.0085  	-0.0344  	0.46274  	
-0.4382  	-0.2337  	0.23572  	-1.6448  	-1.1579  	-0.7671  	-0.2297  	-0.2743  	0.22193  	0.83482  	0.80910  	-0.0644  	-0.3474  	-1.2808  	-0.4536  	0.86808  	-0.2132  	-0.1756  	0.28897  	0.69242  	0.33588  	-0.5307  	-0.2771  	0.04417  	-0.5567  	0.01350  	-0.1877  	0.14013  	-0.2782  	-0.1426  	-0.0175  	0.28422  	0.16785  	0.05273  	0.03352  	-0.0264  	0.35902  	0.00197  	-0.2262  	0.69523  	0.21325  	-0.0931  	-0.0112  	0.04087  	-0.0264  	-0.0264  	-0.0057  	0.02849  	-0.0055  	-0.0021  	-0.0057  	-0.0170  	-0.0295  	0.01740  	-0.0426  	-0.0335  	-0.0114  	-0.0034  	-0.0078  	0.03274  	0.01834  	-0.0170  	-0.0032  	0.00976  	0.03552  	-0.1103  	0.06850  	-0.0076  	-0.0331  	0.45548  	
-0.3261  	-0.2191  	0.28874  	-1.4804  	-1.0554  	-0.7574  	-0.1881  	-0.2843  	0.23174  	0.92150  	0.85128  	-0.0005  	-0.3487  	-1.2785  	-0.4130  	0.93807  	-0.2809  	-0.1812  	0.24203  	0.79258  	0.28450  	-0.5340  	-0.4114  	0.01349  	-0.5531  	-0.0087  	-0.2266  	0.22097  	-0.2231  	-0.1392  	-0.0129  	0.28606  	0.15193  	0.07362  	0.04974  	0.03546  	0.32245  	0.00182  	-0.2083  	0.71512  	0.19980  	-0.1041  	-0.0189  	0.03482  	-0.0415  	-0.0326  	-0.0014  	0.03281  	0.00387  	-0.0057  	0.01107  	-0.0147  	-0.0233  	0.01743  	-0.0408  	-0.0294  	-0.0090  	-0.0087  	-0.0081  	0.04396  	0.01358  	-0.0209  	-0.0037  	0.00649  	0.04084  	-0.1075  	0.06889  	-0.0071  	-0.0327  	0.44459  	
-0.2976  	-0.2144  	0.32685  	-1.4867  	-1.0684  	-0.7131  	-0.2114  	-0.3139  	0.24004  	0.93559  	0.90135  	0.00687  	-0.3739  	-1.3333  	-0.4591  	1.04720  	-0.2793  	-0.1603  	0.27881  	0.80049  	0.28146  	-0.5596  	-0.5050  	0.00842  	-0.4897  	-0.0417  	-0.2159  	0.21672  	-0.2554  	-0.1373  	-0.0447  	0.31408  	0.13868  	0.07378  	0.10470  	0.06896  	0.31683  	0.02103  	-0.2129  	0.71922  	0.19588  	-0.0903  	-0.0099  	0.01905  	-0.0430  	-0.0274  	-0.0102  	0.03143  	0.00350  	-0.0042  	0.01418  	-0.0128  	-0.0247  	0.02225  	-0.0348  	-0.0249  	-0.0064  	-0.0094  	-0.0091  	0.04599  	0.01575  	-0.0286  	-0.0039  	0.00543  	0.04618  	-0.1050  	0.06960  	-0.0071  	-0.0325  	0.44316  	
-0.3588  	-0.2403  	0.29070  	-1.6139  	-1.1785  	-0.7459  	-0.1932  	-0.3194  	0.20827  	0.92558  	0.87003  	-0.0763  	-0.3620  	-1.3242  	-0.5554  	0.98970  	-0.2887  	-0.1447  	0.25210  	0.74707  	0.22510  	-0.5600  	-0.4535  	-0.0163  	-0.5175  	-0.0112  	-0.2274  	0.23300  	-0.2179  	-0.1292  	-0.0189  	0.31331  	0.14966  	0.07209  	0.05571  	0.07564  	0.29730  	0.00097  	-0.2041  	0.72404  	0.21244  	-0.0875  	-0.0065  	0.03486  	-0.0417  	-0.0311  	-0.0098  	0.02464  	0.00619  	0.00243  	0.00864  	-0.0172  	-0.0234  	0.02027  	-0.0363  	-0.0321  	-0.0090  	-0.0087  	-0.0112  	0.04146  	0.01432  	-0.0207  	0.00064  	0.01116  	0.05020  	-0.1014  	0.07055  	-0.0073  	-0.0317  	0.42136  	
-0.6497  	-0.3024  	0.09794  	-1.6323  	-1.1890  	-0.8940  	-0.1869  	-0.3429  	0.19979  	0.90558  	0.91444  	-0.0693  	-0.3755  	-1.3312  	-0.5444  	0.89067  	-0.2551  	-0.2119  	0.26513  	0.73497  	0.28682  	-0.5444  	-0.4157  	0.07270  	-0.4681  	-0.0062  	-0.1567  	0.20566  	-0.2647  	-0.1083  	-0.0100  	0.28532  	0.12344  	0.07832  	0.07702  	0.09428  	0.30548  	-0.0178  	-0.2354  	0.69457  	0.18000  	-0.0718  	-0.0321  	0.01278  	-0.0291  	-0.0263  	-0.0076  	0.00573  	-0.0001  	0.01959  	0.00729  	-0.0126  	-0.0281  	0.01922  	-0.0445  	-0.0340  	-0.0105  	-0.0055  	-0.0026  	0.04228  	0.01260  	-0.0220  	-0.0015  	0.00966  	0.05351  	-0.1000  	0.07135  	-0.0076  	-0.0311  	0.39920  	
-0.7124  	-0.2720  	0.07654  	-1.7490  	-1.1919  	-0.9558  	-0.2138  	-0.3281  	0.17215  	0.91991  	0.86284  	-0.0826  	-0.3927  	-1.2397  	-0.3461  	0.72124  	-0.2066  	-0.2179  	0.26360  	0.63314  	0.36188  	-0.5541  	-0.3169  	0.02326  	-0.5091  	-0.0040  	-0.0826  	0.07600  	-0.2927  	-0.0956  	0.00809  	0.27366  	0.11850  	0.06631  	0.03605  	0.00314  	0.32502  	-0.0057  	-0.2274  	0.67460  	0.17287  	-0.0715  	-0.0359  	0.03023  	-0.0233  	-0.0247  	-0.0105  	0.00523  	-0.0236  	0.01030  	-0.0035  	-0.0136  	-0.0324  	0.02553  	-0.0493  	-0.0335  	-0.0111  	-0.0038  	-0.0082  	0.04412  	0.01971  	-0.0215  	-0.0082  	0.00379  	0.05421  	-0.0997  	0.07124  	-0.0079  	-0.0317  	0.40285  	
-0.4157  	-0.2272  	0.15134  	-1.5688  	-1.0959  	-0.8509  	-0.2231  	-0.2674  	0.24680  	0.79518  	0.80309  	0.03217  	-0.3449  	-1.1519  	-0.3106  	0.78812  	-0.2103  	-0.1823  	0.27292  	0.67568  	0.41216  	-0.5545  	-0.2950  	0.04484  	-0.5951  	0.00916  	-0.1617  	0.12874  	-0.3055  	-0.1200  	-0.0006  	0.26586  	0.13360  	0.05874  	0.05858  	-0.0425  	0.33442  	-0.0125  	-0.2243  	0.69261  	0.18273  	-0.0939  	-0.0110  	0.02931  	-0.0296  	-0.0290  	-0.0065  	0.02989  	-0.0123  	0.00765  	0.00418  	-0.0152  	-0.0322  	0.02220  	-0.0505  	-0.0272  	-0.0162  	-0.0141  	-0.0066  	0.04763  	0.01080  	-0.0149  	-0.0076  	0.00786  	0.05337  	-0.1021  	0.07148  	-0.0086  	-0.0332  	0.41079  	
-0.2567  	-0.1806  	0.28734  	-1.4021  	-1.0910  	-0.6555  	-0.2473  	-0.1883  	0.28115  	0.77330  	0.67485  	0.01250  	-0.2744  	-1.0740  	-0.1701  	0.83286  	-0.2197  	-0.2406  	0.25979  	0.66098  	0.43800  	-0.5135  	-0.2870  	0.05579  	-0.5955  	0.00093  	-0.1579  	0.06355  	-0.3504  	-0.1273  	-0.0091  	0.28885  	0.18453  	0.06232  	0.09827  	-0.0926  	0.36499  	0.02477  	-0.2506  	0.68620  	0.19083  	-0.1119  	0.00904  	0.03985  	-0.0412  	-0.0374  	0.01197  	0.03420  	0.00587  	0.00020  	0.00298  	-0.0136  	-0.0272  	0.02000  	-0.0523  	-0.0231  	-0.0236  	-0.0173  	-0.0091  	0.04618  	0.02020  	-0.0222  	-0.0155  	0.00622  	0.05158  	-0.1041  	0.07116  	-0.0092  	-0.0334  	0.41232  	
-0.1689  	-0.1438  	0.37103  	-1.4214  	-1.0834  	-0.6371  	-0.2162  	-0.1975  	0.27527  	0.78174  	0.78750  	-0.0002  	-0.2780  	-1.0557  	-0.1969  	0.89954  	-0.2457  	-0.2130  	0.28114  	0.69164  	0.47787  	-0.5120  	-0.3618  	0.04490  	-0.5872  	-0.0234  	-0.1783  	0.03974  	-0.3682  	-0.1474  	-0.0105  	0.29405  	0.18907  	0.08004  	0.12682  	-0.0711  	0.41912  	0.05286  	-0.2560  	0.67930  	0.20156  	-0.1030  	-0.0051  	0.02988  	-0.0389  	-0.0312  	-0.0032  	0.03212  	0.00151  	0.00619  	-0.0095  	-0.0112  	-0.0177  	0.02342  	-0.0443  	-0.0176  	-0.0221  	-0.0127  	-0.0103  	0.04993  	0.02226  	-0.0176  	-0.0165  	0.00482  	0.05078  	-0.1074  	0.07062  	-0.0100  	-0.0334  	0.41146  	
-0.0346  	-0.0992  	0.44470  	-1.3682  	-1.0831  	-0.5721  	-0.1783  	-0.1505  	0.30256  	0.76569  	0.85430  	0.00837  	-0.2751  	-0.9949  	-0.1466  	0.94531  	-0.2545  	-0.2478  	0.24827  	0.67929  	0.57790  	-0.5083  	-0.3660  	0.07361  	-0.5931  	-0.0245  	-0.1400  	-0.0468  	-0.4477  	-0.1589  	-0.0146  	0.29934  	0.19655  	0.07483  	0.20292  	-0.0991  	0.46158  	0.05903  	-0.2769  	0.65595  	0.16750  	-0.0883  	-0.0078  	0.02489  	-0.0372  	-0.0299  	-0.0021  	0.03506  	-0.0001  	0.01012  	-0.0014  	-0.0100  	-0.0209  	0.02541  	-0.0442  	-0.0162  	-0.0171  	-0.0099  	-0.0149  	0.04378  	0.01791  	-0.0158  	-0.0095  	0.00692  	0.05006  	-0.1107  	0.06985  	-0.0108  	-0.0340  	0.42021  	
0.06499  	-0.0630  	0.48598  	-1.3054  	-1.1514  	-0.4492  	-0.1623  	-0.0399  	0.34866  	0.66378  	0.89102  	-0.0051  	-0.2853  	-0.9348  	-0.0011  	0.97331  	-0.2105  	-0.3311  	0.25111  	0.58923  	0.73308  	-0.4911  	-0.2493  	0.18122  	-0.6062  	-0.0383  	0.00264  	-0.1994  	-0.5959  	-0.1621  	-0.0194  	0.35665  	0.19405  	0.05819  	0.25375  	-0.1846  	0.59743  	0.10688  	-0.3255  	0.60835  	0.12165  	-0.0921  	-0.0125  	0.02961  	-0.0448  	-0.0209  	-0.0079  	0.03137  	0.00324  	0.01099  	-0.0185  	-0.0101  	-0.0219  	0.03179  	-0.0453  	-0.0144  	-0.0223  	-0.0104  	-0.0132  	0.04883  	0.02329  	-0.0158  	-0.0087  	0.00249  	0.04964  	-0.1157  	0.06894  	-0.0115  	-0.0345  	0.42591  	
0.05337  	-0.0507  	0.47006  	-1.3024  	-1.1370  	-0.4707  	-0.1572  	-0.0387  	0.35542  	0.63915  	0.87786  	-0.0186  	-0.2672  	-0.8987  	0.03869  	0.97372  	-0.2268  	-0.3354  	0.24695  	0.57559  	0.73067  	-0.4876  	-0.2577  	0.17963  	-0.6032  	-0.0345  	-0.0084  	-0.1970  	-0.5854  	-0.1602  	-0.0206  	0.34538  	0.19764  	0.06254  	0.26587  	-0.1942  	0.58537  	0.10481  	-0.3184  	0.61099  	0.11671  	-0.0889  	-0.0224  	0.02675  	-0.0456  	-0.0249  	-0.0109  	0.03035  	0.00032  	0.01045  	-0.0188  	-0.0102  	-0.0193  	0.03191  	-0.0486  	-0.0144  	-0.0254  	-0.0089  	-0.0155  	0.05029  	0.02473  	-0.0120  	-0.0099  	0.00459  	0.04942  	-0.1185  	0.06748  	-0.0119  	-0.0347  	0.42602  	
0.07924  	-0.0514  	0.47639  	-1.2986  	-1.1372  	-0.4794  	-0.1658  	-0.0322  	0.36893  	0.63492  	0.87792  	0.00913  	-0.2600  	-0.8848  	0.04183  	0.97865  	-0.2176  	-0.3331  	0.24152  	0.56239  	0.73384  	-0.4815  	-0.2350  	0.17858  	-0.6223  	-0.0341  	0.00596  	-0.1865  	-0.5952  	-0.1560  	-0.0202  	0.33885  	0.20037  	0.06001  	0.27380  	-0.2075  	0.59466  	0.10215  	-0.3263  	0.61270  	0.11120  	-0.0861  	-0.0256  	0.02401  	-0.0465  	-0.0253  	-0.0097  	0.03155  	0.00010  	0.00886  	-0.0175  	-0.0079  	-0.0221  	0.02982  	-0.0471  	-0.0121  	-0.0276  	-0.0083  	-0.0139  	0.05152  	0.02461  	-0.0101  	-0.0118  	0.00667  	0.04932  	-0.1216  	0.06606  	-0.0125  	-0.0345  	0.41439  	
-0.0344  	-0.0932  	0.42100  	-1.3462  	-1.0643  	-0.5591  	-0.1684  	-0.1405  	0.30606  	0.70948  	0.87921  	-0.0022  	-0.2825  	-1.0038  	-0.1359  	0.97181  	-0.2543  	-0.2499  	0.22334  	0.65818  	0.60518  	-0.5440  	-0.3404  	0.13193  	-0.5961  	-0.0308  	-0.0879  	-0.0047  	-0.4844  	-0.1700  	-0.0304  	0.31729  	0.20105  	0.06644  	0.24611  	-0.1177  	0.48984  	0.05673  	-0.2882  	0.64824  	0.12915  	-0.0575  	-0.0435  	0.01174  	-0.0462  	-0.0232  	-0.0074  	0.03579  	-0.0091  	0.00946  	-0.0010  	-0.0075  	-0.0212  	0.02379  	-0.0451  	-0.0135  	-0.0167  	-0.0073  	-0.0106  	0.04689  	0.02490  	-0.0200  	-0.0112  	0.00857  	0.04916  	-0.1232  	0.06496  	-0.0129  	-0.0347  	0.40856  	
-0.1249  	-0.1661  	0.34756  	-1.3718  	-1.0647  	-0.6030  	-0.1813  	-0.2181  	0.26315  	0.77157  	0.85119  	-0.0337  	-0.3300  	-1.1135  	-0.1899  	0.94891  	-0.2671  	-0.2004  	0.22377  	0.69335  	0.48175  	-0.5402  	-0.3658  	0.08566  	-0.5897  	-0.0200  	-0.1582  	0.08429  	-0.3910  	-0.1552  	-0.0305  	0.31461  	0.17570  	0.06350  	0.20072  	-0.0591  	0.40649  	0.03336  	-0.2764  	0.67779  	0.13190  	-0.0705  	-0.0380  	0.02586  	-0.0399  	-0.0271  	7.29453  	0.02639  	-0.0061  	0.00491  	0.00590  	-0.0099  	-0.0263  	0.01745  	-0.0426  	-0.0258  	-0.0126  	-0.0081  	-0.0125  	0.04822  	0.01685  	-0.0268  	-0.0090  	0.01345  	0.04820  	-0.1250  	0.06399  	-0.0133  	-0.0353  	0.41218  	
-0.1802  	-0.2163  	0.29845  	-1.3845  	-1.0662  	-0.6548  	-0.1605  	-0.2680  	0.24771  	0.84364  	0.85551  	-0.0994  	-0.3373  	-1.2122  	-0.3080  	0.98054  	-0.2776  	-0.1705  	0.23433  	0.74611  	0.39138  	-0.5421  	-0.4281  	0.04766  	-0.5074  	-0.0326  	-0.1455  	0.16398  	-0.3201  	-0.1286  	-0.0455  	0.32402  	0.14711  	0.06892  	0.16741  	0.01868  	0.36505  	0.02452  	-0.2500  	0.68360  	0.14638  	-0.0722  	-0.0328  	0.03027  	-0.0344  	-0.0281  	-0.0088  	0.02323  	-0.0018  	0.00157  	0.01441  	-0.0133  	-0.0219  	0.01827  	-0.0384  	-0.0264  	-0.0044  	-0.0043  	-0.0060  	0.04329  	0.01322  	-0.0294  	-0.0018  	0.01284  	0.04566  	-0.1251  	0.06302  	-0.0134  	-0.0350  	0.40333  	
-0.2115  	-0.2360  	0.27511  	-1.4463  	-1.0661  	-0.6707  	-0.1771  	-0.2982  	0.23145  	0.87055  	0.88896  	-0.0774  	-0.3567  	-1.2931  	-0.3408  	1.00309  	-0.2932  	-0.1641  	0.23916  	0.73556  	0.36221  	-0.5461  	-0.4259  	0.03205  	-0.5003  	-0.0419  	-0.1623  	0.18820  	-0.2882  	-0.1173  	-0.0416  	0.32256  	0.13636  	0.07334  	0.16222  	0.05783  	0.35797  	0.02422  	-0.2469  	0.69514  	0.14379  	-0.0729  	-0.0273  	0.02808  	-0.0341  	-0.0254  	-0.0143  	0.01616  	-0.0042  	-0.0048  	0.01191  	-0.0131  	-0.0206  	0.02046  	-0.0392  	-0.0283  	-0.0015  	-0.0047  	-0.0044  	0.04237  	0.01409  	-0.0277  	0.00161  	0.01394  	0.04337  	-0.1259  	0.06248  	-0.0135  	-0.0343  	0.38997  	
-0.2373  	-0.2492  	0.27147  	-1.4774  	-1.0521  	-0.6696  	-0.1716  	-0.3339  	0.21069  	0.89502  	0.90847  	-0.0688  	-0.3730  	-1.3270  	-0.3980  	1.02972  	-0.2973  	-0.1662  	0.23476  	0.72294  	0.32930  	-0.5479  	-0.4370  	0.04044  	-0.4902  	-0.0452  	-0.1495  	0.20051  	-0.2798  	-0.1161  	-0.0439  	0.31952  	0.12849  	0.07415  	0.15579  	0.07129  	0.35663  	0.02229  	-0.2420  	0.70880  	0.15474  	-0.0744  	-0.0286  	0.03212  	-0.0364  	-0.0265  	-0.0166  	0.01831  	-0.0010  	-0.0024  	0.01264  	-0.0136  	-0.0205  	0.01983  	-0.0392  	-0.0274  	-0.0019  	-0.0070  	-0.0085  	0.04509  	0.01242  	-0.0253  	0.00275  	0.01361  	0.04010  	-0.1261  	0.06225  	-0.0139  	-0.0341  	0.39488  	
-0.2970  	-0.2750  	0.25597  	-1.5343  	-1.0940  	-0.6700  	-0.1700  	-0.3526  	0.21030  	0.88226  	0.92058  	-0.0265  	-0.3576  	-1.3270  	-0.5164  	1.04479  	-0.2863  	-0.1531  	0.24593  	0.73246  	0.27285  	-0.5652  	-0.4333  	0.01097  	-0.5125  	-0.0245  	-0.1775  	0.22141  	-0.2527  	-0.1308  	-0.0299  	0.30814  	0.13956  	0.07422  	0.10239  	0.07319  	0.32195  	0.03490  	-0.2235  	0.72456  	0.17838  	-0.0680  	-0.0207  	0.02950  	-0.0381  	-0.0288  	-0.0076  	0.02400  	0.00402  	0.00066  	0.00949  	-0.0113  	-0.0215  	0.02466  	-0.0344  	-0.0295  	-0.0121  	-0.0088  	-0.0121  	0.05044  	0.01274  	-0.0209  	0.00049  	0.01006  	0.03704  	-0.1276  	0.06271  	-0.0143  	-0.0338  	0.39507  	
-0.3961  	-0.2805  	0.20550  	-1.5984  	-1.1418  	-0.7380  	-0.2017  	-0.3296  	0.20011  	0.88296  	0.90662  	-0.0616  	-0.3736  	-1.3740  	-0.5286  	0.99996  	-0.2604  	-0.1418  	0.26325  	0.75300  	0.30421  	-0.5881  	-0.4301  	0.03526  	-0.4786  	-0.0064  	-0.1843  	0.22272  	-0.2796  	-0.1386  	-0.0366  	0.31783  	0.11760  	0.05742  	0.07342  	0.06452  	0.32884  	0.02695  	-0.2350  	0.71434  	0.17567  	-0.0813  	-0.0294  	0.03751  	-0.0402  	-0.0312  	-0.0076  	0.01737  	-0.0002  	0.00819  	0.01128  	-0.0112  	-0.0207  	0.02656  	-0.0335  	-0.0350  	-0.0113  	-0.0045  	-0.0047  	0.05287  	0.00988  	-0.0230  	-0.0109  	0.00740  	0.03457  	-0.1274  	0.06353  	-0.0144  	-0.0331  	0.39020  	
-0.5430  	-0.2971  	0.11940  	-1.7216  	-1.2505  	-0.8203  	-0.2121  	-0.4002  	0.17789  	0.81573  	0.87434  	-0.1572  	-0.4058  	-1.4411  	-0.4859  	0.85651  	-0.1958  	-0.1836  	0.26933  	0.69039  	0.34010  	-0.5899  	-0.3076  	0.05276  	-0.5152  	0.00844  	-0.1797  	0.18802  	-0.2851  	-0.1556  	-0.0116  	0.29857  	0.10478  	0.06081  	0.04736  	0.03197  	0.36878  	0.01230  	-0.2575  	0.65790  	0.20868  	-0.0859  	-0.0254  	0.04282  	-0.0245  	-0.0240  	-0.0071  	-0.0053  	-0.0192  	0.01756  	0.00755  	-0.0115  	-0.0203  	0.02114  	-0.0394  	-0.0281  	-0.0130  	-0.0016  	0.00549  	0.04330  	0.01414  	-0.0177  	-0.0053  	0.00629  	0.03402  	-0.1284  	0.06453  	-0.0147  	-0.0326  	0.38943  	
-0.4146  	-0.2694  	0.14421  	-1.5651  	-1.0978  	-0.7448  	-0.2372  	-0.2823  	0.20435  	0.78555  	0.79501  	-0.0335  	-0.3774  	-1.3320  	-0.2685  	0.86751  	-0.2096  	-0.2245  	0.26773  	0.67176  	0.42149  	-0.5420  	-0.2899  	0.11121  	-0.5989  	0.00643  	-0.1188  	0.08887  	-0.3747  	-0.1638  	-0.0129  	0.32578  	0.12422  	0.05432  	0.11370  	-0.0233  	0.39135  	0.04333  	-0.2893  	0.71879  	0.18491  	-0.0888  	-0.0578  	0.03232  	-0.0529  	-0.0262  	-0.0067  	0.01814  	-0.0140  	0.00163  	-0.0014  	-0.0117  	-0.0242  	0.01297  	-0.0467  	-0.0387  	-0.0164  	-0.0072  	-0.0066  	0.03881  	0.01407  	-0.0191  	-0.0021  	0.01115  	0.03532  	-0.1283  	0.06540  	-0.0149  	-0.0333  	0.39804  	
-0.3393  	-0.2185  	0.22818  	-1.4559  	-1.0693  	-0.7269  	-0.1839  	-0.2730  	0.23043  	0.86462  	0.69998  	-0.0322  	-0.3100  	-1.2132  	-0.2948  	0.89950  	-0.2353  	-0.1924  	0.25693  	0.72308  	0.34788  	-0.5199  	-0.3359  	0.04734  	-0.5913  	0.01079  	-0.1588  	0.09761  	-0.3167  	-0.1489  	-0.0188  	0.30406  	0.17478  	0.06933  	0.07780  	-0.0229  	0.32684  	0.02168  	-0.2574  	0.71707  	0.17690  	-0.0916  	-0.0246  	0.05271  	-0.0325  	-0.0281  	-0.0008  	0.02331  	-0.0056  	-0.0086  	-0.0059  	-0.0117  	-0.0248  	0.02012  	-0.0460  	-0.0339  	-0.0183  	-0.0085  	-0.0109  	0.04245  	0.01734  	-0.0236  	-0.0060  	0.01117  	0.03805  	-0.1282  	0.06605  	-0.0154  	-0.0341  	0.40710  	
-0.0023  	-0.0696  	0.49322  	-1.3199  	-1.1200  	-0.5263  	-0.1613  	-0.0955  	0.29677  	0.79240  	0.73390  	0.03659  	-0.2516  	-0.9514  	-0.1105  	0.90697  	-0.2254  	-0.2875  	0.26693  	0.62440  	0.57780  	-0.4812  	-0.2797  	0.09869  	-0.5904  	-0.0102  	-0.0392  	-0.0251  	-0.4589  	-0.1477  	-0.0016  	0.31926  	0.18126  	0.06657  	0.14967  	-0.1144  	0.48313  	0.05689  	-0.2654  	0.62607  	0.13492  	-0.0816  	0.00313  	0.04540  	-0.0471  	-0.0192  	-0.0053  	0.04705  	0.01026  	-4.8937  	-0.0101  	-0.0052  	-0.0287  	0.02817  	-0.0399  	-0.0213  	-0.0267  	-0.0066  	-0.0062  	0.03552  	0.02355  	-0.0087  	-0.0080  	0.00040  	0.04134  	-0.1255  	0.06626  	-0.0154  	-0.0344  	0.39703  	
-0.3384  	-0.1917  	0.24443  	-1.4510  	-1.1098  	-0.6882  	-0.1906  	-0.2370  	0.24648  	0.86844  	0.84799  	-0.0162  	-0.3174  	-1.1570  	-0.3200  	0.89795  	-0.2363  	-0.2090  	0.25694  	0.72365  	0.41878  	-0.5464  	-0.3805  	0.07090  	-0.5335  	-0.0072  	-0.1363  	0.08072  	-0.3390  	-0.1567  	-0.0044  	0.31008  	0.17998  	0.06770  	0.09620  	-0.0305  	0.36863  	0.03043  	-0.2406  	0.68949  	0.17305  	-0.0987  	-0.0143  	0.04466  	-0.0274  	-0.0212  	-0.0051  	0.02697  	-0.0056  	0.00379  	0.00031  	-0.0112  	-0.0254  	0.02231  	-0.0457  	-0.0233  	-0.0270  	-0.0116  	-0.0101  	0.04819  	0.02297  	-0.0127  	-0.0073  	0.00831  	0.04502  	-0.1232  	0.06642  	-0.0153  	-0.0345  	0.37664  	
-0.5574  	-0.2983  	0.08736  	-1.5848  	-1.1654  	-0.8321  	-0.1755  	-0.3742  	0.17817  	0.83494  	0.85216  	-0.1096  	-0.3867  	-1.3894  	-0.4506  	0.84371  	-0.2456  	-0.1369  	0.24154  	0.74208  	0.27173  	-0.5638  	-0.3938  	0.00548  	-0.5179  	0.00045  	-0.2638  	0.25988  	-0.1797  	-0.1353  	-0.0098  	0.28319  	0.10483  	0.08161  	0.01047  	0.05535  	0.26055  	0.00320  	-0.1901  	0.69013  	0.22532  	-0.0991  	-0.0187  	0.05402  	-0.0320  	-0.0264  	-0.0191  	0.01959  	-0.0072  	-0.0014  	0.00838  	-0.0060  	-0.0210  	0.01342  	-0.0369  	-0.0304  	-0.0059  	3.65799  	-0.0040  	0.03524  	0.01922  	-0.0193  	-0.0055  	0.01012  	0.04785  	-0.1199  	0.06614  	-0.0150  	-0.0350  	0.37410  	
-0.6017  	-0.3115  	0.05560  	-1.6914  	-1.2041  	-0.8659  	-0.1743  	-0.4116  	0.17595  	0.88185  	0.87589  	-0.1086  	-0.3982  	-1.4675  	-0.4950  	0.83880  	-0.2487  	-0.1377  	0.24672  	0.72124  	0.24273  	-0.5355  	-0.3363  	-0.0356  	-0.5426  	0.01380  	-0.2727  	0.26955  	-0.1735  	-0.1319  	0.00947  	0.27839  	0.11347  	0.08137  	-0.0293  	0.05388  	0.25649  	-0.0006  	-0.2057  	0.68839  	0.23786  	-0.0919  	-0.0231  	0.06137  	-0.0363  	-0.0263  	-0.0073  	0.01893  	-0.0064  	-0.0004  	0.00459  	-0.0055  	-0.0246  	0.01629  	-0.0424  	-0.0366  	-0.0097  	-0.0023  	-0.0071  	0.03395  	0.01776  	-0.0184  	-0.0049  	0.01149  	0.04764  	-0.1179  	0.06622  	-0.0150  	-0.0358  	0.38509  	
-0.6438  	-0.2928  	0.06199  	-1.7069  	-1.1791  	-0.8986  	-0.1702  	-0.3837  	0.17990  	0.90862  	0.84506  	-0.1022  	-0.3962  	-1.4538  	-0.5007  	0.83044  	-0.2645  	-0.1369  	0.25442  	0.70304  	0.20930  	-0.5220  	-0.3224  	-0.0491  	-0.5501  	0.01326  	-0.2705  	0.26941  	-0.1661  	-0.1161  	0.01359  	0.27481  	0.12596  	0.08642  	-0.0547  	0.04870  	0.24010  	-0.0105  	-0.1859  	0.69515  	0.23654  	-0.0868  	-0.0267  	0.06054  	-0.0421  	-0.0293  	-0.0039  	0.01967  	-0.0062  	-7.1926  	0.00185  	-0.0053  	-0.0255  	0.01820  	-0.0475  	-0.0386  	-0.0124  	-0.0058  	-0.0086  	0.03329  	0.02034  	-0.0192  	-0.0059  	0.01058  	0.04506  	-0.1157  	0.06632  	-0.0144  	-0.0354  	0.38701  	
-0.6376  	-0.2769  	0.09551  	-1.6608  	-1.1484  	-0.9016  	-0.1975  	-0.3434  	0.19784  	0.89374  	0.81942  	-0.0779  	-0.3904  	-1.3924  	-0.4655  	0.83353  	-0.2530  	-0.1620  	0.27197  	0.67806  	0.24000  	-0.5307  	-0.3077  	-0.0317  	-0.5739  	0.01200  	-0.2350  	0.22678  	-0.1814  	-0.1180  	0.00204  	0.27075  	0.12658  	0.08305  	-0.0508  	0.01984  	0.26136  	-0.0051  	-0.1893  	0.69421  	0.23787  	-0.0886  	-0.0216  	0.05247  	-0.0398  	-0.0292  	-0.0055  	0.02195  	-0.0019  	-0.0030  	-0.0033  	-0.0101  	-0.0282  	0.02289  	-0.0463  	-0.0385  	-0.0096  	-0.0102  	-0.0053  	0.03757  	0.02175  	-0.0209  	-0.0080  	0.01001  	0.04292  	-0.1144  	0.06646  	-0.0136  	-0.0343  	0.38780  	
-0.5335  	-0.2693  	0.10377  	-1.5501  	-1.0733  	-0.8166  	-0.2069  	-0.3152  	0.21622  	0.83066  	0.74913  	-0.0070  	-0.3630  	-1.3158  	-0.3538  	0.85328  	-0.2335  	-0.1793  	0.27550  	0.68387  	0.25603  	-0.5316  	-0.3255  	-0.0191  	-0.5540  	0.02006  	-0.2054  	0.24081  	-0.1893  	-0.1129  	0.00415  	0.27351  	0.13580  	0.07989  	-0.0127  	-0.0009  	0.25656  	-0.0130  	-0.1885  	0.69701  	0.21929  	-0.0806  	-0.0188  	0.05196  	-0.0325  	-0.0327  	-0.0068  	0.02356  	-0.0077  	0.00059  	0.00266  	-0.0134  	-0.0261  	0.01819  	-0.0438  	-0.0354  	-0.0062  	-0.0099  	-0.0067  	0.04172  	0.01920  	-0.0194  	-0.0054  	0.01224  	0.04045  	-0.1127  	0.06647  	-0.0128  	-0.0333  	0.40844  	
-0.2918  	-0.1939  	0.23030  	-1.2031  	-0.8997  	-0.6341  	-0.1983  	-0.2182  	0.24208  	0.72487  	0.60780  	0.11967  	-0.2851  	-1.0732  	-0.0969  	0.86002  	-0.2422  	-0.1707  	0.24347  	0.74853  	0.30596  	-0.5304  	-0.4152  	0.04247  	-0.5694  	-0.0056  	-0.2473  	0.26182  	-0.2061  	-0.0948  	-0.0340  	0.24757  	0.17602  	0.09603  	0.08036  	-0.0334  	0.24588  	-0.0252  	-0.1773  	0.70595  	0.18034  	-0.1061  	-0.0145  	0.04600  	-0.0388  	-0.0247  	-0.0089  	0.03753  	-0.0024  	-0.0036  	0.00472  	-0.0195  	-0.0279  	0.01051  	-0.0478  	-0.0276  	-0.0129  	-0.0102  	-0.0098  	0.04333  	0.01279  	-0.0248  	-0.0131  	0.00140  	0.03892  	-0.1122  	0.06699  	-0.0117  	-0.0322  	0.41357  	
-0.1718  	-0.1218  	0.24788  	-1.0395  	-0.8591  	-0.5624  	-0.2013  	-0.2021  	0.27562  	0.68921  	0.49835  	0.08711  	-0.2339  	-0.9829  	0.04435  	0.87443  	-0.2428  	-0.1848  	0.23558  	0.76012  	0.32011  	-0.5376  	-0.4374  	0.04100  	-0.5261  	-0.0177  	-0.2008  	0.23971  	-0.2129  	-0.0773  	-0.0351  	0.27410  	0.18578  	0.07952  	0.09686  	-0.0779  	0.24219  	-0.0133  	-0.1698  	0.73168  	0.14791  	-0.0927  	-0.0116  	0.02407  	-0.0399  	-0.0203  	-0.0135  	0.04782  	0.01115  	-0.0040  	0.01141  	-0.0156  	-0.0292  	0.01483  	-0.0505  	-0.0207  	-0.0100  	-0.0095  	-0.0045  	0.04500  	0.01212  	-0.0206  	-0.0145  	0.00150  	0.03780  	-0.1106  	0.06752  	-0.0103  	-0.0311  	0.42488  	
-0.0777  	-0.1103  	0.28283  	-0.9080  	-0.7918  	-0.5288  	-0.2256  	-0.1258  	0.24553  	0.66355  	0.45016  	0.07258  	-0.1508  	-0.9320  	0.22121  	0.79055  	-0.1400  	-0.3945  	0.31796  	0.45705  	0.41722  	-0.7095  	-0.7093  	0.02922  	-0.5147  	0.05857  	-0.0965  	0.11766  	-0.1157  	-0.0411  	0.06178  	0.22492  	0.07794  	-0.0744  	0.06923  	-0.1103  	0.19365  	-0.0043  	-0.3003  	0.62822  	0.18988  	0.05846  	-0.1511  	0.09914  	-0.0907  	-0.0087  	-0.0370  	0.06645  	-0.0001  	-0.0157  	0.02055  	-0.0085  	-0.0294  	0.03571  	-0.0451  	-0.0193  	-0.0158  	-0.0205  	-0.0058  	0.04865  	0.01298  	-0.0161  	-0.0248  	0.00510  	0.03783  	-0.1100  	0.06804  	-0.0093  	-0.0307  	0.44167  	
-0.0228  	-0.1173  	0.33606  	-0.8911  	-0.7757  	-0.5406  	-0.2561  	-0.0943  	0.23013  	0.60874  	0.43583  	0.06090  	-0.0803  	-0.9273  	0.34442  	0.69159  	-0.0549  	-0.5871  	0.36417  	0.19088  	0.52548  	-0.8783  	-0.8730  	0.07629  	-0.5997  	0.13889  	-0.0529  	-0.0548  	-0.1003  	-0.0574  	0.13584  	0.18878  	-0.0023  	-0.2079  	0.07779  	-0.1504  	0.16033  	-0.0018  	-0.4165  	0.54856  	0.22377  	0.17922  	-0.2544  	0.16388  	-0.1331  	0.00805  	-0.0552  	0.08077  	-0.0098  	-0.0278  	0.01837  	-0.0026  	-0.0276  	0.05012  	-0.0393  	-0.0186  	-0.0198  	-0.0296  	0.00075  	0.05715  	0.01675  	-0.0204  	-0.0406  	0.00581  	0.03884  	-0.1085  	0.06889  	-0.0084  	-0.0311  	0.45393  	
-0.0078  	-0.0833  	0.42052  	-0.9955  	-0.8613  	-0.4949  	-0.2632  	-0.0120  	0.25082  	0.61669  	0.51535  	0.03373  	-0.0859  	-0.9328  	0.38706  	0.72930  	-0.0313  	-0.6436  	0.37697  	0.11811  	0.65067  	-0.8957  	-0.8546  	0.13181  	-0.6688  	0.16225  	-0.0654  	-0.1782  	-0.1613  	-0.1038  	0.17861  	0.19142  	-0.0210  	-0.2377  	0.06554  	-0.1867  	0.20876  	0.02177  	-0.4600  	0.53474  	0.25711  	0.19636  	-0.2691  	0.18764  	-0.1559  	0.01636  	-0.0647  	0.08422  	-0.0250  	-0.0277  	0.01131  	0.00013  	-0.0253  	0.05372  	-0.0378  	-0.0173  	-0.0189  	-0.0296  	-0.0047  	0.06132  	0.02594  	-0.0232  	-0.0449  	0.01134  	0.04035  	-0.1076  	0.06988  	-0.0081  	-0.0318  	0.47098  	
0.10678  	-0.0200  	0.55668  	-1.1607  	-1.0175  	-0.5135  	-0.2234  	0.04078  	0.29444  	0.64323  	0.75422  	-0.0010  	-0.1592  	-0.9709  	0.24207  	0.84241  	-0.0700  	-0.6368  	0.39566  	0.12371  	0.79416  	-0.8695  	-0.7505  	0.17556  	-0.6682  	0.13966  	0.01819  	-0.3345  	-0.3571  	-0.1677  	0.16094  	0.24198  	0.00322  	-0.2295  	0.12657  	-0.2047  	0.35943  	0.06764  	-0.4948  	0.50516  	0.22124  	0.16040  	-0.2462  	0.18312  	-0.1439  	0.01382  	-0.0611  	0.08568  	-0.0210  	-0.0112  	0.00345  	-0.0013  	-0.0211  	0.05456  	-0.0332  	-0.0122  	-0.0253  	-0.0287  	-0.0129  	0.06353  	0.02891  	-0.0248  	-0.0436  	0.00446  	0.04145  	-0.1061  	0.07082  	-0.0077  	-0.0319  	0.46218  	
0.07364  	-0.0405  	0.52530  	-1.2232  	-1.0847  	-0.4769  	-0.2031  	0.03736  	0.31947  	0.64025  	0.83203  	-0.0152  	-0.2097  	-0.9508  	0.14364  	0.91048  	-0.1286  	-0.5047  	0.34421  	0.31756  	0.80808  	-0.7136  	-0.5273  	0.18317  	-0.6345  	0.04744  	0.03107  	-0.3107  	-0.4980  	-0.1785  	0.07303  	0.30248  	0.09060  	-0.0986  	0.19302  	-0.2140  	0.49323  	0.09902  	-0.4150  	0.54270  	0.16622  	0.04748  	-0.1543  	0.11439  	-0.0973  	0.00051  	-0.0404  	0.06257  	-0.0123  	-0.0042  	-0.0095  	-0.0040  	-0.0179  	0.04749  	-0.0402  	-0.0130  	-0.0285  	-0.0201  	-0.0165  	0.05947  	0.03142  	-0.0191  	-0.0253  	0.00599  	0.04320  	-0.1066  	0.07144  	-0.0078  	-0.0319  	0.45364  	
0.07101  	-0.0568  	0.49839  	-1.2641  	-1.1291  	-0.4371  	-0.1631  	-0.0090  	0.34965  	0.63629  	0.85341  	-0.0057  	-0.2543  	-0.8763  	0.06381  	0.99533  	-0.2191  	-0.3319  	0.26325  	0.57143  	0.75627  	-0.4869  	-0.2512  	0.18930  	-0.5893  	-0.0497  	0.02145  	-0.2192  	-0.5918  	-0.1589  	-0.0364  	0.34805  	0.19280  	0.06434  	0.26394  	-0.1966  	0.59269  	0.10645  	-0.3091  	0.61612  	0.09549  	-0.0851  	-0.0332  	0.03092  	-0.0402  	-0.0219  	-0.0133  	0.04197  	0.00149  	0.00898  	-0.0156  	-0.0093  	-0.0186  	0.03204  	-0.0488  	-0.0119  	-0.0284  	-0.0079  	-0.0184  	0.04996  	0.02654  	-0.0135  	-0.0082  	0.00677  	0.04347  	-0.1078  	0.07116  	-0.0084  	-0.0325  	0.46360  	
0.08247  	-0.0623  	0.47642  	-1.2905  	-1.1207  	-0.4688  	-0.1678  	-0.0291  	0.36558  	0.64299  	0.87409  	0.00975  	-0.2598  	-0.8928  	0.03744  	0.98463  	-0.2076  	-0.3345  	0.23854  	0.56972  	0.72203  	-0.4911  	-0.2321  	0.18352  	-0.6247  	-0.0344  	0.00784  	-0.1849  	-0.5992  	-0.1543  	-0.0256  	0.34159  	0.19817  	0.06105  	0.27362  	-0.2078  	0.58928  	0.10680  	-0.3187  	0.60987  	0.10113  	-0.0859  	-0.0265  	0.02568  	-0.0463  	-0.0236  	-0.0114  	0.03148  	0.00091  	0.00589  	-0.0159  	-0.0066  	-0.0220  	0.02904  	-0.0465  	-0.0130  	-0.0266  	-0.0084  	-0.0144  	0.04968  	0.02433  	-0.0110  	-0.0112  	0.00783  	0.04241  	-0.1105  	0.07106  	-0.0094  	-0.0336  	0.46787  	
0.00211  	-0.0780  	0.43953  	-1.3080  	-1.0682  	-0.5305  	-0.1658  	-0.0833  	0.33875  	0.68455  	0.84277  	0.00476  	-0.2541  	-0.9498  	-0.0476  	0.95162  	-0.2265  	-0.2643  	0.21628  	0.65096  	0.62385  	-0.5297  	-0.3033  	0.11748  	-0.5998  	-0.0288  	-0.0936  	-0.0314  	-0.4681  	-0.1627  	-0.0305  	0.30475  	0.21073  	0.05862  	0.22625  	-0.1683  	0.48546  	0.06630  	-0.2834  	0.63300  	0.13639  	-0.0925  	-0.0244  	0.01771  	-0.0466  	-0.0253  	-0.0062  	0.03210  	0.00027  	0.01054  	0.00227  	-0.0091  	-0.0226  	0.02004  	-0.0447  	-0.0155  	-0.0205  	-0.0093  	-0.0113  	0.04265  	0.02166  	-0.0170  	-0.0083  	0.00733  	0.04116  	-0.1127  	0.07044  	-0.0101  	-0.0340  	0.46993  	
-0.1849  	-0.1472  	0.33925  	-1.3911  	-1.0885  	-0.6097  	-0.1758  	-0.1809  	0.29482  	0.72495  	0.86601  	-0.0172  	-0.3067  	-1.0832  	-0.1619  	0.91696  	-0.2439  	-0.1903  	0.22486  	0.67221  	0.49247  	-0.5607  	-0.3651  	0.04727  	-0.5904  	-0.0098  	-0.1672  	0.09992  	-0.3793  	-0.1612  	-0.0242  	0.30528  	0.19666  	0.06506  	0.16758  	-0.1064  	0.40637  	0.04224  	-0.2565  	0.67563  	0.16934  	-0.0872  	-0.0250  	0.02622  	-0.0443  	-0.0297  	-0.0064  	0.02341  	-0.0060  	0.00561  	-0.0032  	-0.0081  	-0.0219  	0.01920  	-0.0467  	-0.0249  	-0.0126  	-0.0101  	-0.0081  	0.04348  	0.02265  	-0.0232  	-0.0051  	0.01302  	0.04122  	-0.1153  	0.06951  	-0.0110  	-0.0342  	0.47310  	
-0.2832  	-0.2140  	0.23223  	-1.4586  	-1.0898  	-0.6747  	-0.1788  	-0.2508  	0.24288  	0.78213  	0.86190  	-0.0489  	-0.3296  	-1.1830  	-0.2422  	0.88616  	-0.2451  	-0.1665  	0.23105  	0.72083  	0.39999  	-0.5344  	-0.3803  	0.01313  	-0.5643  	-0.0095  	-0.2022  	0.16795  	-0.2951  	-0.1513  	-0.0098  	0.28990  	0.17090  	0.05635  	0.09871  	-0.0487  	0.34705  	0.03019  	-0.2424  	0.68702  	0.21135  	-0.0957  	-0.0171  	0.03642  	-0.0409  	-0.0288  	-0.0040  	0.01507  	-0.0075  	-0.0015  	0.00057  	-0.0117  	-0.0236  	0.01537  	-0.0415  	-0.0316  	-0.0080  	-0.0071  	-0.0091  	0.04277  	0.01571  	-0.0205  	-0.0033  	0.01305  	0.04144  	-0.1178  	0.06832  	-0.0117  	-0.0351  	0.48445  	
-0.3439  	-0.2207  	0.22132  	-1.5086  	-1.0987  	-0.7485  	-0.1676  	-0.3388  	0.24551  	0.83503  	0.77808  	-0.0793  	-0.3211  	-1.2163  	-0.3851  	0.88929  	-0.2386  	-0.1935  	0.23276  	0.67557  	0.23549  	-0.5414  	-0.3911  	0.01948  	-0.5365  	-0.0078  	-0.2456  	0.18138  	-0.2522  	-0.1313  	-0.0064  	0.29855  	0.16437  	0.06056  	0.05435  	0.00169  	0.28622  	0.01952  	-0.2143  	0.73358  	0.22608  	-0.1009  	-0.0210  	0.04119  	-0.0561  	-0.0315  	-0.0083  	0.03956  	0.00045  	-0.0106  	0.00979  	-0.0069  	-0.0293  	0.02528  	-0.0396  	-0.0347  	-0.0169  	-0.0102  	-0.0063  	0.04410  	0.01948  	-0.0279  	-0.0001  	0.01429  	0.04247  	-0.1213  	0.06717  	-0.0124  	-0.0360  	0.49135  	
-0.5735  	-0.2862  	0.07876  	-1.8116  	-1.2147  	-0.9704  	-0.1463  	-0.3608  	0.19816  	0.94004  	0.89694  	-0.1384  	-0.3175  	-1.2389  	-0.5184  	0.77873  	-0.2196  	-0.1941  	0.24189  	0.71412  	0.31057  	-0.5766  	-0.3948  	0.01693  	-0.4909  	-0.0228  	-0.1521  	0.15621  	-0.2665  	-0.1309  	0.02390  	0.27350  	0.15941  	0.06061  	0.07724  	0.04682  	0.28812  	-0.0156  	-0.2377  	0.69312  	0.22603  	-0.0887  	-0.0580  	0.01910  	-0.0275  	-0.0348  	0.00454  	0.02656  	0.01691  	0.00432  	0.00043  	-0.0174  	-0.0257  	0.01948  	-0.0469  	-0.0345  	-0.0127  	-0.0109  	-0.0042  	0.04226  	0.01353  	-0.0027  	0.01414  	0.00549  	0.04382  	-0.1233  	0.06574  	-0.0128  	-0.0368  	0.49924  	
-0.9318  	-0.3638  	0.02369  	-2.0060  	-1.2313  	-1.1604  	-0.2434  	-0.3724  	0.13233  	0.95578  	1.12088  	-0.2214  	-0.3822  	-1.2936  	-0.4872  	0.67407  	-0.1795  	-0.2849  	0.26517  	0.59664  	0.45832  	-0.5702  	-0.3242  	0.19714  	-0.5092  	0.02509  	-0.0547  	0.01633  	-0.3895  	-0.1392  	0.01864  	0.25539  	0.13589  	0.06442  	0.11617  	-0.0001  	0.37609  	-0.0158  	-0.2836  	0.67826  	0.13030  	-0.0663  	-0.0970  	-0.0110  	-0.0145  	-0.0221  	-0.0084  	-0.0087  	-0.0245  	0.02611  	-0.0107  	-0.0112  	-0.0290  	0.01190  	-0.0563  	-0.0408  	-0.0085  	-0.0061  	-0.0113  	0.04443  	0.02710  	-0.0172  	-0.0111  	-0.0044  	0.04498  	-0.1253  	0.06459  	-0.0133  	-0.0373  	0.49763  	
-0.2214  	-0.2437  	0.33945  	-1.5219  	-1.0600  	-0.8655  	-0.2122  	-0.1055  	0.28091  	0.83756  	0.86339  	-0.0410  	-0.2309  	-0.9317  	-0.1200  	0.80759  	-0.2098  	-0.2833  	0.26188  	0.69637  	0.62832  	-0.6370  	-0.3663  	0.25937  	-0.6974  	0.03050  	-0.0816  	-0.0526  	-0.5083  	-0.1550  	0.03073  	0.30616  	0.19909  	0.05669  	0.18300  	-0.1753  	0.38343  	0.01315  	-0.2710  	0.70427  	0.12204  	-0.0780  	-0.0426  	0.02875  	-0.0202  	-0.0245  	0.00061  	0.02762  	-0.0101  	0.00815  	-0.0254  	-0.0114  	-0.0433  	0.00987  	-0.0707  	-0.0517  	-0.0159  	-0.0062  	-0.0523  	0.03606  	0.01778  	-0.0099  	-0.0246  	0.00173  	0.04528  	-0.1259  	0.06393  	-0.0137  	-0.0381  	0.49631  	
0.15595  	-0.0685  	0.54664  	-1.4104  	-1.0652  	-0.4447  	-0.1602  	-0.0972  	0.31916  	0.71922  	0.46870  	-0.0671  	-0.1176  	-0.7444  	0.14908  	0.80878  	-0.2068  	-0.3125  	0.25259  	0.53284  	0.54238  	-0.4438  	-0.2047  	0.14340  	-0.5559  	-0.0023  	-0.0240  	-0.0732  	-0.4032  	-0.1249  	0.02566  	0.30637  	0.18895  	0.05126  	0.14117  	-0.1664  	0.41186  	0.04966  	-0.2243  	0.69197  	0.15472  	-0.1051  	0.01825  	0.05792  	-0.0593  	-0.0293  	-0.0108  	0.07696  	0.01417  	0.00898  	-0.0088  	-0.0013  	-0.0213  	0.02345  	-0.0465  	-0.0179  	-0.0317  	-0.0197  	-0.0136  	0.04909  	0.01979  	-0.0068  	-0.0126  	0.00218  	0.04481  	-0.1269  	0.06345  	-0.0141  	-0.0390  	0.50102  	
0.14365  	-0.0800  	0.48144  	-1.0910  	-0.9666  	-0.4404  	-0.1049  	-0.0859  	0.31927  	0.75003  	0.48863  	-0.1319  	-0.1377  	-0.7650  	0.20719  	0.82433  	-0.2066  	-0.3296  	0.23252  	0.56685  	0.52623  	-0.3985  	-0.2783  	0.12550  	-0.4243  	-0.0308  	0.02924  	-0.1177  	-0.3417  	-0.0392  	-0.0338  	0.29524  	0.16282  	0.04792  	0.19655  	-0.1480  	0.44263  	0.04002  	-0.2577  	0.69374  	0.09557  	-0.0656  	-0.0050  	0.04287  	-0.0590  	-0.0216  	-0.0198  	0.06060  	0.02382  	0.00298  	-0.0048  	-0.0095  	-0.0291  	0.02328  	-0.0450  	-0.0106  	-0.0309  	-0.0200  	-0.0121  	0.05077  	0.01023  	-0.0074  	-0.0185  	-0.0114  	0.04262  	-0.1270  	0.06296  	-0.0142  	-0.0387  	0.49206  	
-0.0283  	-0.1716  	0.23965  	-0.8952  	-0.7947  	-0.4798  	-0.1791  	-0.1735  	0.27098  	0.74656  	0.53684  	0.13852  	-0.1774  	-0.9381  	0.15012  	0.96063  	-0.2359  	-0.2813  	0.27154  	0.69273  	0.43798  	-0.4524  	-0.4052  	0.06203  	-0.4723  	-0.0296  	-0.0319  	0.10800  	-0.3344  	-0.0723  	-0.0365  	0.28885  	0.16864  	0.09199  	0.21927  	-0.1135  	0.35615  	0.00634  	-0.1898  	0.71396  	0.08569  	-0.0936  	-0.0469  	0.04722  	-0.0461  	-0.0243  	-0.0245  	0.04115  	0.00198  	-0.0007  	0.00611  	-0.0186  	-0.0222  	0.01286  	-0.0483  	-0.0124  	-0.0028  	-0.0038  	-0.0105  	0.03490  	0.02473  	-0.0177  	-0.0028  	0.00400  	0.04047  	-0.1284  	0.06259  	-0.0144  	-0.0379  	0.47985  	
-0.0682  	-0.1915  	0.24293  	-0.9456  	-0.7732  	-0.5696  	-0.1890  	-0.1842  	0.27955  	0.76737  	0.56256  	0.20727  	-0.1489  	-0.8316  	0.05347  	1.00620  	-0.2980  	-0.2258  	0.24123  	0.73008  	0.38928  	-0.4423  	-0.4531  	0.03884  	-0.5257  	-0.0275  	-0.1601  	0.13863  	-0.3292  	-0.0531  	-0.0279  	0.27017  	0.18214  	0.10144  	0.17664  	-0.1294  	0.34771  	0.00920  	-0.1915  	0.69450  	0.12921  	-0.0899  	-0.0228  	0.03831  	-0.0285  	-0.0173  	-0.0203  	0.05979  	-0.0086  	0.00132  	-0.0109  	-0.0228  	-0.0281  	0.01260  	-0.0508  	-0.0221  	-0.0033  	-0.0062  	-0.0100  	0.04444  	0.01700  	-0.0298  	-0.0128  	0.00358  	0.03718  	-0.1294  	0.06189  	-0.0147  	-0.0375  	0.48135  	
-0.5319  	-0.2571  	0.10197  	-1.6331  	-1.0690  	-0.8790  	-0.1949  	-0.3420  	0.21918  	0.91349  	0.78645  	-0.0248  	-0.3638  	-1.3250  	-0.3435  	0.82267  	-0.2672  	-0.1104  	0.26542  	0.75885  	0.37584  	-0.5598  	-0.3817  	0.06399  	-0.5676  	0.00147  	-0.2452  	0.18722  	-0.3015  	-0.1682  	-0.0052  	0.26912  	0.12865  	0.07613  	0.03199  	0.00969  	0.31838  	-0.0102  	-0.2117  	0.72365  	0.14926  	-0.0886  	-0.0349  	0.01571  	-0.0363  	-0.0222  	-0.0178  	0.01426  	-0.0147  	0.01607  	0.00342  	-0.0134  	-0.0275  	0.02461  	-0.0447  	-0.0330  	-0.0094  	-0.0079  	5.01982  	0.04067  	0.01118  	-0.0165  	-0.0237  	0.00279  	0.03487  	-0.1308  	0.06151  	-0.0148  	-0.0373  	0.47426  	
-0.6186  	-0.3076  	0.13530  	-1.7459  	-1.1895  	-0.8433  	-0.2363  	-0.3804  	0.21526  	0.86355  	0.88943  	-0.1282  	-0.4059  	-1.4457  	-0.5222  	0.79313  	-0.2408  	-0.1745  	0.26987  	0.71513  	0.38341  	-0.5853  	-0.2974  	0.04068  	-0.5439  	0.01002  	-0.1965  	0.16582  	-0.2698  	-0.1594  	-0.0059  	0.28211  	0.11507  	0.07396  	0.00521  	0.03312  	0.33278  	0.00207  	-0.2098  	0.68849  	0.19824  	-0.0888  	-0.0485  	0.02371  	-0.0255  	-0.0225  	-0.0129  	0.00259  	-0.0175  	0.00470  	-0.0015  	-0.0126  	-0.0251  	0.02051  	-0.0485  	-0.0371  	-0.0051  	-0.0002  	0.00049  	0.04236  	0.01422  	-0.0236  	-0.0041  	0.01386  	0.03310  	-0.1306  	0.06163  	-0.0148  	-0.0367  	0.46748  	
-0.6772  	-0.3297  	0.02647  	-1.7421  	-1.2419  	-0.9053  	-0.1838  	-0.4204  	0.17928  	0.90330  	0.90297  	-0.1271  	-0.3839  	-1.4907  	-0.5694  	0.78595  	-0.2466  	-0.1475  	0.25898  	0.74744  	0.24147  	-0.5690  	-0.3156  	-0.0511  	-0.5269  	0.01344  	-0.2655  	0.23224  	-0.1829  	-0.1387  	0.01777  	0.27660  	0.11814  	0.07662  	-0.0606  	0.06662  	0.27722  	-0.0053  	-0.1633  	0.68068  	0.22802  	-0.0845  	-0.0216  	0.04345  	-0.0246  	-0.0299  	-0.0144  	0.02752  	-0.0067  	0.00544  	0.00266  	-0.0081  	-0.0285  	0.01780  	-0.0389  	-0.0320  	-0.0108  	-0.0068  	-0.0045  	0.04173  	0.01989  	-0.0228  	-0.0100  	0.01838  	0.03299  	-0.1312  	0.06173  	-0.0150  	-0.0362  	0.46785  	
-0.6991  	-0.3196  	0.04086  	-1.7582  	-1.2318  	-0.9472  	-0.1803  	-0.4101  	0.19127  	0.92448  	0.83998  	-0.1053  	-0.3591  	-1.4464  	-0.5189  	0.78389  	-0.2545  	-0.1486  	0.26105  	0.72681  	0.14649  	-0.5488  	-0.3023  	-0.0691  	-0.5555  	0.01886  	-0.2856  	0.28667  	-0.1315  	-0.1357  	0.01422  	0.27455  	0.12723  	0.08964  	-0.0773  	0.04850  	0.23707  	-0.0030  	-0.1622  	0.69621  	0.26218  	-0.1003  	-0.0027  	0.06030  	-0.0383  	-0.0284  	-0.0123  	0.04159  	-0.0009  	-0.0012  	-0.0045  	-0.0080  	-0.0303  	0.01717  	-0.0338  	-0.0356  	-0.0144  	-0.0065  	-0.0039  	0.03964  	0.02504  	-0.0201  	-0.0098  	0.01814  	0.03432  	-0.1309  	0.06166  	-0.0150  	-0.0370  	0.47496  	
-0.6410  	-0.3044  	0.10915  	-1.7044  	-1.2057  	-0.9002  	-0.1904  	-0.3651  	0.20624  	0.91004  	0.78865  	-0.0802  	-0.3219  	-1.3842  	-0.4461  	0.80097  	-0.2399  	-0.1751  	0.25900  	0.70238  	0.14185  	-0.5371  	-0.2828  	-0.0528  	-0.5666  	0.02606  	-0.2757  	0.25492  	-0.1385  	-0.1321  	0.02069  	0.26527  	0.13765  	0.09566  	-0.0800  	0.00949  	0.21866  	-0.0018  	-0.1620  	0.70023  	0.25971  	-0.0979  	-0.0060  	0.05441  	-0.0406  	-0.0278  	-0.0099  	0.04150  	-0.0025  	0.00021  	-0.0073  	-0.0053  	-0.0327  	0.01321  	-0.0345  	-0.0401  	-0.0102  	-0.0054  	-0.0078  	0.03726  	0.02578  	-0.0214  	-0.0048  	0.02024  	0.03703  	-0.1302  	0.06192  	-0.0155  	-0.0378  	0.48473  	
-0.5955  	-0.2582  	0.13362  	-1.6243  	-1.1519  	-0.8627  	-0.2100  	-0.2930  	0.22105  	0.89333  	0.78429  	-0.0419  	-0.3279  	-1.3010  	-0.3804  	0.83588  	-0.2363  	-0.1701  	0.24389  	0.72327  	0.23290  	-0.5221  	-0.2645  	-0.0207  	-0.6261  	0.02839  	-0.2916  	0.20661  	-0.1995  	-0.1595  	0.02833  	0.25132  	0.15351  	0.09477  	-0.0448  	-0.0307  	0.24820  	0.00572  	-0.1801  	0.70236  	0.24634  	-0.0969  	-0.0093  	0.06103  	-0.0537  	-0.0282  	-0.0037  	0.03088  	-0.0110  	-0.0002  	-0.0156  	-0.0064  	-0.0316  	0.02082  	-0.0407  	-0.0393  	-0.0195  	-0.0098  	-0.0109  	0.03596  	0.02603  	-0.0146  	-0.0109  	0.01175  	0.03976  	-0.1274  	0.06235  	-0.0157  	-0.0381  	0.48087  	
-0.3348  	-0.1519  	0.26582  	-1.4815  	-1.1180  	-0.7379  	-0.2061  	-0.1880  	0.28284  	0.81094  	0.77291  	0.01657  	-0.2690  	-1.1175  	-0.2487  	0.90311  	-0.2286  	-0.2337  	0.23982  	0.71426  	0.39945  	-0.5333  	-0.2578  	0.02279  	-0.6610  	0.02051  	-0.2468  	0.09814  	-0.3237  	-0.1698  	0.02164  	0.26235  	0.20120  	0.08477  	0.05971  	-0.1114  	0.34613  	0.03190  	-0.2401  	0.68941  	0.20839  	-0.1077  	-0.0023  	0.04702  	-0.0493  	-0.0320  	0.00104  	0.02622  	-0.0106  	-0.0002  	-0.0177  	-0.0090  	-0.0243  	0.02023  	-0.0466  	-0.0302  	-0.0267  	-0.0183  	-0.0144  	0.04088  	0.02908  	-0.0074  	-0.0139  	0.00818  	0.04183  	-0.1250  	0.06336  	-0.0158  	-0.0379  	0.46616  	
-0.1804  	-0.1130  	0.31593  	-1.4002  	-1.1092  	-0.6588  	-0.1921  	-0.1474  	0.29089  	0.73827  	0.81668  	0.00557  	-0.2514  	-0.9865  	-0.1208  	0.88712  	-0.2338  	-0.2422  	0.24379  	0.65318  	0.53180  	-0.5297  	-0.2818  	0.03731  	-0.6401  	-0.0074  	-0.1791  	0.01921  	-0.3881  	-0.1600  	0.00986  	0.28357  	0.19820  	0.07679  	0.14902  	-0.1545  	0.40810  	0.05864  	-0.2748  	0.65795  	0.18153  	-0.1097  	-0.0225  	0.02934  	-0.0478  	-0.0188  	0.00017  	0.02338  	-0.0117  	0.00885  	-0.0119  	-0.0104  	-0.0224  	0.01984  	-0.0454  	-0.0299  	-0.0290  	-0.0120  	-0.0147  	0.03340  	0.02250  	-0.0046  	-0.0116  	0.00348  	0.04222  	-0.1222  	0.06407  	-0.0156  	-0.0382  	0.46519  	
0.05569  	-0.0549  	0.47223  	-1.3071  	-1.1446  	-0.4846  	-0.1666  	-0.0293  	0.35588  	0.65616  	0.87535  	0.02293  	-0.2675  	-0.9048  	0.00466  	0.98366  	-0.2276  	-0.3257  	0.25159  	0.58200  	0.72641  	-0.4911  	-0.2307  	0.16265  	-0.6407  	-0.0309  	-0.0176  	-0.1827  	-0.5861  	-0.1617  	-0.0205  	0.34355  	0.19989  	0.06051  	0.25059  	-0.2032  	0.57816  	0.10745  	-0.3219  	0.59827  	0.12823  	-0.0943  	-0.0212  	0.02872  	-0.0456  	-0.0246  	-0.0097  	0.03448  	0.00255  	0.01154  	-0.0211  	-0.0097  	-0.0212  	0.03104  	-0.0479  	-0.0155  	-0.0279  	-0.0098  	-0.0146  	0.04582  	0.02555  	-0.0110  	-0.0130  	0.00293  	0.04032  	-0.1204  	0.06484  	-0.0156  	-0.0389  	0.47686  	
-0.1901  	-0.1769  	0.25564  	-1.3867  	-1.0201  	-0.6790  	-0.1687  	-0.2649  	0.26835  	0.88062  	0.91209  	0.03354  	-0.3047  	-1.1631  	-0.3838  	1.02105  	-0.2745  	-0.1648  	0.21056  	0.80427  	0.35258  	-0.5889  	-0.4651  	0.03428  	-0.5945  	-0.0098  	-0.2287  	0.21029  	-0.3577  	-0.1505  	-0.0219  	0.31335  	0.21667  	0.08409  	0.15301  	-0.0167  	0.32631  	0.00627  	-0.2342  	0.69513  	0.15546  	-0.0770  	-0.0273  	0.01568  	-0.0360  	-0.0241  	0.00159  	0.03350  	0.00418  	-0.0023  	0.01126  	-0.0078  	-0.0261  	0.02020  	-0.0425  	-0.0313  	-0.0107  	-0.0085  	-0.0109  	0.03800  	0.01810  	-0.0202  	-0.0012  	0.00972  	0.03677  	-0.1187  	0.06552  	-0.0148  	-0.0382  	0.47575  	
-0.3880  	-0.2928  	0.18190  	-1.5471  	-1.1539  	-0.7728  	-0.1804  	-0.3126  	0.19276  	0.91500  	0.87548  	-0.0229  	-0.3325  	-1.2980  	-0.5717  	0.95080  	-0.2804  	-0.0999  	0.22269  	0.79330  	0.21298  	-0.5662  	-0.4878  	0.01065  	-0.4717  	-0.0069  	-0.2079  	0.27789  	-0.2248  	-0.1231  	-0.0117  	0.28887  	0.15636  	0.06947  	0.07164  	0.06734  	0.25004  	-0.0108  	-0.1971  	0.71225  	0.17781  	-0.0730  	-0.0149  	0.03226  	-0.0396  	-0.0316  	0.00066  	0.04399  	0.00268  	-0.0045  	0.01183  	-0.0113  	-0.0226  	0.02190  	-0.0401  	-0.0340  	-0.0051  	-0.0074  	-0.0112  	0.04710  	0.01465  	-0.0272  	0.00699  	0.01197  	0.03443  	-0.1178  	0.06604  	-0.0138  	-0.0367  	0.46731  	
-0.5240  	-0.2904  	0.10925  	-1.6370  	-1.1764  	-0.8118  	-0.2308  	-0.3660  	0.17617  	0.83263  	0.92464  	-0.0944  	-0.4086  	-1.3904  	-0.4924  	0.87743  	-0.2134  	-0.1954  	0.25097  	0.70745  	0.35378  	-0.5521  	-0.3754  	0.08183  	-0.4737  	-0.0179  	-0.1102  	0.17646  	-0.2941  	-0.1067  	-0.0312  	0.31094  	0.10436  	0.06335  	0.09698  	0.05936  	0.36901  	-0.0088  	-0.2450  	0.67600  	0.16618  	-0.0808  	-0.0463  	0.02696  	-0.0278  	-0.0269  	-0.0040  	0.01282  	-0.0071  	0.01181  	0.01409  	-0.0160  	-0.0245  	0.01861  	-0.0441  	-0.0248  	-0.0038  	0.00272  	-0.0084  	0.03635  	0.01530  	-0.0337  	-0.0006  	0.01211  	0.03263  	-0.1162  	0.06617  	-0.0127  	-0.0356  	0.47403  	
-0.4611  	-0.2520  	0.14504  	-1.6034  	-1.1790  	-0.7730  	-0.2565  	-0.3528  	0.17568  	0.77077  	0.85727  	-0.0999  	-0.4064  	-1.3308  	-0.3710  	0.84106  	-0.2242  	-0.2507  	0.26795  	0.62891  	0.42726  	-0.5038  	-0.2582  	0.12262  	-0.5652  	0.00107  	-0.1161  	0.06018  	-0.3472  	-0.1349  	-0.0271  	0.29989  	0.10545  	0.06749  	0.09845  	-0.0044  	0.41747  	0.02107  	-0.2835  	0.67478  	0.17603  	-0.0664  	-0.0433  	0.03562  	-0.0336  	-0.0279  	-0.0046  	0.00467  	-0.0089  	0.00530  	-0.0030  	-0.0185  	-0.0289  	0.02292  	-0.0408  	-0.0313  	-0.0039  	-0.0041  	-0.0052  	0.03210  	0.01365  	-0.0210  	-0.0080  	0.00857  	0.03286  	-0.1150  	0.06663  	-0.0113  	-0.0344  	0.46166  	
-0.3646  	-0.2431  	0.20454  	-1.5339  	-1.1232  	-0.7343  	-0.2126  	-0.3138  	0.20371  	0.83321  	0.86640  	-0.0682  	-0.3795  	-1.2864  	-0.3978  	0.92410  	-0.2520  	-0.1881  	0.27035  	0.69348  	0.38704  	-0.5437  	-0.3462  	0.04698  	-0.5639  	-0.0110  	-0.1651  	0.11573  	-0.3430  	-0.1344  	-0.0139  	0.31450  	0.13915  	0.07016  	0.10447  	0.02088  	0.40477  	0.01273  	-0.2596  	0.67726  	0.16662  	-0.0818  	-0.0360  	0.03612  	-0.0275  	-0.0289  	-0.0052  	0.01245  	-0.0050  	-0.0073  	-0.0036  	-0.0127  	-0.0219  	0.01916  	-0.0387  	-0.0322  	-0.0101  	-0.0046  	-0.0100  	0.04025  	0.01714  	-0.0230  	-0.0021  	0.01297  	0.03442  	-0.1124  	0.06709  	-0.0096  	-0.0331  	0.44947  	
-0.3282  	-0.2019  	0.32591  	-1.5206  	-1.1173  	-0.7223  	-0.2003  	-0.2545  	0.24615  	0.90543  	0.88873  	-0.0169  	-0.3705  	-1.2296  	-0.4424  	0.99034  	-0.2908  	-0.1932  	0.27047  	0.74719  	0.36754  	-0.5382  	-0.3978  	0.06873  	-0.5520  	-0.0072  	-0.1851  	0.13457  	-0.3066  	-0.1596  	-0.0277  	0.30612  	0.15512  	0.06516  	0.11157  	0.02670  	0.36854  	0.01709  	-0.2430  	0.69956  	0.17698  	-0.0924  	-0.0174  	0.03444  	-0.0377  	-0.0289  	-0.0042  	0.03425  	0.00499  	-0.0039  	0.00944  	-0.0162  	-0.0260  	0.01931  	-0.0395  	-0.0337  	-0.0067  	-0.0061  	-0.0130  	0.03852  	0.01257  	-0.0276  	-0.0015  	0.01346  	0.03721  	-0.1103  	0.06728  	-0.0084  	-0.0322  	0.44262  	
-0.2562  	-0.2279  	0.25160  	-1.4948  	-1.0852  	-0.6883  	-0.1871  	-0.3413  	0.22399  	0.91349  	0.87432  	0.01590  	-0.3409  	-1.2049  	-0.4493  	0.97505  	-0.3078  	-0.1881  	0.25772  	0.81689  	0.30441  	-0.5694  	-0.4771  	0.01467  	-0.5336  	-0.0319  	-0.2134  	0.19304  	-0.2870  	-0.1367  	-0.0297  	0.31480  	0.15403  	0.08308  	0.12907  	0.04352  	0.34349  	0.00919  	-0.2099  	0.71463  	0.19364  	-0.0825  	-0.0063  	0.02691  	-0.0286  	-0.0267  	-0.0047  	0.02618  	0.00297  	0.00346  	0.00928  	-0.0104  	-0.0226  	0.01958  	-0.0360  	-0.0283  	-0.0107  	-0.0074  	-0.0132  	0.04261  	0.01415  	-0.0240  	-0.0012  	0.00769  	0.04112  	-0.1072  	0.06785  	-0.0074  	-0.0322  	0.43330  	
-0.3264  	-0.2217  	0.22707  	-1.5918  	-1.1501  	-0.7026  	-0.1926  	-0.3656  	0.20626  	0.92147  	0.81969  	-0.0295  	-0.3553  	-1.2631  	-0.5128  	0.92018  	-0.2873  	-0.1713  	0.25354  	0.77028  	0.26917  	-0.5615  	-0.4593  	-0.0339  	-0.5286  	-0.0269  	-0.2566  	0.25180  	-0.2446  	-0.1287  	-0.0144  	0.31219  	0.13761  	0.07211  	0.06999  	0.05461  	0.30386  	-0.0043  	-0.1849  	0.70842  	0.22282  	-0.0815  	-0.0128  	0.01395  	-0.0260  	-0.0268  	-0.0136  	0.02772  	0.00405  	0.00032  	0.00709  	-0.0133  	-0.0204  	0.02234  	-0.0409  	-0.0334  	-0.0042  	-0.0081  	-0.0063  	0.04346  	0.01794  	-0.0236  	0.00541  	0.00847  	0.04508  	-0.1049  	0.06880  	-0.0072  	-0.0325  	0.43320  	
-0.6001  	-0.2523  	0.14916  	-1.7146  	-1.1637  	-0.9177  	-0.1705  	-0.3099  	0.21539  	0.92374  	0.86991  	-0.0956  	-0.3485  	-1.2078  	-0.5257  	0.87617  	-0.2523  	-0.1989  	0.23178  	0.78564  	0.28101  	-0.5358  	-0.4020  	0.08327  	-0.4851  	-0.0171  	-0.1878  	0.19467  	-0.2345  	-0.1151  	-0.0309  	0.27555  	0.14430  	0.07161  	0.07975  	0.06270  	0.32238  	-0.0218  	-0.1947  	0.68311  	0.19242  	-0.0717  	-0.0476  	-0.0027  	-0.0335  	-0.0258  	-0.0016  	0.02044  	0.00593  	-0.0075  	0.00163  	-0.0127  	-0.0309  	0.01588  	-0.0457  	-0.0346  	-0.0153  	-0.0112  	-0.0024  	0.04149  	0.01557  	-0.0254  	-0.0139  	0.00867  	0.04782  	-0.1017  	0.06986  	-0.0070  	-0.0320  	0.40947  	
-0.7989  	-0.3303  	-0.0111  	-1.7611  	-1.1068  	-1.0174  	-0.1541  	-0.3135  	0.20100  	0.91033  	1.02732  	-0.0329  	-0.3396  	-1.1912  	-0.5015  	0.70553  	-0.2600  	-0.2436  	0.21746  	0.75927  	0.36235  	-0.4996  	-0.3978  	0.12928  	-0.5008  	0.01667  	-0.1719  	0.10798  	-0.2908  	-0.1425  	-0.0258  	0.25488  	0.17346  	0.07250  	0.07048  	-0.0074  	0.32377  	-0.0095  	-0.2063  	0.69824  	0.11718  	-0.0414  	-0.0857  	-0.0043  	-0.0141  	-0.0293  	-0.0047  	0.00979  	-0.0005  	0.00051  	0.00264  	-0.0114  	-0.0287  	0.02989  	-0.0467  	-0.0319  	-0.0183  	-0.0150  	0.00036  	0.05230  	0.01864  	-0.0142  	-0.0194  	0.00848  	0.05046  	-0.1009  	0.07081  	-0.0072  	-0.0315  	0.38463  	
-0.9250  	-0.3727  	-0.1125  	-1.8733  	-1.1564  	-1.0989  	-0.1759  	-0.3423  	0.19247  	0.92580  	1.14786  	-0.0602  	-0.3628  	-1.2721  	-0.5128  	0.65807  	-0.2611  	-0.2419  	0.18804  	0.78696  	0.43551  	-0.5313  	-0.3151  	0.10962  	-0.6650  	0.03143  	-0.2593  	0.11059  	-0.3425  	-0.1815  	0.01104  	0.23793  	0.19868  	0.08427  	0.10268  	-0.0841  	0.31218  	-0.0278  	-0.2149  	0.68549  	0.13129  	-0.0529  	-0.1003  	-0.0004  	-0.0266  	-0.0324  	-0.0006  	0.00163  	-0.0081  	-0.0050  	0.00484  	-0.0088  	-0.0338  	0.01741  	-0.0531  	-0.0315  	-0.0124  	-0.0089  	-0.0167  	0.04377  	0.02445  	-0.0064  	-0.0252  	0.00165  	0.05131  	-0.1011  	0.07087  	-0.0078  	-0.0318  	0.38532  	
-0.9556  	-0.3373  	-0.0384  	-1.9629  	-1.1996  	-1.1713  	-0.2254  	-0.2747  	0.18129  	1.00282  	1.15177  	-0.0879  	-0.3976  	-1.2438  	-0.6319  	0.64415  	-0.2409  	-0.2445  	0.26036  	0.71474  	0.45156  	-0.5652  	-0.2791  	0.09035  	-0.6772  	0.04186  	-0.2174  	0.06631  	-0.2915  	-0.1729  	0.02087  	0.23277  	0.15618  	0.07880  	0.05936  	-0.0884  	0.34471  	0.00596  	-0.1954  	0.68263  	0.16271  	-0.0766  	-0.0904  	0.01643  	-0.0262  	-0.0283  	-0.0184  	0.01293  	-0.0275  	0.00283  	-0.0096  	-0.0105  	-0.0315  	0.01826  	-0.0525  	-0.0292  	-0.0210  	-0.0084  	-0.0094  	0.04475  	0.02501  	-0.0044  	-0.0140  	0.00225  	0.05097  	-0.1031  	0.07102  	-0.0087  	-0.0328  	0.38889  	
-0.9043  	-0.3035  	0.00908  	-2.0716  	-1.3216  	-1.1466  	-0.2597  	-0.2513  	0.19692  	1.00589  	1.06692  	-0.1966  	-0.4018  	-1.2840  	-0.7607  	0.62635  	-0.2018  	-0.2306  	0.29615  	0.64527  	0.43642  	-0.5212  	-0.2473  	0.07884  	-0.6176  	0.02355  	-0.1354  	0.06273  	-0.2929  	-0.1805  	0.02714  	0.25426  	0.13967  	0.06870  	0.00590  	-0.0495  	0.33857  	0.00838  	-0.1874  	0.68029  	0.17576  	-0.0833  	-0.0548  	0.01393  	-0.0390  	-0.0256  	-0.0092  	0.02217  	-0.0100  	0.00110  	-0.0173  	-0.0166  	-0.0353  	0.02077  	-0.0440  	-0.0348  	-0.0206  	-0.0023  	-0.0033  	0.04402  	0.02270  	-0.0133  	-0.0052  	0.00549  	0.04984  	-0.1054  	0.07083  	-0.0095  	-0.0328  	0.39048  	
-0.7486  	-0.2964  	0.08801  	-2.0794  	-1.3801  	-1.0432  	-0.2430  	-0.2951  	0.21689  	1.00664  	0.92616  	-0.2122  	-0.3665  	-1.3565  	-0.6825  	0.67622  	-0.2152  	-0.1982  	0.30896  	0.66527  	0.38623  	-0.5449  	-0.2510  	0.04408  	-0.5445  	-0.0029  	-0.1117  	0.11128  	-0.3010  	-0.1322  	0.05362  	0.25509  	0.12753  	0.06215  	-0.0288  	-0.0244  	0.29850  	-0.0190  	-0.1994  	0.71009  	0.19350  	-0.0823  	-0.0338  	0.03805  	-0.0354  	-0.0275  	-0.0116  	0.01531  	-0.0076  	0.00495  	-0.0074  	-0.0159  	-0.0412  	0.02039  	-0.0516  	-0.0420  	-0.0129  	-0.0044  	-0.0165  	0.04407  	0.01687  	-0.0158  	-0.0031  	0.01111  	0.04941  	-0.1087  	0.07032  	-0.0104  	-0.0329  	0.39051  	
-0.6854  	-0.2547  	0.07856  	-1.8136  	-1.2068  	-0.9225  	-0.2007  	-0.2908  	0.23979  	0.95538  	0.79869  	-0.0941  	-0.3253  	-1.3084  	-0.4388  	0.77092  	-0.2353  	-0.1511  	0.28509  	0.73449  	0.30458  	-0.5268  	-0.2900  	0.02986  	-0.5655  	0.01020  	-0.1884  	0.20056  	-0.2028  	-0.1291  	0.03482  	0.25364  	0.14981  	0.06819  	-0.0407  	-0.0225  	0.22323  	-0.0360  	-0.1706  	0.74833  	0.21416  	-0.0875  	-0.0237  	0.03342  	-0.0345  	-0.0308  	-0.0045  	0.02474  	-0.0104  	0.00419  	0.00229  	-0.0113  	-0.0351  	0.02107  	-0.0487  	-0.0425  	-0.0144  	-0.0149  	-0.0088  	0.05086  	0.01793  	-0.0128  	-0.0101  	0.00839  	0.04875  	-0.1122  	0.06967  	-0.0112  	-0.0336  	0.40019  	
-0.5822  	-0.2544  	0.03518  	-1.5587  	-1.0675  	-0.8536  	-0.2003  	-0.2295  	0.24099  	0.89065  	0.82302  	0.02516  	-0.2964  	-1.2389  	-0.3423  	0.81456  	-0.2450  	-0.1371  	0.28858  	0.80986  	0.29415  	-0.5276  	-0.3677  	0.03123  	-0.5616  	0.00719  	-0.2841  	0.29388  	-0.2008  	-0.1275  	0.02402  	0.24980  	0.16677  	0.07908  	-0.0152  	-0.0197  	0.22057  	-0.0366  	-0.1508  	0.71408  	0.19625  	-0.0914  	-0.0350  	0.00780  	-0.0460  	-0.0241  	-0.0029  	0.03025  	-0.0039  	0.00460  	0.01247  	-0.0107  	-0.0354  	0.01775  	-0.0491  	-0.0397  	-0.0092  	-0.0148  	-0.0105  	0.05235  	0.01855  	-0.0127  	-0.0129  	0.00598  	0.04838  	-0.1170  	0.06903  	-0.0119  	-0.0342  	0.40513  	
-0.3492  	-0.2113  	0.14794  	-1.0771  	-0.8398  	-0.7181  	-0.2195  	-0.1117  	0.24489  	0.71251  	0.63126  	0.23404  	-0.2078  	-1.0830  	-0.0033  	0.84501  	-0.1647  	-0.3002  	0.33597  	0.57492  	0.35718  	-0.8415  	-0.7196  	0.03468  	-0.6341  	0.10365  	-0.2839  	0.29873  	-0.0871  	-0.1113  	0.10338  	0.19860  	0.08813  	-0.0768  	0.00227  	-0.0673  	0.06265  	-0.0412  	-0.2634  	0.65812  	0.20855  	0.06823  	-0.1599  	0.08986  	-0.0811  	0.00116  	-0.0224  	0.05936  	-0.0175  	-0.0072  	0.00085  	-0.0141  	-0.0364  	0.03528  	-0.0328  	-0.0343  	-0.0071  	-0.0243  	-0.0071  	0.04958  	0.01201  	-0.0315  	-0.0294  	0.00051  	0.04841  	-0.1198  	0.06776  	-0.0123  	-0.0347  	0.40972  	
-0.1897  	-0.1352  	0.23489  	-0.9429  	-0.7577  	-0.6118  	-0.2247  	-0.0689  	0.21503  	0.62379  	0.44855  	0.17159  	-0.0852  	-0.9571  	0.21283  	0.79113  	-0.1163  	-0.5045  	0.37719  	0.30335  	0.39693  	-0.9364  	-0.9703  	0.09218  	-0.6172  	0.18735  	-0.1787  	0.15128  	0.00557  	-0.0593  	0.17270  	0.18632  	0.00427  	-0.2211  	-0.0166  	-0.0973  	0.01285  	-0.0355  	-0.3757  	0.56981  	0.25015  	0.18023  	-0.2447  	0.17016  	-0.1359  	0.00914  	-0.0472  	0.08432  	-0.0173  	-0.0269  	0.00710  	-0.0084  	-0.0239  	0.04883  	-0.0386  	-0.0412  	-0.0166  	-0.0253  	0.00271  	0.05739  	0.02333  	-0.0413  	-0.0456  	0.00141  	0.04837  	-0.1229  	0.06657  	-0.0128  	-0.0348  	0.40963  	
-0.1349  	-0.1051  	0.31275  	-0.9262  	-0.7410  	-0.6198  	-0.2551  	-0.0695  	0.22689  	0.61496  	0.42818  	0.14949  	-0.0511  	-0.8927  	0.39599  	0.64337  	-0.0708  	-0.6053  	0.35914  	0.24095  	0.43611  	-0.9337  	-1.0009  	0.08308  	-0.6513  	0.17776  	-0.1264  	0.06684  	-0.0483  	-0.0771  	0.18932  	0.16934  	0.00049  	-0.2316  	0.05145  	-0.1339  	0.06211  	-0.0335  	-0.4165  	0.55089  	0.25479  	0.18376  	-0.2768  	0.18840  	-0.1477  	0.00049  	-0.0504  	0.07915  	-0.0125  	-0.0329  	0.01739  	-8.8470  	-0.0250  	0.04770  	-0.0435  	-0.0242  	-0.0171  	-0.0311  	0.00057  	0.06633  	0.02266  	-0.0217  	-0.0423  	0.00137  	0.04846  	-0.1245  	0.06575  	-0.0132  	-0.0354  	0.41034  	
0.11463  	-0.0761  	0.44004  	-0.9224  	-0.8050  	-0.4695  	-0.1703  	-0.0768  	0.23070  	0.67613  	0.35046  	-0.0395  	0.00070  	-0.8003  	0.48874  	0.60427  	-0.0805  	-0.6198  	0.32080  	0.12133  	0.50470  	-0.8177  	-0.8577  	0.12380  	-0.5723  	0.12417  	-0.0016  	-0.1071  	-0.0730  	-0.0592  	0.16339  	0.19906  	-0.0029  	-0.2053  	0.06378  	-0.1431  	0.12282  	-0.0276  	-0.3963  	0.60589  	0.22286  	0.18259  	-0.2521  	0.17111  	-0.1437  	0.01193  	-0.0603  	0.08963  	-0.0046  	-0.0238  	0.01326  	-0.0048  	-0.0265  	0.04167  	-0.0352  	-0.0147  	-0.0141  	-0.0344  	-0.0076  	0.06418  	0.02886  	-0.0220  	-0.0475  	0.00461  	0.04789  	-0.1263  	0.06501  	-0.0137  	-0.0363  	0.41972  	
0.25262  	-0.0790  	0.54984  	-1.0156  	-0.9107  	-0.4381  	-0.1258  	-0.0867  	0.26330  	0.77422  	0.32937  	-0.1855  	-0.0227  	-0.7660  	0.33401  	0.65061  	-0.1448  	-0.4821  	0.28234  	0.29216  	0.46553  	-0.5992  	-0.6080  	0.09494  	-0.4388  	0.04836  	0.02051  	-0.1399  	-0.1568  	-0.0331  	0.08279  	0.24556  	0.04823  	-0.0913  	0.08778  	-0.1249  	0.25565  	-0.0122  	-0.3080  	0.66407  	0.18572  	0.07423  	-0.1337  	0.12853  	-0.1161  	0.00146  	-0.0553  	0.10189  	0.00985  	-0.0179  	0.01601  	-0.0074  	-0.0242  	0.02697  	-0.0387  	-0.0083  	-0.0249  	-0.0290  	-0.0088  	0.06107  	0.02125  	-0.0240  	-0.0389  	-0.0031  	0.04555  	-0.1264  	0.06444  	-0.0139  	-0.0360  	0.41118  	
-0.1390  	-0.0993  	0.26982  	-1.1534  	-0.9000  	-0.7075  	-0.1167  	-0.1334  	0.24851  	0.78840  	0.58858  	-0.1830  	-0.1590  	-0.7450  	0.10663  	0.74657  	-0.2436  	-0.3354  	0.23686  	0.70027  	0.46047  	-0.3981  	-0.4783  	0.21291  	-0.3028  	-0.0624  	0.14547  	-0.0189  	-0.3178  	-0.0113  	-0.0784  	0.30568  	0.13787  	0.06074  	0.25872  	-0.0866  	0.40832  	-0.0132  	-0.2589  	0.74854  	0.04914  	-0.0522  	-0.0746  	0.02712  	-0.0272  	-0.0266  	-0.0179  	0.05123  	0.00779  	-0.0008  	0.00492  	-0.0125  	-0.0400  	0.00602  	-0.0484  	-0.0241  	-0.0106  	-0.0125  	-0.0027  	0.04011  	0.01604  	-0.0247  	-0.0243  	-0.0088  	0.04348  	-0.1276  	0.06417  	-0.0140  	-0.0353  	0.39271  	
-0.2913  	-0.2106  	-0.0260  	-0.8365  	-0.6421  	-0.6788  	-0.1203  	-0.1758  	0.25474  	0.75492  	0.55853  	0.10645  	-0.1616  	-0.8386  	0.10999  	0.85798  	-0.2826  	-0.2222  	0.18665  	0.80252  	0.28679  	-0.5118  	-0.5912  	0.11540  	-0.4150  	-0.0333  	-0.1665  	0.31620  	-0.1601  	-0.0103  	-0.0643  	0.28857  	0.17134  	0.09569  	0.24605  	-0.0414  	0.21957  	-0.0581  	-0.1766  	0.77186  	0.03016  	-0.0475  	-0.1099  	0.00281  	-0.0266  	-0.0258  	-0.0172  	0.02057  	0.01054  	0.00651  	0.02277  	-0.0082  	-0.0335  	0.01568  	-0.0455  	-0.0155  	-0.0045  	-0.0158  	0.00636  	0.03729  	0.01736  	-0.0191  	-0.0202  	0.00388  	0.04046  	-0.1278  	0.06407  	-0.0143  	-0.0349  	0.39604  	
-0.2675  	-0.2016  	-0.0223  	-0.8375  	-0.6101  	-0.7071  	-0.1083  	-0.1882  	0.23719  	0.71716  	0.54345  	0.16246  	-0.1171  	-0.7955  	0.10319  	0.81362  	-0.3086  	-0.2044  	0.16282  	0.86365  	0.22151  	-0.5132  	-0.6673  	0.01080  	-0.3565  	-0.0505  	-0.1451  	0.41649  	-0.0636  	0.03552  	-0.0749  	0.24640  	0.18588  	0.11766  	0.22346  	-0.0066  	0.16784  	-0.0778  	-0.1610  	0.75250  	0.00457  	-0.0388  	-0.1049  	-0.0112  	-0.0256  	-0.0274  	-0.0133  	0.02102  	0.02111  	-0.0093  	0.03012  	-0.0154  	-0.0348  	0.01418  	-0.0442  	-0.0104  	0.00221  	-0.0164  	0.00617  	0.03837  	0.01693  	-0.0172  	-0.0187  	0.00290  	0.03748  	-0.1288  	0.06453  	-0.0146  	-0.0347  	0.39505  	
-0.2587  	-0.1990  	0.03213  	-0.8195  	-0.5889  	-0.6809  	-0.1128  	-0.1519  	0.24639  	0.68529  	0.51354  	0.18359  	-0.0887  	-0.6988  	0.15760  	0.82847  	-0.3159  	-0.1951  	0.16265  	0.89596  	0.23602  	-0.4773  	-0.6633  	0.01404  	-0.3493  	-0.0672  	-0.1780  	0.48346  	-0.0139  	0.03679  	-0.0811  	0.21804  	0.20266  	0.11997  	0.19707  	-0.0201  	0.15696  	-0.1125  	-0.1442  	0.76223  	0.02124  	-0.0418  	-0.1024  	-0.0123  	-0.0315  	-0.0258  	-0.0041  	0.03090  	0.01663  	-0.0119  	0.02529  	-0.0222  	-0.0362  	0.01392  	-0.0505  	-0.0105  	0.00183  	-0.0155  	0.00324  	0.04031  	0.01925  	-0.0183  	-0.0233  	0.00186  	0.03419  	-0.1282  	0.06548  	-0.0146  	-0.0343  	0.39057  	
-0.2715  	-0.1863  	0.05131  	-0.8830  	-0.6283  	-0.6550  	-0.1304  	-0.1656  	0.25519  	0.69911  	0.51766  	0.20607  	-0.1019  	-0.7109  	0.11148  	0.84760  	-0.3191  	-0.1569  	0.18403  	0.90488  	0.27236  	-0.4963  	-0.6409  	-0.0137  	-0.4080  	-0.0427  	-0.2398  	0.48068  	-0.0153  	0.01203  	-0.0626  	0.21438  	0.21009  	0.12704  	0.14567  	-0.0450  	0.14112  	-0.1185  	-0.1350  	0.76266  	0.05625  	-0.0439  	-0.0792  	0.00546  	-0.0304  	-0.0209  	-0.0058  	0.03347  	0.00895  	-0.0105  	0.01886  	-0.0238  	-0.0363  	0.01986  	-0.0556  	-0.0065  	-0.0020  	-0.0158  	-0.0057  	0.03775  	0.02188  	-0.0227  	-0.0316  	-0.0008  	0.03236  	-0.1287  	0.06632  	-0.0146  	-0.0342  	0.39002  	
-0.2673  	-0.1716  	0.04376  	-0.9031  	-0.6853  	-0.6210  	-0.1542  	-0.1663  	0.26996  	0.68337  	0.48030  	0.19196  	-0.1359  	-0.7727  	0.11208  	0.82765  	-0.2885  	-0.1842  	0.21808  	0.85382  	0.26495  	-0.5137  	-0.5831  	-0.0032  	-0.4021  	-0.0310  	-0.1816  	0.43556  	-0.0573  	0.00893  	-0.0685  	0.22111  	0.19299  	0.12544  	0.14224  	-0.0588  	0.16671  	-0.0884  	-0.1369  	0.75097  	0.03677  	-0.0459  	-0.0764  	0.01288  	-0.0326  	-0.0286  	-0.0080  	0.04348  	0.01015  	-0.0055  	0.01763  	-0.0205  	-0.0337  	0.02358  	-0.0535  	-0.0077  	-0.0006  	-0.0146  	-0.0040  	0.03571  	0.01476  	-0.0228  	-0.0279  	0.00082  	0.03262  	-0.1281  	0.06708  	-0.0146  	-0.0353  	0.39835  	
-0.2123  	-0.1619  	0.08040  	-0.8735  	-0.7066  	-0.5854  	-0.1679  	-0.1611  	0.25827  	0.64300  	0.46616  	0.16692  	-0.1482  	-0.8051  	0.18879  	0.84126  	-0.2750  	-0.2192  	0.24584  	0.78750  	0.27029  	-0.4919  	-0.5136  	0.05916  	-0.4284  	-0.0141  	-0.1331  	0.36586  	-0.1197  	-0.0150  	-0.0612  	0.24259  	0.19009  	0.10534  	0.15642  	-0.0869  	0.20704  	-0.0696  	-0.1602  	0.74616  	0.03627  	-0.0418  	-0.0720  	0.01145  	-0.0346  	-0.0322  	-0.0048  	0.04071  	0.00089  	0.00048  	0.00961  	-0.0082  	-0.0315  	0.01733  	-0.0544  	-0.0132  	-0.0044  	-0.0139  	0.00181  	0.03871  	0.01395  	-0.0196  	-0.0267  	-0.0029  	0.03472  	-0.1272  	0.06785  	-0.0150  	-0.0366  	0.41007  	
-0.1587  	-0.1186  	0.19873  	-0.9756  	-0.7884  	-0.5369  	-0.1723  	-0.1641  	0.28093  	0.65556  	0.40990  	0.06513  	-0.1607  	-0.8306  	0.27854  	0.80778  	-0.2455  	-0.2629  	0.23046  	0.73952  	0.34656  	-0.4494  	-0.4162  	0.09869  	-0.5041  	-0.0273  	-0.1255  	0.23339  	-0.2014  	-0.0426  	-0.0667  	0.24436  	0.18562  	0.10015  	0.14017  	-0.1067  	0.26837  	-0.0375  	-0.1751  	0.73917  	0.08099  	-0.0739  	-0.0431  	0.02425  	-0.0277  	-0.0268  	-0.0108  	0.03137  	0.00210  	-0.0036  	-0.0010  	-0.0129  	-0.0302  	0.01361  	-0.0498  	-0.0178  	-0.0088  	-0.0077  	-0.0041  	0.04331  	0.01780  	-0.0188  	-0.0166  	0.00171  	0.03780  	-0.1240  	0.06814  	-0.0150  	-0.0375  	0.40793  	
0.09506  	-0.0707  	0.41122  	-1.0654  	-0.8668  	-0.4230  	-0.1174  	-0.1431  	0.26910  	0.70580  	0.37798  	-0.0384  	-0.1030  	-0.7001  	0.37887  	0.74556  	-0.2294  	-0.2712  	0.21188  	0.57767  	0.41489  	-0.4261  	-0.3515  	0.12010  	-0.4842  	-0.0540  	-0.0120  	0.04900  	-0.2697  	-0.0517  	-0.0275  	0.28533  	0.18012  	0.07536  	0.18971  	-0.1128  	0.32956  	-0.0006  	-0.2188  	0.72401  	0.10352  	-0.0648  	-0.0401  	0.02518  	-0.0415  	-0.0206  	-0.0190  	0.05629  	0.01709  	-0.0031  	-0.0053  	-0.0142  	-0.0308  	0.00981  	-0.0490  	-0.0116  	-0.0125  	-0.0131  	-0.0036  	0.05093  	0.02204  	-0.0137  	-0.0169  	-0.0001  	0.04139  	-0.1213  	0.06851  	-0.0151  	-0.0380  	0.39376  	
0.11448  	-0.0661  	0.47987  	-1.1691  	-1.0048  	-0.4268  	-0.1515  	-0.0903  	0.28017  	0.70225  	0.57860  	-0.1438  	-0.1819  	-0.8182  	0.17897  	0.84463  	-0.2496  	-0.3329  	0.25532  	0.52126  	0.58327  	-0.4084  	-0.2821  	0.16429  	-0.4501  	-0.0603  	0.06604  	-0.1525  	-0.4233  	-0.0871  	-0.0350  	0.32197  	0.15417  	0.06299  	0.26479  	-0.1369  	0.47989  	0.03270  	-0.2561  	0.66609  	0.08246  	-0.0676  	-0.0355  	0.03078  	-0.0434  	-0.0194  	-0.0272  	0.05511  	0.01524  	0.00135  	0.00131  	-0.0095  	-0.0249  	0.01726  	-0.0443  	-0.0089  	-0.0235  	-0.0105  	-0.0075  	0.05238  	0.01608  	-0.0146  	-0.0112  	-0.0006  	0.04474  	-0.1180  	0.06852  	-0.0149  	-0.0389  	0.39368  	
0.13343  	-0.0760  	0.45223  	-1.1894  	-1.0434  	-0.3905  	-0.1694  	-0.0558  	0.29537  	0.65437  	0.65034  	-0.0952  	-0.2054  	-0.8671  	0.13074  	0.92051  	-0.2075  	-0.3724  	0.26462  	0.54253  	0.67499  	-0.4154  	-0.2612  	0.19670  	-0.4710  	-0.0539  	0.08606  	-0.2002  	-0.5023  	-0.1050  	-0.0456  	0.32751  	0.14166  	0.06204  	0.26465  	-0.1528  	0.52072  	0.05667  	-0.2991  	0.64109  	0.07897  	-0.0658  	-0.0357  	0.03160  	-0.0483  	-0.0244  	-0.0204  	0.05331  	0.02383  	0.00758  	-0.0030  	-0.0106  	-0.0241  	0.02927  	-0.0480  	-0.0072  	-0.0270  	-0.0097  	-0.0105  	0.04784  	0.02022  	-0.0137  	-0.0096  	-0.0035  	0.04459  	-0.1161  	0.06898  	-0.0148  	-0.0397  	0.40586  	
0.11051  	-0.0673  	0.48676  	-1.2528  	-1.0823  	-0.4354  	-0.1654  	-0.0479  	0.34639  	0.66916  	0.79470  	-0.0304  	-0.2225  	-0.8687  	0.04358  	0.96748  	-0.2144  	-0.3446  	0.24172  	0.55865  	0.71000  	-0.4718  	-0.2456  	0.20801  	-0.5652  	-0.0461  	0.04800  	-0.1973  	-0.5666  	-0.1402  	-0.0310  	0.33969  	0.18293  	0.05993  	0.27326  	-0.1824  	0.55512  	0.07746  	-0.3058  	0.63074  	0.06901  	-0.0748  	-0.0369  	0.02730  	-0.0464  	-0.0224  	-0.0184  	0.04348  	0.00559  	0.00514  	-0.0068  	-0.0104  	-0.0228  	0.02300  	-0.0474  	-0.0082  	-0.0241  	-0.0086  	-0.0153  	0.04784  	0.02535  	-0.0122  	-0.0056  	0.00901  	0.04227  	-0.1147  	0.06920  	-0.0141  	-0.0389  	0.40493  	
0.08433  	-0.0729  	0.50355  	-1.2498  	-1.0751  	-0.4226  	-0.1392  	-0.0596  	0.34124  	0.71038  	0.82253  	-0.0057  	-0.2377  	-0.8837  	-0.0303  	0.99605  	-0.2300  	-0.3137  	0.23672  	0.62463  	0.67655  	-0.4871  	-0.2994  	0.15963  	-0.5624  	-0.0347  	-0.0016  	-0.1231  	-0.5148  	-0.1375  	-0.0283  	0.34014  	0.20732  	0.07260  	0.24491  	-0.1482  	0.53536  	0.07822  	-0.2802  	0.63540  	0.10851  	-0.0825  	-0.0184  	0.03194  	-0.0390  	-0.0238  	-0.0115  	0.04483  	0.00519  	0.00552  	-0.0111  	-0.0085  	-0.0225  	0.02660  	-0.0416  	-0.0148  	-0.0246  	-0.0113  	-0.0170  	0.04860  	0.02348  	-0.0149  	-0.0064  	0.00607  	0.04060  	-0.1143  	0.06930  	-0.0132  	-0.0372  	0.39986  	
-0.0685  	-0.0955  	0.37435  	-1.3469  	-1.0716  	-0.6158  	-0.1690  	-0.1405  	0.30769  	0.80538  	0.81126  	0.02389  	-0.2319  	-0.9961  	-0.2546  	0.97897  	-0.2632  	-0.2015  	0.23018  	0.72856  	0.49513  	-0.5626  	-0.4026  	0.07630  	-0.5618  	-0.0141  	-0.1559  	0.11523  	-0.3702  	-0.1425  	-0.0118  	0.30324  	0.22663  	0.07152  	0.15162  	-0.0763  	0.39172  	0.02503  	-0.2179  	0.68562  	0.17589  	-0.0918  	-0.0114  	0.02914  	-0.0385  	-0.0233  	-0.0011  	0.04113  	0.00997  	0.01316  	0.00266  	-0.0116  	-0.0215  	0.02123  	-0.0413  	-0.0217  	-0.0201  	-0.0128  	-0.0040  	0.04496  	0.02087  	-0.0230  	-0.0078  	0.00564  	0.03850  	-0.1133  	0.06915  	-0.0123  	-0.0358  	0.41939  	
-0.3722  	-0.2395  	0.15817  	-1.6033  	-1.1474  	-0.8186  	-0.1973  	-0.2980  	0.23684  	0.90214  	0.81223  	-0.0571  	-0.2631  	-1.1447  	-0.4653  	0.88198  	-0.2346  	-0.1681  	0.23681  	0.73921  	0.24276  	-0.5894  	-0.4032  	0.01786  	-0.5472  	0.01221  	-0.2093  	0.24120  	-0.2682  	-0.1330  	0.02025  	0.29908  	0.19179  	0.06238  	0.04949  	-0.0034  	0.28949  	-0.0148  	-0.1909  	0.69991  	0.21209  	-0.0907  	0.00633  	0.03565  	-0.0432  	-0.0263  	-0.0005  	0.05729  	-0.0071  	-0.0013  	0.00132  	-0.0131  	-0.0291  	0.02072  	-0.0475  	-0.0333  	-0.0112  	-0.0148  	-0.0151  	0.03975  	0.02346  	-0.0184  	0.00137  	0.01560  	0.03719  	-0.1135  	0.06926  	-0.0111  	-0.0343  	0.42185  	
-0.7765  	-0.3483  	-0.0178  	-1.8141  	-1.1833  	-1.0653  	-0.1283  	-0.3907  	0.18913  	0.96689  	1.04413  	-0.0543  	-0.3404  	-1.2408  	-0.5895  	0.73333  	-0.2690  	-0.1875  	0.23780  	0.76144  	0.29250  	-0.5025  	-0.4069  	0.10082  	-0.5188  	0.00827  	-0.2056  	0.13108  	-0.2640  	-0.1583  	-0.0115  	0.24426  	0.17341  	0.08613  	0.04924  	0.00516  	0.29030  	0.00053  	-0.2124  	0.67931  	0.18419  	-0.0454  	-0.0354  	0.00617  	-0.0270  	-0.0296  	-0.0142  	0.02515  	0.00492  	-0.0029  	0.00567  	-0.0133  	-0.0338  	0.02120  	-0.0441  	-0.0299  	-0.0154  	-0.0100  	-0.0010  	0.05093  	0.02291  	-0.0134  	-0.0145  	0.01116  	0.03650  	-0.1122  	0.06957  	-0.0096  	-0.0328  	0.42470  	
-0.8403  	-0.3539  	-0.1093  	-1.8909  	-1.1932  	-1.0627  	-0.1762  	-0.3545  	0.17509  	0.89797  	1.04141  	-0.0927  	-0.3518  	-1.2825  	-0.5596  	0.70083  	-0.2587  	-0.2158  	0.22639  	0.74251  	0.37975  	-0.5197  	-0.3369  	0.07945  	-0.6260  	0.01970  	-0.2264  	0.16398  	-0.2624  	-0.1629  	0.00401  	0.26495  	0.15783  	0.07733  	0.07615  	-0.0341  	0.28024  	-0.0234  	-0.2099  	0.67714  	0.14976  	-0.0581  	-0.0874  	-0.0029  	-0.0250  	-0.0333  	-0.0025  	0.02387  	0.00038  	0.00579  	0.00067  	-0.0141  	-0.0262  	0.02252  	-0.0439  	-0.0327  	-0.0103  	-0.0099  	-0.0051  	0.05236  	0.02279  	-0.0130  	-0.0163  	0.00661  	0.03729  	-0.1117  	0.06958  	-0.0085  	-0.0318  	0.43491  	
-0.8969  	-0.3209  	-0.1137  	-1.8706  	-1.1646  	-1.0876  	-0.2099  	-0.2904  	0.20006  	0.95987  	1.08157  	-0.0526  	-0.3387  	-1.1984  	-0.5846  	0.68918  	-0.2617  	-0.2102  	0.22592  	0.78183  	0.38324  	-0.5407  	-0.3603  	0.06249  	-0.6434  	0.03926  	-0.2660  	0.20135  	-0.2632  	-0.1684  	0.00745  	0.23251  	0.18487  	0.09558  	0.07032  	-0.0467  	0.24770  	-0.0421  	-0.2036  	0.70385  	0.14436  	-0.0689  	-0.0845  	0.01838  	-0.0410  	-0.0386  	0.00979  	0.03058  	-0.0144  	-0.0028  	-0.0082  	-0.0156  	-0.0272  	0.02472  	-0.0515  	-0.0345  	-0.0099  	-0.0071  	-0.0191  	0.05565  	0.02664  	-0.0071  	-0.0197  	0.00260  	0.03930  	-0.1100  	0.07005  	-0.0079  	-0.0316  	0.44187  	
-0.9231  	-0.3228  	-0.1210  	-1.8387  	-1.1204  	-1.1321  	-0.2203  	-0.2557  	0.20571  	0.99544  	1.08819  	-0.0236  	-0.3463  	-1.2160  	-0.6433  	0.70408  	-0.2928  	-0.2108  	0.25272  	0.78245  	0.36437  	-0.5397  	-0.3554  	0.04322  	-0.6703  	0.04690  	-0.2856  	0.25923  	-0.2394  	-0.1776  	0.00171  	0.22463  	0.19461  	0.10135  	0.05244  	-0.0388  	0.23455  	-0.0495  	-0.1820  	0.69214  	0.16330  	-0.0679  	-0.0910  	0.02629  	-0.0430  	-0.0392  	0.00859  	0.04383  	-0.0213  	-0.0002  	-0.0139  	-0.0166  	-0.0252  	0.02798  	-0.0521  	-0.0397  	-0.0091  	-0.0083  	-0.0190  	0.05397  	0.02840  	-0.0173  	-0.0151  	0.00726  	0.04166  	-0.1087  	0.07064  	-0.0078  	-0.0321  	0.45367  	
-0.9228  	-0.3379  	-0.1032  	-1.9321  	-1.1801  	-1.1450  	-0.2184  	-0.2946  	0.19710  	0.98666  	1.10876  	-0.0633  	-0.3884  	-1.2914  	-0.7076  	0.70611  	-0.2546  	-0.1948  	0.25937  	0.76857  	0.35917  	-0.5558  	-0.3438  	0.04771  	-0.6946  	0.05440  	-0.2882  	0.23458  	-0.2726  	-0.1949  	0.03017  	0.24325  	0.18113  	0.09448  	0.03540  	-0.0457  	0.23687  	-0.0384  	-0.1893  	0.68436  	0.18125  	-0.0730  	-0.0746  	0.01444  	-0.0458  	-0.0391  	0.00236  	0.03949  	-0.0173  	0.00462  	-0.0133  	-0.0160  	-0.0265  	0.02631  	-0.0511  	-0.0385  	-0.0139  	-0.0120  	-0.0165  	0.05789  	0.03063  	-0.0156  	-0.0090  	0.00851  	0.04316  	-0.1066  	0.07120  	-0.0076  	-0.0320  	0.44128  	
-0.7894  	-0.3192  	-0.0248  	-1.8590  	-1.2136  	-1.0860  	-0.1793  	-0.2921  	0.20255  	0.96846  	1.01714  	-0.0310  	-0.3433  	-1.2990  	-0.7056  	0.67659  	-0.2622  	-0.1851  	0.25345  	0.75438  	0.31252  	-0.5457  	-0.2992  	0.07622  	-0.6540  	0.02835  	-0.2424  	0.17553  	-0.2698  	-0.1879  	0.02908  	0.26553  	0.15788  	0.07626  	-0.0091  	-0.0304  	0.27929  	-0.0160  	-0.1827  	0.67981  	0.20104  	-0.0625  	-0.0428  	0.01053  	-0.0301  	-0.0348  	-0.0067  	0.04953  	-0.0144  	0.01102  	-0.0120  	-0.0146  	-0.0329  	0.02304  	-0.0438  	-0.0370  	-0.0087  	-0.0132  	-0.0107  	0.04223  	0.02703  	-0.0164  	-0.0097  	0.00705  	0.04505  	-0.1064  	0.07155  	-0.0078  	-0.0319  	0.42561  	
-0.6876  	-0.3262  	0.05151  	-1.8025  	-1.2146  	-1.0383  	-0.1683  	-0.3265  	0.19088  	0.94439  	1.02763  	-0.0387  	-0.3486  	-1.2999  	-0.7261  	0.70751  	-0.2703  	-0.1738  	0.25845  	0.76201  	0.30396  	-0.5464  	-0.3014  	0.05406  	-0.6391  	0.04204  	-0.2359  	0.17075  	-0.2967  	-0.1931  	0.02626  	0.26396  	0.15459  	0.06718  	-0.0164  	-0.0185  	0.29577  	-0.0163  	-0.1962  	0.65924  	0.20769  	-0.0652  	-0.0288  	0.03102  	-0.0285  	-0.0350  	-0.0082  	0.03980  	0.00135  	0.00756  	-0.0048  	-0.0139  	-0.0382  	0.02225  	-0.0438  	-0.0325  	-0.0155  	-0.0117  	-0.0097  	0.03399  	0.02936  	-0.0105  	-0.0112  	0.00392  	0.04548  	-0.1067  	0.07144  	-0.0083  	-0.0325  	0.43009  	
-0.7228  	-0.3282  	0.09122  	-1.8307  	-1.2041  	-1.0547  	-0.1704  	-0.3262  	0.20849  	0.94566  	0.98849  	-0.0344  	-0.3497  	-1.2918  	-0.6727  	0.74257  	-0.2770  	-0.1654  	0.26247  	0.76769  	0.28452  	-0.5599  	-0.2953  	0.04076  	-0.6650  	0.04130  	-0.2415  	0.19169  	-0.2608  	-0.1882  	0.04189  	0.25942  	0.16464  	0.07130  	-0.0210  	-0.0257  	0.28515  	-0.0165  	-0.1930  	0.67465  	0.22295  	-0.0720  	-0.0177  	0.04385  	-0.0280  	-0.0357  	-0.0067  	0.03915  	0.00069  	0.00142  	-0.0078  	-0.0131  	-0.0378  	0.02220  	-0.0421  	-0.0362  	-0.0195  	-0.0159  	-0.0061  	0.03737  	0.02956  	-0.0100  	-0.0110  	0.00459  	0.04383  	-0.1088  	0.07180  	-0.0092  	-0.0336  	0.43256  	
-0.4766  	-0.2598  	0.19602  	-1.6158  	-1.1275  	-0.9342  	-0.1908  	-0.2243  	0.26395  	0.85094  	0.87979  	-0.0519  	-0.2986  	-1.0996  	-0.3605  	0.79672  	-0.2341  	-0.1700  	0.24974  	0.78677  	0.40453  	-0.5865  	-0.3220  	0.12763  	-0.6860  	0.00442  	-0.2272  	0.11343  	-0.2821  	-0.1851  	0.00295  	0.27345  	0.18394  	0.07087  	0.06641  	-0.0879  	0.30771  	-0.0069  	-0.2426  	0.71554  	0.20498  	-0.0981  	-0.0264  	0.03054  	-0.0242  	-0.0281  	-0.0022  	0.02499  	0.00321  	-0.0045  	-0.0021  	-0.0155  	-0.0354  	0.02055  	-0.0493  	-0.0337  	-0.0174  	-0.0127  	-0.0105  	0.04143  	0.02345  	-0.0174  	-0.0231  	0.00235  	0.04211  	-0.1109  	0.07136  	-0.0099  	-0.0339  	0.43566  	
-0.2634  	-0.1191  	0.32888  	-1.4408  	-1.0725  	-0.7013  	-0.2110  	-0.1294  	0.28032  	0.81204  	0.76889  	-0.0211  	-0.2670  	-1.0171  	-0.2100  	0.90316  	-0.2293  	-0.2534  	0.26716  	0.67984  	0.46972  	-0.5209  	-0.2941  	0.09922  	-0.6373  	0.00331  	-0.1427  	0.04048  	-0.3598  	-0.1522  	-0.0036  	0.28567  	0.19449  	0.07645  	0.11434  	-0.1184  	0.38637  	0.03485  	-0.2482  	0.68112  	0.18004  	-0.1014  	-0.0129  	0.03999  	-0.0421  	-0.0247  	0.00083  	0.02244  	-0.0097  	-0.0058  	-0.0136  	-0.0133  	-0.0289  	0.01784  	-0.0479  	-0.0307  	-0.0235  	-0.0132  	-0.0060  	0.04810  	0.02710  	-0.0106  	-0.0185  	0.00527  	0.04163  	-0.1137  	0.07060  	-0.0110  	-0.0340  	0.43917  	
-0.0041  	-0.0467  	0.44704  	-1.2992  	-1.0831  	-0.5700  	-0.2180  	-0.0017  	0.30858  	0.66234  	0.81792  	-0.0149  	-0.2056  	-0.9697  	0.06355  	0.86283  	-0.1067  	-0.4754  	0.32510  	0.32708  	0.72522  	-0.7112  	-0.5201  	0.13310  	-0.6694  	0.08235  	-0.0428  	-0.2108  	-0.4077  	-0.1767  	0.09655  	0.26966  	0.10064  	-0.1141  	0.14153  	-0.2125  	0.42538  	0.08257  	-0.4092  	0.54566  	0.21356  	0.03237  	-0.1382  	0.11191  	-0.1112  	-0.0001  	-0.0329  	0.04426  	-0.0152  	-0.0003  	-0.0083  	-0.0045  	-0.0257  	0.04157  	-0.0371  	-0.0187  	-0.0300  	-0.0214  	-0.0067  	0.05374  	0.02810  	-0.0078  	-0.0335  	0.00140  	0.04119  	-0.1165  	0.06954  	-0.0119  	-0.0349  	0.45419  	
0.06990  	-0.0216  	0.53196  	-1.2638  	-1.1238  	-0.5269  	-0.2362  	0.07503  	0.31573  	0.58647  	0.88711  	0.01729  	-0.1809  	-0.9946  	0.16365  	0.85981  	-0.0467  	-0.6408  	0.38275  	0.08553  	0.87633  	-0.8865  	-0.6908  	0.18739  	-0.7355  	0.14552  	0.00158  	-0.3823  	-0.4595  	-0.1945  	0.18593  	0.25731  	0.02145  	-0.2424  	0.15366  	-0.2607  	0.43847  	0.10426  	-0.5426  	0.45561  	0.24710  	0.15035  	-0.2374  	0.16915  	-0.1543  	0.01459  	-0.0518  	0.06471  	-0.0254  	-0.0124  	-0.0109  	-0.0007  	-0.0218  	0.05950  	-0.0360  	-0.0157  	-0.0309  	-0.0306  	-0.0139  	0.06345  	0.03320  	-0.0169  	-0.0440  	0.00387  	0.04138  	-0.1205  	0.06863  	-0.0128  	-0.0358  	0.46261  	
0.08810  	-0.0312  	0.55750  	-1.2470  	-1.1038  	-0.5243  	-0.2368  	0.09128  	0.32344  	0.59045  	0.90635  	0.04487  	-0.1619  	-0.9983  	0.15874  	0.86238  	-0.0199  	-0.6699  	0.38376  	0.03872  	0.86597  	-0.9503  	-0.7419  	0.18895  	-0.7628  	0.16932  	0.00139  	-0.3726  	-0.4370  	-0.1950  	0.20991  	0.24307  	0.00735  	-0.2694  	0.14287  	-0.2649  	0.41281  	0.10309  	-0.5528  	0.44055  	0.25219  	0.17895  	-0.2630  	0.18465  	-0.1653  	0.01757  	-0.0596  	0.06945  	-0.0304  	-0.0183  	-0.0034  	0.00326  	-0.0195  	0.06259  	-0.0339  	-0.0160  	-0.0315  	-0.0312  	-0.0132  	0.06711  	0.03372  	-0.0176  	-0.0439  	0.00893  	0.04206  	-0.1225  	0.06747  	-0.0134  	-0.0364  	0.46905  	
0.08753  	-0.0344  	0.54936  	-1.2513  	-1.1054  	-0.5187  	-0.2299  	0.07922  	0.32762  	0.59576  	0.90309  	0.04133  	-0.1717  	-0.9879  	0.14664  	0.87456  	-0.0386  	-0.6363  	0.36921  	0.09190  	0.85149  	-0.9044  	-0.6909  	0.18843  	-0.7490  	0.14895  	0.00205  	-0.3537  	-0.4532  	-0.1909  	0.18633  	0.25293  	0.02640  	-0.2363  	0.15594  	-0.2591  	0.43040  	0.10347  	-0.5294  	0.45748  	0.23704  	0.15246  	-0.2394  	0.16875  	-0.1534  	0.01347  	-0.0548  	0.06565  	-0.0273  	-0.0159  	-0.0046  	0.00228  	-0.0197  	0.05922  	-0.0352  	-0.0157  	-0.0310  	-0.0290  	-0.0133  	0.06535  	0.03278  	-0.0169  	-0.0406  	0.00882  	0.04283  	-0.1246  	0.06631  	-0.0140  	-0.0364  	0.46846  	
0.08524  	-0.0471  	0.51678  	-1.2685  	-1.1118  	-0.4964  	-0.2022  	0.03097  	0.34436  	0.61697  	0.89007  	0.02714  	-0.2110  	-0.9460  	0.09824  	0.92331  	-0.1134  	-0.5021  	0.31103  	0.30462  	0.79354  	-0.7210  	-0.4870  	0.18635  	-0.6937  	0.06744  	0.00469  	-0.2784  	-0.5179  	-0.1746  	0.09200  	0.29237  	0.10260  	-0.1042  	0.20821  	-0.2363  	0.50075  	0.10498  	-0.4356  	0.52521  	0.17640  	0.04652  	-0.1448  	0.10516  	-0.1058  	-0.0029  	-0.0355  	0.05046  	-0.0147  	-0.0063  	-0.0096  	-0.0016  	-0.0208  	0.04575  	-0.0402  	-0.0145  	-0.0290  	-0.0198  	-0.0139  	0.05831  	0.02901  	-0.0143  	-0.0275  	0.00840  	0.04310  	-0.1256  	0.06553  	-0.0144  	-0.0369  	0.46728  	
0.08238  	-0.0630  	0.47606  	-1.2900  	-1.1198  	-0.4685  	-0.1676  	-0.0293  	0.36528  	0.64348  	0.87379  	0.00940  	-0.2600  	-0.8937  	0.03775  	0.98425  	-0.2070  	-0.3343  	0.23830  	0.57051  	0.72110  	-0.4917  	-0.2321  	0.18375  	-0.6246  	-0.0344  	0.00799  	-0.1843  	-0.5988  	-0.1541  	-0.0259  	0.34167  	0.19784  	0.06099  	0.27355  	-0.2077  	0.58870  	0.10688  	-0.3185  	0.60987  	0.10060  	-0.0859  	-0.0266  	0.02567  	-0.0464  	-0.0235  	-0.0115  	0.03147  	0.00091  	0.00572  	-0.0158  	-0.0065  	-0.0221  	0.02891  	-0.0465  	-0.0131  	-0.0264  	-0.0084  	-0.0145  	0.04950  	0.02429  	-0.0111  	-0.0112  	0.00787  	0.04260  	-0.1270  	0.06478  	-0.0148  	-0.0378  	0.47331  	
0.08238  	-0.0630  	0.47606  	-1.2900  	-1.1198  	-0.4685  	-0.1676  	-0.0293  	0.36528  	0.64348  	0.87379  	0.00940  	-0.2600  	-0.8937  	0.03775  	0.98425  	-0.2070  	-0.3343  	0.23830  	0.57051  	0.72110  	-0.4917  	-0.2321  	0.18375  	-0.6246  	-0.0344  	0.00799  	-0.1843  	-0.5988  	-0.1541  	-0.0259  	0.34167  	0.19784  	0.06099  	0.27355  	-0.2077  	0.58870  	0.10688  	-0.3185  	0.60987  	0.10060  	-0.0859  	-0.0266  	0.02567  	-0.0464  	-0.0235  	-0.0115  	0.03147  	0.00091  	0.00572  	-0.0158  	-0.0065  	-0.0221  	0.02891  	-0.0465  	-0.0131  	-0.0264  	-0.0084  	-0.0145  	0.04950  	0.02429  	-0.0111  	-0.0112  	0.00787  	0.04014  	-0.1273  	0.06428  	-0.0148  	-0.0376  	0.46648  	
0.08238  	-0.0630  	0.47606  	-1.2900  	-1.1198  	-0.4685  	-0.1676  	-0.0293  	0.36528  	0.64348  	0.87379  	0.00940  	-0.2600  	-0.8937  	0.03775  	0.98425  	-0.2070  	-0.3343  	0.23830  	0.57051  	0.72110  	-0.4917  	-0.2321  	0.18375  	-0.6246  	-0.0344  	0.00799  	-0.1843  	-0.5988  	-0.1541  	-0.0259  	0.34167  	0.19784  	0.06099  	0.27355  	-0.2077  	0.58870  	0.10688  	-0.3185  	0.60987  	0.10060  	-0.0859  	-0.0266  	0.02567  	-0.0464  	-0.0235  	-0.0115  	0.03147  	0.00091  	0.00572  	-0.0158  	-0.0065  	-0.0221  	0.02891  	-0.0465  	-0.0131  	-0.0264  	-0.0084  	-0.0145  	0.04950  	0.02429  	-0.0111  	-0.0112  	0.00787  	0.03764  	-0.1288  	0.06400  	-0.0147  	-0.0369  	0.45256  	
0.08238  	-0.0630  	0.47606  	-1.2900  	-1.1198  	-0.4685  	-0.1676  	-0.0293  	0.36528  	0.64348  	0.87379  	0.00940  	-0.2600  	-0.8937  	0.03775  	0.98425  	-0.2070  	-0.3343  	0.23830  	0.57051  	0.72110  	-0.4917  	-0.2321  	0.18375  	-0.6246  	-0.0344  	0.00799  	-0.1843  	-0.5988  	-0.1541  	-0.0259  	0.34167  	0.19784  	0.06099  	0.27355  	-0.2077  	0.58870  	0.10688  	-0.3185  	0.60987  	0.10060  	-0.0859  	-0.0266  	0.02567  	-0.0464  	-0.0235  	-0.0115  	0.03147  	0.00091  	0.00572  	-0.0158  	-0.0065  	-0.0221  	0.02891  	-0.0465  	-0.0131  	-0.0264  	-0.0084  	-0.0145  	0.04950  	0.02429  	-0.0111  	-0.0112  	0.00787  	0.03426  	-0.1297  	0.06361  	-0.0149  	-0.0367  	0.45410  	
0.08238  	-0.0630  	0.47606  	-1.2900  	-1.1198  	-0.4685  	-0.1676  	-0.0293  	0.36528  	0.64348  	0.87379  	0.00940  	-0.2600  	-0.8937  	0.03775  	0.98425  	-0.2070  	-0.3343  	0.23830  	0.57051  	0.72110  	-0.4917  	-0.2321  	0.18375  	-0.6246  	-0.0344  	0.00799  	-0.1843  	-0.5988  	-0.1541  	-0.0259  	0.34167  	0.19784  	0.06099  	0.27355  	-0.2077  	0.58870  	0.10688  	-0.3185  	0.60987  	0.10060  	-0.0859  	-0.0266  	0.02567  	-0.0464  	-0.0235  	-0.0115  	0.03147  	0.00091  	0.00572  	-0.0158  	-0.0065  	-0.0221  	0.02891  	-0.0465  	-0.0131  	-0.0264  	-0.0084  	-0.0145  	0.04950  	0.02429  	-0.0111  	-0.0112  	0.00787  	0.03154  	-0.1312  	0.06353  	-0.0150  	-0.0367  	0.44905  	
-0.1887  	-0.1913  	0.26733  	-1.3135  	-0.9927  	-0.6535  	-0.1700  	-0.2707  	0.24812  	0.90176  	0.88768  	0.00127  	-0.3223  	-1.2023  	-0.3678  	1.02687  	-0.2765  	-0.1616  	0.21003  	0.79989  	0.33040  	-0.5433  	-0.4854  	0.04233  	-0.5402  	-0.0291  	-0.1904  	0.21471  	-0.3329  	-0.1381  	-0.0462  	0.31872  	0.18900  	0.07769  	0.15367  	0.00920  	0.32717  	0.00433  	-0.2205  	0.69575  	0.14788  	-0.0733  	-0.0351  	0.02072  	-0.0368  	-0.0250  	-0.0043  	0.03543  	0.00453  	0.00144  	0.01795  	-0.0109  	-0.0222  	0.01977  	-0.0402  	-0.0291  	-0.0065  	-0.0084  	-0.0090  	0.04267  	0.01675  	-0.0238  	-0.0026  	0.00945  	0.02917  	-0.1311  	0.06373  	-0.0149  	-0.0364  	0.44200  	
-0.3238  	-0.2558  	0.20710  	-1.4339  	-1.0649  	-0.7228  	-0.1686  	-0.3300  	0.20603  	0.94300  	0.87119  	0.00761  	-0.3356  	-1.2724  	-0.5139  	1.00346  	-0.2855  	-0.1103  	0.20237  	0.78924  	0.18129  	-0.5459  	-0.5118  	0.00544  	-0.4893  	-0.0098  	-0.2050  	0.29413  	-0.1935  	-0.1163  	-0.0242  	0.30084  	0.16487  	0.08374  	0.07625  	0.07768  	0.22046  	-0.0028  	-0.1831  	0.72160  	0.19049  	-0.0733  	-0.0114  	0.03417  	-0.0430  	-0.0297  	-0.0047  	0.04424  	0.00845  	-0.0064  	0.01286  	-0.0106  	-0.0224  	0.02014  	-0.0367  	-0.0362  	-0.0083  	-0.0049  	-0.0094  	0.04663  	0.01679  	-0.0234  	0.00539  	0.01160  	0.02843  	-0.1315  	0.06375  	-0.0151  	-0.0362  	0.44278  	
-0.4863  	-0.2977  	0.04435  	-1.5771  	-1.1652  	-0.8413  	-0.1688  	-0.3746  	0.16181  	0.89343  	0.87076  	-0.0508  	-0.3464  	-1.3661  	-0.5171  	0.90704  	-0.2726  	-0.1421  	0.21689  	0.77411  	0.19159  	-0.5313  	-0.4390  	0.02001  	-0.4437  	0.00404  	-0.2112  	0.30185  	-0.1987  	-0.1067  	-0.0150  	0.30056  	0.11907  	0.07287  	0.03393  	0.10063  	0.24607  	-0.0278  	-0.1854  	0.70527  	0.18255  	-0.0768  	-0.0250  	0.03430  	-0.0283  	-0.0307  	-0.0090  	0.03177  	0.00319  	0.00320  	0.00798  	-0.0140  	-0.0183  	0.02299  	-0.0403  	-0.0311  	-0.0080  	-0.0072  	-0.0104  	0.04434  	0.01807  	-0.0297  	0.00150  	0.01655  	0.02934  	-0.1310  	0.06375  	-0.0151  	-0.0373  	0.45182  	
-0.5767  	-0.3412  	0.08504  	-1.6448  	-1.1680  	-0.9179  	-0.1712  	-0.3238  	0.15883  	0.84199  	0.94975  	-0.1033  	-0.4078  	-1.4008  	-0.4429  	0.88201  	-0.2249  	-0.1540  	0.27161  	0.73787  	0.37742  	-0.5898  	-0.4066  	0.13391  	-0.5113  	-0.0074  	-0.1301  	0.14978  	-0.3218  	-0.1523  	-0.0302  	0.31072  	0.11227  	0.05896  	0.10841  	0.02473  	0.36880  	0.00325  	-0.2668  	0.68426  	0.16676  	-0.0794  	-0.0698  	0.04117  	-0.0219  	-0.0319  	-0.0094  	0.00773  	-0.0060  	0.00613  	0.00579  	-0.0092  	-0.0221  	0.01705  	-0.0368  	-0.0310  	-0.0079  	-0.0002  	-0.0101  	0.04242  	0.01543  	-0.0226  	-0.0178  	0.00954  	0.03177  	-0.1299  	0.06399  	-0.0154  	-0.0383  	0.46094  	
-0.2947  	-0.1977  	0.28643  	-1.4910  	-1.0850  	-0.7134  	-0.1886  	-0.1596  	0.26680  	0.84945  	0.71183  	-0.0700  	-0.2606  	-1.0954  	-0.1840  	0.83940  	-0.2353  	-0.2483  	0.27557  	0.66126  	0.45185  	-0.5411  	-0.3121  	0.14251  	-0.5935  	-0.0016  	-0.0512  	0.01567  	-0.4026  	-0.1413  	-0.0114  	0.29865  	0.16130  	0.06564  	0.16785  	-0.0794  	0.41049  	0.02189  	-0.2743  	0.70191  	0.12914  	-0.0968  	-0.0301  	0.02883  	-0.0405  	-0.0283  	-0.0031  	0.00582  	-0.0006  	0.00209  	0.00044  	-0.0152  	-0.0293  	0.02110  	-0.0467  	-0.0316  	-0.0201  	-0.0066  	-0.0059  	0.04932  	0.01901  	-0.0070  	-0.0092  	0.00598  	0.03480  	-0.1262  	0.06429  	-0.0154  	-0.0387  	0.45571  	
0.12137  	-0.0767  	0.49586  	-1.2905  	-1.0272  	-0.5431  	-0.1500  	-0.1137  	0.28731  	0.80197  	0.51620  	-0.0998  	-0.1051  	-0.7892  	0.12001  	0.78260  	-0.2212  	-0.3465  	0.27016  	0.57126  	0.52940  	-0.4414  	-0.2408  	0.11060  	-0.4777  	-0.0425  	0.06907  	-0.1162  	-0.4080  	-0.0666  	0.00897  	0.30923  	0.15587  	0.07059  	0.20291  	-0.1061  	0.44648  	0.04615  	-0.2333  	0.66079  	0.10361  	-0.0907  	0.00182  	0.05401  	-0.0505  	-0.0265  	-0.0190  	0.07210  	0.02188  	0.00088  	-0.0018  	-0.0112  	-0.0237  	0.01905  	-0.0386  	-0.0141  	-0.0301  	-0.0077  	-0.0138  	0.04891  	0.02109  	-0.0215  	-0.0139  	0.00297  	0.03799  	-0.1227  	0.06514  	-0.0155  	-0.0387  	0.43924  	
-0.2052  	-0.1669  	0.24311  	-1.2719  	-0.9728  	-0.6538  	-0.1769  	-0.2001  	0.23652  	0.74549  	0.61144  	-0.1311  	-0.2698  	-1.0649  	-0.0217  	0.77892  	-0.1872  	-0.3876  	0.30707  	0.55060  	0.51909  	-0.4549  	-0.2303  	0.18375  	-0.4509  	-0.0316  	0.10208  	-0.1563  	-0.4470  	-0.0878  	-0.0357  	0.33539  	0.12073  	0.06881  	0.20802  	-0.1042  	0.47155  	0.04261  	-0.2898  	0.71322  	0.07592  	-0.0634  	-0.0239  	0.05686  	-0.0445  	-0.0270  	-0.0115  	0.04829  	0.00419  	-0.0017  	-0.0192  	-0.0075  	-0.0374  	0.02443  	-0.0446  	-0.0285  	-0.0137  	-0.0140  	-0.0118  	0.04709  	0.02212  	-0.0281  	-0.0116  	-0.0040  	0.03998  	-0.1189  	0.06570  	-0.0153  	-0.0390  	0.43756  	
-0.3748  	-0.2681  	0.21184  	-1.1887  	-0.9607  	-0.5896  	-0.2443  	-0.2383  	0.22932  	0.70108  	0.67514  	-0.0194  	-0.3155  	-1.1774  	-0.1683  	0.90420  	-0.2406  	-0.2331  	0.28405  	0.71630  	0.36329  	-0.5303  	-0.3888  	0.14243  	-0.5140  	-0.0188  	-0.0969  	0.14560  	-0.3223  	-0.0707  	-0.0220  	0.29124  	0.14072  	0.06630  	0.15319  	-0.0357  	0.36167  	-0.0009  	-0.2358  	0.68461  	0.09646  	-0.0616  	-0.0608  	0.03578  	-0.0189  	-0.0274  	-0.0196  	0.02265  	-0.0048  	0.00123  	-0.0090  	-0.0176  	-0.0241  	0.02159  	-0.0475  	-0.0232  	-0.0028  	-0.0068  	0.00127  	0.03882  	0.01169  	-0.0243  	-0.0125  	0.00130  	0.03871  	-0.1169  	0.06634  	-0.0151  	-0.0397  	0.44990  	
-0.1546  	-0.1360  	0.18962  	-0.9960  	-0.8212  	-0.5710  	-0.1849  	-0.2105  	0.26006  	0.71437  	0.45284  	0.03354  	-0.1986  	-0.9443  	0.09224  	0.85349  	-0.2593  	-0.2166  	0.21892  	0.75952  	0.24629  	-0.4617  	-0.4937  	0.01907  	-0.4328  	-0.0211  	-0.1269  	0.23568  	-0.1893  	-0.0185  	-0.0434  	0.26303  	0.16220  	0.10129  	0.11762  	-0.0703  	0.23245  	-0.0207  	-0.1544  	0.75555  	0.08769  	-0.0702  	-0.0305  	0.01424  	-0.0320  	-0.0300  	-0.0125  	0.03545  	0.01050  	0.00042  	0.01638  	-0.0128  	-0.0322  	0.01805  	-0.0501  	-0.0210  	-0.0105  	-0.0070  	-0.0060  	0.03996  	0.00914  	-0.0177  	-0.0064  	0.00343  	0.03587  	-0.1151  	0.06707  	-0.0143  	-0.0389  	0.45094  	
-0.1423  	-0.1454  	0.15733  	-0.9047  	-0.8017  	-0.5045  	-0.2011  	-0.1897  	0.24644  	0.72491  	0.43084  	0.11505  	-0.1731  	-0.8852  	0.14185  	0.88931  	-0.2490  	-0.2320  	0.26353  	0.71070  	0.29865  	-0.4431  	-0.4329  	-0.0419  	-0.4190  	-0.0368  	-0.1219  	0.18438  	-0.1688  	0.01072  	-0.0542  	0.25987  	0.15603  	0.09744  	0.09823  	-0.0943  	0.25129  	-0.0065  	-0.1649  	0.70753  	0.10737  	-0.0990  	-0.0265  	0.02099  	-0.0153  	-0.0267  	-0.0192  	0.03360  	0.00846  	-0.0048  	0.00314  	-0.0201  	-0.0312  	0.00801  	-0.0491  	-0.0223  	-0.0132  	-0.0050  	-0.0118  	0.03740  	0.00686  	-0.0231  	-0.0113  	0.00625  	0.03406  	-0.1144  	0.06766  	-0.0134  	-0.0373  	0.44684  	
-0.3224  	-0.2150  	0.14104  	-1.2698  	-0.9024  	-0.7300  	-0.1336  	-0.3007  	0.23238  	0.78831  	0.63714  	0.01580  	-0.2787  	-1.0901  	-0.1468  	0.90248  	-0.2559  	-0.1979  	0.26332  	0.71012  	0.35397  	-0.5131  	-0.4637  	0.07905  	-0.4738  	-0.0263  	-0.1380  	0.19444  	-0.2261  	-0.0714  	-0.0317  	0.27908  	0.16832  	0.07205  	0.11739  	-0.0283  	0.31832  	-0.0232  	-0.2309  	0.74929  	0.11120  	-0.0630  	-0.0591  	0.04128  	-0.0233  	-0.0271  	-0.0128  	0.02826  	-0.0012  	-0.0058  	-0.0060  	-0.0154  	-0.0324  	0.01717  	-0.0511  	-0.0260  	-0.0037  	-0.0081  	-0.0043  	0.04790  	0.01671  	-0.0211  	-0.0160  	0.00712  	0.03248  	-0.1133  	0.06785  	-0.0124  	-0.0358  	0.46010  	
-0.4090  	-0.2887  	0.17747  	-1.4662  	-1.0745  	-0.7834  	-0.2118  	-0.3585  	0.18441  	0.81956  	0.89066  	-0.0405  	-0.3960  	-1.4039  	-0.4402  	0.93476  	-0.2739  	-0.1806  	0.25851  	0.72144  	0.36309  	-0.5526  	-0.3897  	0.08280  	-0.5136  	-0.0191  	-0.1147  	0.11623  	-0.3146  	-0.1203  	-0.0465  	0.29570  	0.11782  	0.04991  	0.10410  	0.04826  	0.34682  	0.01478  	-0.2502  	0.71668  	0.14263  	-0.0720  	-0.0589  	0.02620  	-0.0414  	-0.0221  	-0.0156  	0.01659  	-0.0166  	-0.0028  	0.01026  	-0.0076  	-0.0206  	0.01340  	-0.0500  	-0.0230  	-0.0079  	-0.0005  	0.00237  	0.03731  	0.01064  	-0.0213  	-0.0011  	0.00553  	0.03235  	-0.1132  	0.06837  	-0.0112  	-0.0343  	0.45571  	
-0.4269  	-0.2907  	0.13917  	-1.4826  	-1.1057  	-0.8111  	-0.1876  	-0.4158  	0.18199  	0.85956  	0.86084  	-0.0804  	-0.3923  	-1.4586  	-0.4745  	0.91606  	-0.2339  	-0.1704  	0.27237  	0.71571  	0.28266  	-0.5707  	-0.3890  	0.04516  	-0.4604  	-0.0186  	-0.1363  	0.19474  	-0.2802  	-0.0942  	-0.0330  	0.31813  	0.10004  	0.06192  	0.04248  	0.05399  	0.32165  	0.00325  	-0.2197  	0.72472  	0.17412  	-0.0809  	-0.0446  	0.04260  	-0.0356  	-0.0271  	-0.0192  	0.02687  	-0.0035  	0.00656  	0.00654  	-0.0078  	-0.0271  	0.01994  	-0.0401  	-0.0253  	-0.0127  	0.00062  	-0.0052  	0.03392  	0.01249  	-0.0208  	0.00515  	0.00370  	0.03270  	-0.1122  	0.06908  	-0.0097  	-0.0326  	0.45825  	
-0.5351  	-0.2873  	0.10838  	-1.5544  	-1.1353  	-0.8241  	-0.1793  	-0.4058  	0.17722  	0.85240  	0.80959  	-0.1161  	-0.3815  	-1.4721  	-0.4455  	0.88862  	-0.2290  	-0.1565  	0.26193  	0.70651  	0.22687  	-0.5456  	-0.3701  	0.00024  	-0.4526  	-0.0034  	-0.1776  	0.28199  	-0.2035  	-0.0902  	-0.0082  	0.31368  	0.09626  	0.07203  	-0.0151  	0.05583  	0.27308  	-0.0026  	-0.2019  	0.70637  	0.19708  	-0.0869  	-0.0346  	0.05063  	-0.0491  	-0.0289  	-0.0180  	0.02510  	-0.0069  	0.00493  	0.00301  	-0.0083  	-0.0211  	0.02060  	-0.0431  	-0.0330  	-0.0145  	-0.0054  	-0.0044  	0.03458  	0.01219  	-0.0185  	0.00462  	0.00620  	0.03387  	-0.1122  	0.06956  	-0.0086  	-0.0315  	0.47075  	
-0.4972  	-0.2498  	0.13029  	-1.3859  	-1.0204  	-0.8055  	-0.2280  	-0.3729  	0.17260  	0.82616  	0.74627  	-0.0459  	-0.3827  	-1.3898  	-0.3501  	0.88201  	-0.2310  	-0.1806  	0.25564  	0.72035  	0.27070  	-0.5705  	-0.4054  	0.01498  	-0.4453  	-0.0109  	-0.1606  	0.29673  	-0.2022  	-0.0810  	-0.0358  	0.31800  	0.10860  	0.07999  	0.01303  	0.03477  	0.26653  	-0.0086  	-0.1866  	0.70503  	0.16326  	-0.0733  	-0.0505  	0.03833  	-0.0456  	-0.0319  	-0.0188  	0.02630  	-0.0099  	-0.0028  	0.01247  	-0.0122  	-0.0179  	0.01840  	-0.0486  	-0.0323  	-0.0027  	-0.0037  	-0.0013  	0.03508  	0.01153  	-0.0210  	0.00512  	0.00912  	0.03570  	-0.1117  	0.07040  	-0.0078  	-0.0315  	0.47723  	
-0.3674  	-0.2119  	0.17625  	-1.2225  	-0.9275  	-0.6672  	-0.2469  	-0.3071  	0.19480  	0.73522  	0.68551  	0.02006  	-0.3547  	-1.2360  	-0.2191  	0.86263  	-0.2305  	-0.2419  	0.24702  	0.70317  	0.34705  	-0.5525  	-0.4021  	0.04381  	-0.4537  	-0.0199  	-0.1099  	0.26447  	-0.2314  	-0.0542  	-0.0480  	0.29469  	0.12919  	0.08435  	0.09156  	0.01989  	0.29271  	-0.0110  	-0.1893  	0.69660  	0.11834  	-0.0633  	-0.0431  	0.03150  	-0.0396  	-0.0295  	-0.0205  	0.03689  	-0.0097  	-0.0031  	0.01013  	-0.0137  	-0.0214  	0.01694  	-0.0484  	-0.0201  	-0.0029  	-0.0061  	0.00118  	0.04033  	0.01655  	-0.0267  	-0.0074  	0.00575  	0.03780  	-0.1115  	0.07141  	-0.0078  	-0.0319  	0.48958  	
-0.2828  	-0.1806  	0.21527  	-1.2274  	-0.9536  	-0.5493  	-0.2338  	-0.2339  	0.22280  	0.69630  	0.62048  	0.00047  	-0.3324  	-1.1579  	-0.0734  	0.84079  	-0.1976  	-0.2665  	0.27888  	0.69957  	0.37939  	-0.4939  	-0.3805  	0.08723  	-0.4051  	-0.0169  	-0.0344  	0.15192  	-0.2819  	-0.0423  	-0.0615  	0.30112  	0.15631  	0.08009  	0.12033  	-0.0072  	0.34507  	0.00737  	-0.2119  	0.67624  	0.10495  	-0.0678  	-0.0479  	0.04406  	-0.0340  	-0.0264  	-0.0121  	0.03070  	0.00452  	-0.0086  	0.00064  	-0.0144  	-0.0225  	0.02103  	-0.0501  	-0.0135  	-0.0089  	-0.0054  	-0.0019  	0.04105  	0.01818  	-0.0261  	-0.0205  	-0.0007  	0.03893  	-0.1104  	0.07255  	-0.0077  	-0.0317  	0.47863  	
-0.2951  	-0.2093  	0.21281  	-1.2956  	-0.9730  	-0.6408  	-0.2304  	-0.3138  	0.18099  	0.82661  	0.74201  	-0.0069  	-0.3503  	-1.2218  	-0.2914  	0.94730  	-0.2576  	-0.2077  	0.25218  	0.73055  	0.33227  	-0.5143  	-0.4248  	0.05228  	-0.4516  	-0.0243  	-0.1177  	0.18241  	-0.2710  	-0.0695  	-0.0453  	0.30224  	0.12981  	0.07258  	0.11644  	0.04944  	0.32361  	-0.0024  	-0.2241  	0.69850  	0.10691  	-0.0757  	-0.0206  	0.02388  	-0.0296  	-0.0217  	-0.0154  	0.02071  	-0.0001  	-0.0010  	0.01416  	-0.0154  	-0.0232  	0.01473  	-0.0416  	-0.0179  	-0.0072  	-0.0026  	-0.0045  	0.04056  	0.00835  	-0.0335  	-0.0116  	0.00286  	0.04042  	-0.1111  	0.07313  	-0.0080  	-0.0317  	0.46835  	
-0.2264  	-0.2099  	0.27153  	-1.3024  	-0.9751  	-0.6545  	-0.1918  	-0.2860  	0.19715  	0.85734  	0.75418  	0.00454  	-0.3434  	-1.2414  	-0.3688  	1.03724  	-0.2827  	-0.1851  	0.25838  	0.74897  	0.32164  	-0.5391  	-0.4734  	0.05034  	-0.4639  	-0.0467  	-0.1215  	0.20038  	-0.2695  	-0.0815  	-0.0600  	0.30703  	0.12483  	0.05765  	0.12916  	0.07994  	0.33221  	0.00039  	-0.2240  	0.71672  	0.12746  	-0.0780  	-0.0266  	0.02746  	-0.0305  	-0.0263  	-0.0146  	0.03306  	0.00717  	-0.0055  	0.01771  	-0.0174  	-0.0189  	0.01398  	-0.0415  	-0.0218  	-0.0008  	-0.0023  	-0.0030  	0.04631  	0.00877  	-0.0332  	-0.0023  	0.00572  	0.04025  	-0.1124  	0.07232  	-0.0085  	-0.0325  	0.47561  	
-0.1392  	-0.2026  	0.36194  	-1.2899  	-0.9843  	-0.5931  	-0.1758  	-0.2317  	0.21887  	0.86274  	0.81985  	-0.0131  	-0.3473  	-1.1986  	-0.3446  	1.08027  	-0.2962  	-0.2097  	0.27977  	0.74784  	0.43562  	-0.5298  	-0.4587  	0.12722  	-0.4786  	-0.0532  	-0.0262  	0.09199  	-0.3639  	-0.1124  	-0.0798  	0.34441  	0.14191  	0.05915  	0.17753  	0.04720  	0.41688  	0.03944  	-0.2797  	0.71313  	0.12454  	-0.0664  	-0.0414  	0.03594  	-0.0346  	-0.0255  	-0.0172  	0.02937  	0.00175  	-0.0112  	0.00651  	-0.0131  	-0.0212  	0.02230  	-0.0418  	-0.0232  	-0.0044  	-0.0091  	-0.0113  	0.04372  	0.01536  	-0.0317  	-0.0082  	0.00607  	0.03935  	-0.1152  	0.07119  	-0.0092  	-0.0343  	0.47694  	
0.18881  	-0.0681  	0.59714  	-1.3177  	-1.0643  	-0.5116  	-0.1827  	0.03085  	0.30852  	0.69329  	0.96475  	0.06211  	-0.2608  	-1.0801  	-0.1329  	1.05226  	-0.1741  	-0.4833  	0.36719  	0.40770  	0.73083  	-0.7185  	-0.6499  	0.15603  	-0.5581  	0.04423  	-0.0108  	-0.2141  	-0.4823  	-0.1645  	0.07976  	0.29143  	0.06862  	-0.1007  	0.18927  	-0.1241  	0.42392  	0.07816  	-0.3878  	0.56808  	0.18836  	0.05966  	-0.1228  	0.13036  	-0.0986  	-7.1886  	-0.0491  	0.07270  	0.00686  	-0.0051  	0.01404  	-0.0057  	-0.0172  	0.03855  	-0.0389  	-0.0111  	-0.0168  	-0.0161  	-0.0134  	0.05721  	0.01603  	-0.0207  	-0.0166  	0.00581  	0.03929  	-0.1171  	0.06937  	-0.0097  	-0.0353  	0.47597  	
0.04328  	-0.0736  	0.55883  	-1.3320  	-1.0060  	-0.6312  	-0.1894  	0.00861  	0.30410  	0.77900  	0.85539  	0.07524  	-0.1757  	-1.0364  	-0.0997  	0.99858  	-0.0877  	-0.5908  	0.39331  	0.23855  	0.69948  	-0.9117  	-0.9316  	0.16319  	-0.4709  	0.08613  	0.01963  	-0.1884  	-0.2967  	-0.1158  	0.12270  	0.24791  	-0.0205  	-0.2338  	0.11590  	-0.1023  	0.30230  	0.04564  	-0.4404  	0.56501  	0.24331  	0.17298  	-0.2189  	0.17927  	-0.1613  	-0.0013  	-0.0667  	0.08876  	-0.0039  	-0.0309  	0.01459  	-0.0048  	-0.0227  	0.06246  	-0.0342  	-0.0173  	-0.0152  	-0.0327  	-0.0125  	0.06645  	0.01875  	-0.0269  	-0.0301  	0.00370  	0.04073  	-0.1188  	0.06717  	-0.0105  	-0.0360  	0.47896  	
-0.1619  	-0.1982  	0.30595  	-0.9702  	-0.8417  	-0.6633  	-0.1985  	-0.0640  	0.21543  	0.73933  	0.72419  	0.18999  	-0.1146  	-0.9863  	0.10816  	0.86997  	-0.0388  	-0.5685  	0.42071  	0.23262  	0.57579  	-0.9349  	-0.9755  	0.19056  	-0.5755  	0.14083  	-0.0186  	-0.0936  	-0.1791  	-0.0986  	0.15739  	0.20798  	-0.0481  	-0.2700  	0.09506  	-0.1288  	0.22567  	0.01065  	-0.4725  	0.56283  	0.22196  	0.19295  	-0.3151  	0.17961  	-0.1562  	0.02232  	-0.0712  	0.07136  	-0.0243  	-0.0280  	0.02622  	-0.0086  	-0.0292  	0.04571  	-0.0413  	-0.0130  	-0.0108  	-0.0343  	0.00449  	0.06121  	0.02083  	-0.0213  	-0.0564  	0.00451  	0.04225  	-0.1198  	0.06493  	-0.0112  	-0.0375  	0.49198  	
-0.2597  	-0.2030  	0.09208  	-0.9692  	-0.7330  	-0.7344  	-0.2237  	-0.0978  	0.22172  	0.72054  	0.61702  	0.17353  	-0.1283  	-1.0475  	0.13328  	0.74845  	-0.0932  	-0.5065  	0.34129  	0.29322  	0.45083  	-0.9556  	-0.9848  	0.12354  	-0.5617  	0.16245  	-0.1122  	0.09826  	-0.0691  	-0.0918  	0.15624  	0.17247  	-0.0063  	-0.1914  	0.09080  	-0.0880  	0.08562  	-0.0377  	-0.4000  	0.58237  	0.16111  	0.19209  	-0.3090  	0.16722  	-0.1458  	0.01391  	-0.0550  	0.04516  	-0.0147  	-0.0186  	0.02661  	-0.0108  	-0.0292  	0.04987  	-0.0299  	-0.0177  	-0.0125  	-0.0260  	0.00622  	0.05534  	0.01500  	-0.0258  	-0.0552  	-0.0037  	0.04456  	-0.1214  	0.06324  	-0.0118  	-0.0390  	0.50166  	
-0.1760  	-0.1539  	0.16910  	-0.8985  	-0.7142  	-0.6144  	-0.1881  	-0.1296  	0.22220  	0.63515  	0.46772  	0.11305  	-0.1166  	-0.8306  	0.28163  	0.77280  	-0.1766  	-0.3960  	0.28186  	0.49706  	0.36009  	-0.6942  	-0.7889  	0.09119  	-0.4490  	0.07360  	-0.1062  	0.22225  	-0.0411  	-0.0141  	0.04540  	0.20894  	0.07736  	-0.0724  	0.11450  	-0.1111  	0.13054  	-0.0617  	-0.2843  	0.66839  	0.10754  	0.07550  	-0.1821  	0.09054  	-0.0758  	-0.0074  	-0.0301  	0.04488  	-0.0146  	-0.0188  	0.01244  	-0.0081  	-0.0288  	0.03588  	-0.0381  	-0.0279  	-0.0120  	-0.0210  	-0.0016  	0.05803  	0.01890  	-0.0316  	-0.0292  	0.00374  	0.04681  	-0.1215  	0.06189  	-0.0122  	-0.0402  	0.51272  	
-0.0138  	-0.0725  	0.32670  	-0.9730  	-0.8392  	-0.3916  	-0.1439  	-0.1155  	0.29339  	0.67130  	0.42953  	-0.0463  	-0.1149  	-0.7126  	0.28882  	0.80346  	-0.2270  	-0.2815  	0.22761  	0.64088  	0.43361  	-0.4290  	-0.3896  	0.12380  	-0.4016  	-0.0505  	-0.0149  	0.11340  	-0.2209  	-0.0140  	-0.0771  	0.28792  	0.16520  	0.07996  	0.17552  	-0.1187  	0.29832  	-0.0146  	-0.1840  	0.73543  	0.06927  	-0.0646  	-0.0295  	0.02239  	-0.0317  	-0.0271  	-0.0131  	0.04397  	0.02005  	-0.0108  	0.00086  	-0.0139  	-0.0283  	0.01130  	-0.0482  	-0.0151  	-0.0144  	-0.0130  	-0.0146  	0.04556  	0.02287  	-0.0269  	-0.0236  	0.00195  	0.04849  	-0.1217  	0.06120  	-0.0127  	-0.0409  	0.51457  	
0.02987  	-0.0716  	0.33820  	-1.0664  	-0.8826  	-0.4980  	-0.1251  	-0.0612  	0.35171  	0.76889  	0.60158  	-0.0074  	-0.1530  	-0.7045  	0.07694  	0.94002  	-0.2721  	-0.2894  	0.24671  	0.68647  	0.50814  	-0.4590  	-0.4374  	0.11202  	-0.4008  	-0.0825  	-0.0342  	0.03515  	-0.3347  	-0.0510  	-0.0417  	0.32354  	0.18231  	0.08233  	0.22206  	-0.1162  	0.35510  	0.00986  	-0.2219  	0.72635  	0.06992  	-0.0869  	-0.0453  	0.04220  	-0.0379  	-0.0249  	-0.0176  	0.04812  	0.00777  	-0.0013  	-0.0037  	-0.0183  	-0.0268  	0.01725  	-0.0522  	-0.0150  	-0.0128  	-0.0083  	-0.0163  	0.04662  	0.02107  	-0.0205  	-0.0204  	0.00431  	0.04902  	-0.1209  	0.06139  	-0.0131  	-0.0417  	0.51707  	
-0.3405  	-0.3106  	0.06405  	-1.0728  	-0.8290  	-0.8765  	-0.0955  	-0.1938  	0.21769  	0.82451  	0.80791  	0.12052  	-0.1753  	-0.8770  	-0.0022  	0.88344  	-0.2761  	-0.2156  	0.23555  	0.79309  	0.41865  	-0.4830  	-0.5482  	0.13666  	-0.5178  	-0.0277  	-0.0944  	0.08351  	-0.3027  	-0.0881  	-0.0272  	0.25410  	0.20331  	0.05601  	0.24449  	-0.0729  	0.32528  	-0.0220  	-0.2301  	0.73053  	0.05012  	-0.0464  	-0.0861  	0.02306  	-0.0285  	-0.0356  	-0.0004  	0.03934  	-0.0187  	0.01059  	0.00674  	-0.0064  	-0.0279  	0.00931  	-0.0355  	-0.0191  	-0.0192  	-0.0108  	-0.0168  	0.04950  	0.02030  	-0.0279  	-0.0342  	-0.0003  	0.04847  	-0.1206  	0.06186  	-0.0135  	-0.0426  	0.52333  	
-0.8610  	-0.4638  	-0.0596  	-1.6079  	-0.9747  	-1.1145  	-0.1877  	-0.3603  	0.18660  	0.83470  	0.97822  	0.00172  	-0.3460  	-1.2174  	-0.4017  	0.66647  	-0.2698  	-0.1581  	0.23728  	0.75993  	0.38980  	-0.6014  	-0.3781  	0.14517  	-0.6492  	0.01285  	-0.2547  	0.20306  	-0.3005  	-0.1854  	-0.0033  	0.24653  	0.18167  	0.06673  	0.17182  	-0.0636  	0.32589  	-0.0541  	-0.2289  	0.72184  	0.08049  	-0.0458  	-0.1293  	-0.0265  	0.00560  	-0.0189  	-0.0173  	-0.0009  	-0.0342  	0.01758  	0.00643  	-0.0067  	-0.0408  	0.01470  	-0.0583  	-0.0253  	-0.0103  	-0.0121  	-0.0163  	0.05205  	0.01239  	-0.0117  	-0.0213  	0.00912  	0.04575  	-0.1198  	0.06240  	-0.0136  	-0.0422  	0.51492  	
-0.5920  	-0.2788  	0.04458  	-1.5528  	-0.9961  	-0.9855  	-0.2103  	-0.1740  	0.26533  	0.77802  	0.92809  	0.04987  	-0.2741  	-1.0654  	-0.1337  	0.70558  	-0.2547  	-0.2552  	0.27801  	0.70518  	0.47513  	-0.5890  	-0.4002  	0.15826  	-0.5883  	0.00092  	-0.1618  	0.11473  	-0.3675  	-0.1625  	-0.0096  	0.28280  	0.19603  	0.06871  	0.14438  	-0.0885  	0.33604  	-0.0232  	-0.2138  	0.73674  	0.10605  	-0.0701  	-0.1160  	0.00644  	-0.0219  	-0.0106  	-0.0102  	0.00480  	-0.0251  	-0.0066  	-0.0081  	-0.0089  	-0.0411  	0.01655  	-0.0501  	-0.0290  	-0.0091  	-0.0034  	0.00168  	0.04379  	0.02374  	-0.0053  	-0.0250  	0.00232  	0.04292  	-0.1205  	0.06280  	-0.0137  	-0.0412  	0.50612  	
0.05658  	-0.0333  	0.49127  	-1.4435  	-1.1083  	-0.5583  	-0.1955  	-0.0365  	0.35347  	0.72496  	0.58340  	0.02013  	-0.1834  	-0.8298  	0.04363  	0.95435  	-0.2012  	-0.2392  	0.26307  	0.67422  	0.54644  	-0.5022  	-0.2617  	0.08294  	-0.6074  	-0.0093  	-0.0646  	-0.0406  	-0.4606  	-0.1164  	0.00572  	0.27312  	0.21964  	0.07022  	0.16512  	-0.1793  	0.46569  	0.05843  	-0.2504  	0.69015  	0.13031  	-0.0980  	0.00284  	0.05908  	-0.0378  	-0.0283  	-0.0044  	0.03677  	0.00391  	0.01985  	-0.0290  	-0.0107  	-0.0342  	0.02712  	-0.0461  	-0.0219  	-0.0355  	-0.0113  	-0.0176  	0.03653  	0.01554  	0.00011  	-0.0056  	0.00108  	0.03930  	-0.1216  	0.06251  	-0.0138  	-0.0409  	0.50563  	
0.05960  	-0.0688  	0.50506  	-1.3472  	-1.0973  	-0.5356  	-0.1939  	-0.0823  	0.34014  	0.74232  	0.68493  	-0.0313  	-0.1808  	-0.9291  	-0.0058  	0.95319  	-0.2433  	-0.2738  	0.27448  	0.63097  	0.59606  	-0.4716  	-0.2404  	0.04579  	-0.5186  	-0.0296  	-0.0806  	-0.0715  	-0.4152  	-0.1126  	-0.0178  	0.31413  	0.19566  	0.06788  	0.15014  	-0.1741  	0.48642  	0.06669  	-0.2246  	0.64513  	0.13060  	-0.0949  	0.02472  	0.05290  	-0.0371  	-0.0280  	-0.0153  	0.05430  	0.01822  	-0.0063  	-0.0209  	-0.0094  	-0.0281  	0.02297  	-0.0405  	-0.0147  	-0.0301  	-0.0152  	-0.0184  	0.04359  	0.02432  	-0.0122  	-0.0099  	0.00243  	0.03725  	-0.1234  	0.06218  	-0.0137  	-0.0408  	0.49347  	
-0.0181  	-0.0635  	0.40730  	-1.1446  	-0.9436  	-0.5031  	-0.1539  	-0.1350  	0.32873  	0.79024  	0.66074  	0.04885  	-0.2273  	-0.8200  	-0.0476  	0.97406  	-0.2372  	-0.3051  	0.24774  	0.66980  	0.51552  	-0.4896  	-0.3634  	0.10590  	-0.4422  	-0.0603  	-0.0520  	0.00092  	-0.3627  	-0.0791  	-0.0593  	0.30520  	0.18843  	0.06142  	0.14972  	-0.1367  	0.43508  	0.02392  	-0.1893  	0.70143  	0.10581  	-0.0986  	-0.0227  	0.05456  	-0.0273  	-0.0270  	-0.0194  	0.04125  	0.01317  	0.00412  	-0.0002  	-0.0174  	-0.0230  	0.02283  	-0.0488  	-0.0126  	-0.0201  	-0.0131  	-0.0121  	0.04947  	0.01872  	-0.0148  	-0.0129  	0.01248  	0.03563  	-0.1242  	0.06206  	-0.0136  	-0.0404  	0.48481  	
-0.2814  	-0.2383  	0.14302  	-1.0010  	-0.8200  	-0.7502  	-0.0974  	-0.1808  	0.22164  	0.77533  	0.76219  	0.14842  	-0.1828  	-0.7748  	0.00517  	0.95240  	-0.2998  	-0.2455  	0.22508  	0.77504  	0.43845  	-0.4800  	-0.5314  	0.11265  	-0.4575  	-0.0356  	-0.0643  	0.12107  	-0.2665  	-0.0817  	-0.0332  	0.25870  	0.19770  	0.06274  	0.22497  	-0.0738  	0.34424  	-0.0181  	-0.2389  	0.71653  	0.05534  	-0.0490  	-0.0839  	0.03723  	-0.0387  	-0.0353  	-0.0086  	0.02756  	-0.0044  	0.00258  	0.00655  	-0.0203  	-0.0384  	0.00389  	-0.0475  	-0.0104  	-0.0130  	-0.0105  	-0.0210  	0.04948  	0.02793  	-0.0101  	-0.0140  	0.01022  	0.03509  	-0.1256  	0.06164  	-0.0138  	-0.0399  	0.48766  	
-0.7246  	-0.3897  	-0.0047  	-1.4665  	-0.9802  	-1.0551  	-0.1989  	-0.3509  	0.19695  	0.88224  	0.87256  	0.04763  	-0.2796  	-1.1471  	-0.2620  	0.73023  	-0.2498  	-0.1414  	0.24481  	0.75946  	0.37637  	-0.5842  	-0.4093  	0.12576  	-0.6068  	0.00264  	-0.2588  	0.18873  	-0.2917  	-0.1327  	0.02449  	0.26866  	0.17010  	0.08350  	0.15124  	-0.0566  	0.29968  	-0.0323  	-0.2185  	0.71285  	0.11386  	-0.0546  	-0.0895  	-0.0192  	-0.0134  	-0.0268  	-0.0110  	0.00684  	-0.0201  	0.00981  	-0.0101  	-0.0111  	-0.0369  	0.02231  	-0.0562  	-0.0360  	-0.0078  	-0.0083  	-0.0074  	0.04807  	0.01561  	-0.0125  	-0.0200  	0.00163  	0.03531  	-0.1264  	0.06104  	-0.0138  	-0.0406  	0.49619  	
-0.5906  	-0.2673  	0.11454  	-1.9396  	-1.3110  	-0.9224  	-0.2085  	-0.3354  	0.20318  	0.88855  	0.94372  	-0.2064  	-0.3818  	-1.3268  	-0.4570  	0.68062  	-0.1835  	-0.2350  	0.29517  	0.64862  	0.44503  	-0.5204  	-0.2410  	0.07776  	-0.5319  	0.00149  	-0.0900  	0.04523  	-0.3518  	-0.1438  	0.00864  	0.27081  	0.13171  	0.06210  	0.02035  	-0.0118  	0.37693  	0.02313  	-0.2536  	0.73198  	0.20114  	-0.0940  	-0.0360  	0.04889  	-0.0249  	-0.0231  	-0.0095  	-0.0011  	-0.0238  	0.01246  	-0.0011  	-0.0124  	-0.0383  	0.02528  	-0.0502  	-0.0364  	-0.0128  	-0.0010  	-0.0069  	0.04935  	0.01874  	-0.0217  	-0.0109  	0.00268  	0.03671  	-0.1266  	0.06077  	-0.0142  	-0.0414  	0.50545  	
-0.4877  	-0.2492  	0.17324  	-1.7234  	-1.2156  	-0.7888  	-0.2231  	-0.3257  	0.22199  	0.81942  	0.87966  	-0.1195  	-0.3971  	-1.3820  	-0.4795  	0.83641  	-0.2009  	-0.1748  	0.27496  	0.68501  	0.39629  	-0.5569  	-0.2810  	0.06449  	-0.5540  	0.01332  	-0.1696  	0.10565  	-0.2924  	-0.1326  	-0.0053  	0.29048  	0.16491  	0.05754  	0.01842  	-0.0132  	0.34808  	-0.0019  	-0.2368  	0.67938  	0.23304  	-0.0940  	-0.0226  	0.05135  	-0.0267  	-0.0183  	-0.0057  	0.01157  	-0.0186  	0.00795  	-0.0059  	-0.0127  	-0.0250  	0.01805  	-0.0525  	-0.0353  	-0.0129  	-0.0033  	-0.0064  	0.03885  	0.01815  	-0.0164  	-0.0011  	0.00880  	0.03796  	-0.1248  	0.06091  	-0.0143  	-0.0415  	0.50188  	
-0.3892  	-0.2420  	0.22785  	-1.5351  	-1.0997  	-0.7446  	-0.1989  	-0.2841  	0.23519  	0.85980  	0.85109  	-0.0342  	-0.3571  	-1.3073  	-0.3994  	0.87761  	-0.2563  	-0.1732  	0.24460  	0.76534  	0.29319  	-0.5456  	-0.3519  	0.00700  	-0.5581  	0.00486  	-0.2320  	0.22918  	-0.2168  	-0.1523  	0.00043  	0.27270  	0.16229  	0.07262  	0.03927  	0.01797  	0.32988  	0.00063  	-0.2204  	0.69635  	0.21812  	-0.1070  	-0.0147  	0.03876  	-0.0263  	-0.0276  	-0.0034  	0.03044  	-0.0043  	-0.0040  	0.00282  	-0.0161  	-0.0230  	0.01630  	-0.0419  	-0.0333  	-0.0118  	-0.0065  	-0.0085  	0.04276  	0.01767  	-0.0273  	0.00105  	0.01577  	0.03853  	-0.1228  	0.06204  	-0.0144  	-0.0409  	0.48501  	
-0.3163  	-0.2108  	0.32098  	-1.4967  	-1.0830  	-0.7696  	-0.2025  	-0.2872  	0.23652  	0.93117  	0.93526  	-0.0079  	-0.3737  	-1.3058  	-0.4600  	0.97450  	-0.2927  	-0.1771  	0.24876  	0.80826  	0.30627  	-0.5707  	-0.4227  	0.02341  	-0.5466  	-0.0208  	-0.2484  	0.20187  	-0.2658  	-0.1371  	-0.0312  	0.30699  	0.15627  	0.07243  	0.09613  	0.03889  	0.34420  	0.01553  	-0.2230  	0.69493  	0.18677  	-0.1026  	-0.0229  	0.02036  	-0.0417  	-0.0307  	-0.0023  	0.02980  	0.00272  	-0.0044  	0.01318  	-0.0163  	-0.0210  	0.01921  	-0.0414  	-0.0280  	-0.0060  	-0.0082  	-0.0117  	0.04310  	0.01434  	-0.0267  	-0.0008  	0.00853  	0.03727  	-0.1204  	0.06302  	-0.0141  	-0.0409  	0.48377  	
-0.3221  	-0.2525  	0.27978  	-1.5519  	-1.0929  	-0.7404  	-0.1922  	-0.3463  	0.23547  	0.94013  	0.92508  	0.01809  	-0.3558  	-1.3374  	-0.5489  	1.04115  	-0.2874  	-0.1259  	0.26172  	0.82342  	0.22919  	-0.5784  	-0.5164  	-0.0013  	-0.5251  	-0.0212  	-0.2540  	0.26194  	-0.2432  	-0.1444  	-0.0257  	0.30635  	0.15412  	0.08529  	0.10067  	0.07904  	0.28535  	0.01143  	-0.2076  	0.72542  	0.19569  	-0.0859  	-0.0102  	0.01559  	-0.0352  	-0.0294  	-0.0091  	0.02865  	0.00878  	-0.0012  	0.01564  	-0.0126  	-0.0234  	0.02161  	-0.0352  	-0.0247  	-0.0102  	-0.0085  	-0.0125  	0.04404  	0.01604  	-0.0207  	-0.0042  	0.00618  	0.03448  	-0.1190  	0.06426  	-0.0137  	-0.0417  	0.49343  	
-0.4320  	-0.2774  	0.18256  	-1.5707  	-1.1521  	-0.7413  	-0.2246  	-0.3499  	0.17594  	0.82968  	0.89056  	-0.0882  	-0.4016  	-1.2923  	-0.3906  	0.89555  	-0.2427  	-0.2282  	0.25458  	0.66967  	0.40784  	-0.5109  	-0.3737  	0.11595  	-0.4915  	-0.0401  	-0.0986  	0.08742  	-0.3156  	-0.1197  	-0.0260  	0.31676  	0.10256  	0.05059  	0.13933  	0.05162  	0.39405  	0.02013  	-0.2774  	0.69159  	0.16413  	-0.0735  	-0.0497  	0.02525  	-0.0340  	-0.0254  	1.09965  	0.00686  	-0.0048  	0.00964  	0.01528  	-0.0112  	-0.0184  	0.02428  	-0.0386  	-0.0300  	-0.0001  	0.00118  	-0.0069  	0.04925  	0.01399  	-0.0293  	0.00332  	0.01107  	0.03078  	-0.1174  	0.06543  	-0.0128  	-0.0409  	0.48910  	
-0.4446  	-0.2810  	0.14021  	-1.6056  	-1.2004  	-0.7541  	-0.2380  	-0.3754  	0.18450  	0.78311  	0.91740  	-0.1036  	-0.4129  	-1.3330  	-0.4289  	0.88607  	-0.2293  	-0.2402  	0.25674  	0.63108  	0.40934  	-0.5235  	-0.3081  	0.08724  	-0.5397  	-0.0202  	-0.1313  	0.07620  	-0.3336  	-0.1305  	-0.0210  	0.31143  	0.10674  	0.05933  	0.13070  	0.02539  	0.43469  	0.01826  	-0.2868  	0.66487  	0.17717  	-0.0802  	-0.0408  	0.03777  	-0.0290  	-0.0261  	0.00178  	0.00767  	-0.0088  	0.00395  	0.00068  	-0.0098  	-0.0260  	0.02715  	-0.0372  	-0.0249  	-0.0137  	-0.0030  	-0.0055  	0.03809  	0.01401  	-0.0304  	-0.0072  	0.00662  	0.02895  	-0.1165  	0.06638  	-0.0118  	-0.0392  	0.48286  	
-0.3557  	-0.2696  	0.21059  	-1.5386  	-1.1342  	-0.7301  	-0.2171  	-0.3308  	0.21072  	0.84185  	0.90263  	-0.0588  	-0.3806  	-1.3364  	-0.4237  	0.95494  	-0.2440  	-0.1991  	0.26935  	0.67993  	0.39138  	-0.5579  	-0.3511  	0.05721  	-0.5414  	-0.0255  	-0.1535  	0.12247  	-0.3521  	-0.1281  	-0.0197  	0.31940  	0.11513  	0.06486  	0.12930  	0.03292  	0.42295  	0.02116  	-0.2766  	0.68023  	0.15736  	-0.0786  	-0.0366  	0.02589  	-0.0265  	-0.0263  	-0.0047  	0.00945  	-0.0072  	-0.0035  	0.00288  	-0.0120  	-0.0231  	0.01945  	-0.0386  	-0.0277  	-0.0079  	-0.0022  	-0.0062  	0.04467  	0.01401  	-0.0312  	-0.0051  	0.01202  	0.02811  	-0.1150  	0.06678  	-0.0108  	-0.0378  	0.48811  	
-0.3152  	-0.2608  	0.26173  	-1.4670  	-1.0786  	-0.7207  	-0.1889  	-0.3050  	0.23298  	0.90348  	0.89384  	-0.0248  	-0.3594  	-1.2964  	-0.4597  	0.99139  	-0.2797  	-0.1840  	0.25103  	0.74503  	0.35529  	-0.5381  	-0.4299  	0.05068  	-0.5103  	-0.0292  	-0.1647  	0.16535  	-0.2931  	-0.1258  	-0.0448  	0.31149  	0.12687  	0.06595  	0.11743  	0.05677  	0.37883  	0.01394  	-0.2470  	0.70158  	0.16679  	-0.0759  	-0.0311  	0.02067  	-0.0299  	-0.0282  	-0.0075  	0.02090  	0.00348  	-0.0032  	0.00994  	-0.0157  	-0.0256  	0.01826  	-0.0384  	-0.0267  	-0.0064  	-0.0033  	-0.0088  	0.04281  	0.01336  	-0.0307  	-0.0047  	0.01173  	0.02951  	-0.1141  	0.06758  	-0.0096  	-0.0363  	0.47485  	
-0.2791  	-0.2421  	0.29323  	-1.5224  	-1.0794  	-0.7092  	-0.1790  	-0.3270  	0.22808  	0.91103  	0.92837  	-0.0008  	-0.3828  	-1.3401  	-0.5482  	1.07265  	-0.2961  	-0.1449  	0.25177  	0.78201  	0.29823  	-0.5522  	-0.4867  	0.02342  	-0.5122  	-0.0324  	-0.1959  	0.22175  	-0.2904  	-0.1354  	-0.0429  	0.31353  	0.14245  	0.07198  	0.12128  	0.06919  	0.34168  	0.00573  	-0.2332  	0.71292  	0.17403  	-0.0760  	-0.0211  	0.02274  	-0.0285  	-0.0271  	-0.0157  	0.02326  	0.00746  	-0.0008  	0.01380  	-0.0140  	-0.0225  	0.01735  	-0.0348  	-0.0259  	-0.0068  	-0.0052  	-0.0102  	0.04395  	0.01270  	-0.0251  	-0.0066  	0.00945  	0.03152  	-0.1125  	0.06852  	-0.0083  	-0.0347  	0.47231  	
-0.3897  	-0.2725  	0.17870  	-1.5008  	-1.1104  	-0.7794  	-0.2342  	-0.3376  	0.18034  	0.84848  	0.92998  	0.00274  	-0.4247  	-1.3330  	-0.4670  	0.99933  	-0.2454  	-0.2065  	0.27320  	0.78192  	0.37641  	-0.5571  	-0.4697  	0.15083  	-0.4650  	-0.0233  	-0.1179  	0.15456  	-0.3517  	-0.1460  	-0.0476  	0.33270  	0.12205  	0.04599  	0.14909  	0.09061  	0.38839  	0.00702  	-0.2667  	0.71245  	0.11956  	-0.0818  	-0.0551  	0.02817  	-0.0300  	-0.0235  	-0.0054  	0.02151  	-0.0020  	0.01089  	0.01804  	-0.0126  	-0.0250  	0.01650  	-0.0421  	-0.0303  	-0.0058  	-0.0013  	-0.0085  	0.05445  	0.00721  	-0.0336  	-0.0072  	0.00759  	0.03383  	-0.1118  	0.06894  	-0.0075  	-0.0334  	0.47736  	
-0.1413  	-0.2147  	0.24716  	-1.2959  	-0.9555  	-0.6873  	-0.2016  	-0.2262  	0.22268  	0.73188  	0.71694  	0.00144  	-0.2699  	-1.0605  	-0.0087  	0.87986  	-0.2349  	-0.3218  	0.23279  	0.66254  	0.51812  	-0.5262  	-0.3564  	0.20954  	-0.5291  	-0.0319  	0.01191  	-0.0110  	-0.4539  	-0.1004  	-0.0492  	0.33934  	0.15467  	0.06655  	0.26872  	-0.0744  	0.44603  	0.03524  	-0.2927  	0.70409  	0.11157  	-0.0732  	-0.0726  	0.03305  	-0.0400  	-0.0326  	-0.0018  	0.00522  	0.00159  	-0.0083  	0.00996  	-0.0080  	-0.0282  	0.01954  	-0.0557  	-0.0194  	-0.0193  	-0.0099  	-0.0129  	0.04824  	0.02370  	-0.0130  	-0.0172  	0.00107  	0.03616  	-0.1107  	0.06947  	-0.0071  	-0.0330  	0.47673  	
-0.0276  	-0.0662  	0.41780  	-1.2819  	-1.0354  	-0.4706  	-0.2030  	-0.0932  	0.29121  	0.74589  	0.65242  	-0.0229  	-0.2096  	-0.8182  	0.13608  	0.86933  	-0.2159  	-0.3231  	0.25234  	0.53066  	0.62773  	-0.4522  	-0.2660  	0.18823  	-0.5352  	-0.0304  	0.07777  	-0.2064  	-0.5210  	-0.0969  	-0.0067  	0.32881  	0.16771  	0.05132  	0.27576  	-0.1350  	0.49569  	0.04729  	-0.3124  	0.64968  	0.08145  	-0.0697  	-0.0306  	0.02628  	-0.0489  	-0.0204  	-0.0118  	0.03241  	0.00158  	0.00883  	-0.0138  	-0.0083  	-0.0246  	0.01974  	-0.0498  	-0.0125  	-0.0238  	-0.0067  	-0.0182  	0.04324  	0.02413  	-0.0137  	-0.0132  	0.00213  	0.03858  	-0.1101  	0.07024  	-0.0074  	-0.0329  	0.48335  	
-0.0341  	-0.1045  	0.40642  	-1.1716  	-0.9758  	-0.4759  	-0.1906  	-0.0910  	0.29542  	0.70502  	0.70550  	-0.0170  	-0.2480  	-0.9691  	0.05090  	0.92641  	-0.2252  	-0.2994  	0.24512  	0.56877  	0.62960  	-0.4685  	-0.2799  	0.18779  	-0.5594  	-0.0595  	-0.0175  	-0.1230  	-0.5020  	-0.1239  	-0.0268  	0.35169  	0.16780  	0.06342  	0.24089  	-0.1495  	0.50115  	0.05978  	-0.2913  	0.65439  	0.10415  	-0.0922  	-0.0344  	0.03620  	-0.0457  	-0.0193  	-0.0190  	0.02700  	0.01037  	0.00662  	-0.0077  	-0.0117  	-0.0207  	0.01418  	-0.0447  	-0.0130  	-0.0176  	-0.0069  	-0.0101  	0.04501  	0.02377  	-0.0170  	-0.0035  	0.00337  	0.03961  	-0.1087  	0.07123  	-0.0077  	-0.0321  	0.46994  	
-0.1894  	-0.1909  	0.28445  	-1.3786  	-0.9919  	-0.6168  	-0.2029  	-0.2705  	0.24253  	0.80934  	0.83094  	-0.0249  	-0.3368  	-1.1751  	-0.2514  	0.98945  	-0.2944  	-0.1924  	0.25637  	0.73720  	0.45285  	-0.5325  	-0.3847  	0.07384  	-0.5398  	-0.0438  	-0.1509  	0.12085  	-0.3548  	-0.1375  	-0.0364  	0.31190  	0.16334  	0.07095  	0.18776  	0.00491  	0.40778  	0.02643  	-0.2643  	0.68336  	0.12404  	-0.0833  	-0.0274  	0.02470  	-0.0291  	-0.0272  	-0.0059  	0.01994  	0.00204  	-0.0020  	0.01564  	-0.0152  	-0.0160  	0.01849  	-0.0432  	-0.0232  	-0.0073  	-0.0042  	-0.0049  	0.05001  	0.01209  	-0.0296  	-0.0054  	0.00805  	0.04054  	-0.1092  	0.07208  	-0.0083  	-0.0315  	0.45696  	
-0.2083  	-0.2446  	0.29824  	-1.3875  	-1.0226  	-0.6318  	-0.1710  	-0.2781  	0.24351  	0.87882  	0.81955  	-0.0508  	-0.3271  	-1.2662  	-0.3425  	1.02484  	-0.3112  	-0.1724  	0.26462  	0.76774  	0.34157  	-0.5231  	-0.4443  	0.04544  	-0.4330  	-0.0541  	-0.1342  	0.19793  	-0.2759  	-0.1128  	-0.0526  	0.31681  	0.13281  	0.07376  	0.15288  	0.06561  	0.35696  	0.03106  	-0.2301  	0.71097  	0.13328  	-0.0865  	-0.0243  	0.03039  	-0.0397  	-0.0227  	-0.0095  	0.03179  	-0.0035  	-0.0036  	0.02153  	-0.0119  	-0.0231  	0.01585  	-0.0390  	-0.0250  	-0.0038  	-0.0057  	-0.0055  	0.04695  	0.01188  	-0.0401  	-0.0045  	0.00755  	0.03980  	-0.1105  	0.07168  	-0.0090  	-0.0321  	0.46688  	
-0.2307  	-0.2590  	0.26382  	-1.4331  	-1.0423  	-0.6658  	-0.1543  	-0.3181  	0.22888  	0.88644  	0.83143  	-0.0587  	-0.3273  	-1.2732  	-0.3623  	0.99421  	-0.3103  	-0.1794  	0.24621  	0.73926  	0.31666  	-0.5259  	-0.4608  	0.02597  	-0.4632  	-0.0468  	-0.1528  	0.20987  	-0.2527  	-0.1028  	-0.0409  	0.31177  	0.12556  	0.07749  	0.14018  	0.07567  	0.34788  	0.01616  	-0.2275  	0.71413  	0.14749  	-0.0751  	-0.0263  	0.03133  	-0.0370  	-0.0251  	-0.0114  	0.02571  	-0.0049  	-0.0039  	0.01502  	-0.0125  	-0.0221  	0.01569  	-0.0390  	-0.0271  	-0.0032  	-0.0049  	-0.0061  	0.04346  	0.01043  	-0.0327  	-0.0016  	0.01010  	0.03933  	-0.1131  	0.07123  	-0.0097  	-0.0337  	0.47183  	
-0.2234  	-0.2311  	0.27973  	-1.4894  	-1.0985  	-0.6557  	-0.1410  	-0.3152  	0.21411  	0.82180  	0.84921  	-0.0828  	-0.3286  	-1.2034  	-0.3391  	0.93802  	-0.2982  	-0.2065  	0.22771  	0.73057  	0.36189  	-0.5363  	-0.3989  	0.03109  	-0.5207  	-0.0341  	-0.1705  	0.17905  	-0.2774  	-0.1258  	-0.0310  	0.30368  	0.13972  	0.07571  	0.14433  	0.05530  	0.36656  	0.02318  	-0.2403  	0.70451  	0.17222  	-0.0659  	-0.0296  	0.02328  	-0.0375  	-0.0256  	-0.0072  	0.02280  	-0.0031  	0.00102  	0.01017  	-0.0126  	-0.0193  	0.01822  	-0.0383  	-0.0297  	-0.0045  	-0.0056  	-0.0054  	0.04339  	0.01076  	-0.0247  	-0.0006  	0.01212  	0.03889  	-0.1150  	0.07002  	-0.0104  	-0.0342  	0.47035  	
-0.2057  	-0.1963  	0.32017  	-1.4737  	-1.1052  	-0.6891  	-0.1844  	-0.2534  	0.16943  	0.75946  	0.89650  	-0.0724  	-0.3093  	-1.2527  	-0.2145  	0.80586  	-0.1827  	-0.3862  	0.30193  	0.44290  	0.50318  	-0.7689  	-0.6112  	0.07031  	-0.6318  	0.07804  	-0.1785  	0.00895  	-0.2392  	-0.1689  	0.09868  	0.26629  	0.04853  	-0.0972  	0.10948  	-0.0261  	0.31712  	0.03443  	-0.3839  	0.60987  	0.25583  	0.06770  	-0.1548  	0.09743  	-0.0959  	-0.0035  	-0.0285  	0.03458  	-0.0215  	-0.0118  	0.01042  	-0.0038  	-0.0131  	0.03562  	-0.0321  	-0.0332  	-0.0085  	-0.0189  	-0.0080  	0.05456  	0.02165  	-0.0263  	-0.0207  	0.01176  	0.03978  	-0.1171  	0.06829  	-0.0112  	-0.0347  	0.47353  	
-0.1296  	-0.1382  	0.39641  	-1.4004  	-1.1111  	-0.6898  	-0.2197  	-0.1237  	0.19261  	0.66637  	0.93271  	-0.0313  	-0.2662  	-1.2088  	-0.0240  	0.77011  	-0.0872  	-0.5387  	0.37505  	0.17537  	0.66823  	-0.9387  	-0.7771  	0.13296  	-0.7030  	0.15145  	-0.1384  	-0.2068  	-0.2746  	-0.2019  	0.20374  	0.24469  	-0.0112  	-0.2363  	0.08778  	-0.1346  	0.30361  	0.07074  	-0.5074  	0.52143  	0.30685  	0.15888  	-0.2535  	0.16064  	-0.1545  	0.01616  	-0.0500  	0.05863  	-0.0424  	-0.0182  	-0.0028  	0.00492  	-0.0184  	0.05598  	-0.0281  	-0.0332  	-0.0198  	-0.0342  	-0.0138  	0.06055  	0.03415  	-0.0245  	-0.0416  	0.00859  	0.04051  	-0.1186  	0.06657  	-0.0119  	-0.0358  	0.48543  	
0.02056  	-0.0387  	0.49677  	-1.2820  	-1.1134  	-0.5948  	-0.2362  	0.03932  	0.30102  	0.60987  	0.93468  	0.01427  	-0.1804  	-1.0385  	0.09701  	0.81592  	-0.0293  	-0.6438  	0.37685  	0.03985  	0.83934  	-0.9749  	-0.7882  	0.16593  	-0.7686  	0.17006  	-0.0251  	-0.3487  	-0.4161  	-0.2079  	0.21335  	0.24319  	0.00454  	-0.2732  	0.14608  	-0.2520  	0.38473  	0.09133  	-0.5715  	0.45082  	0.28287  	0.17344  	-0.2676  	0.18381  	-0.1694  	0.01974  	-0.0584  	0.05588  	-0.0377  	-0.0132  	-0.0045  	0.00132  	-0.0206  	0.06054  	-0.0331  	-0.0199  	-0.0312  	-0.0331  	-0.0126  	0.06128  	0.03450  	-0.0169  	-0.0478  	0.00330  	0.04203  	-0.1210  	0.06514  	-0.0125  	-0.0372  	0.49603  	
0.08903  	-0.0319  	0.55260  	-1.2550  	-1.1103  	-0.5207  	-0.2303  	0.07972  	0.32978  	0.59411  	0.90420  	0.04244  	-0.1701  	-0.9850  	0.14309  	0.87575  	-0.0409  	-0.6371  	0.37047  	0.08807  	0.85687  	-0.9022  	-0.6908  	0.18808  	-0.7495  	0.14862  	0.00403  	-0.3571  	-0.4556  	-0.1913  	0.18740  	0.25292  	0.02703  	-0.2363  	0.15661  	-0.2593  	0.43354  	0.10351  	-0.5310  	0.45767  	0.23898  	0.15312  	-0.2393  	0.16847  	-0.1537  	0.01305  	-0.0547  	0.06586  	-0.0272  	-0.0153  	-0.0049  	0.00197  	-0.0195  	0.05977  	-0.0355  	-0.0151  	-0.0316  	-0.0290  	-0.0130  	0.06618  	0.03300  	-0.0170  	-0.0407  	0.00868  	0.04380  	-0.1219  	0.06376  	-0.0128  	-0.0385  	0.50782  	
0.07805  	-0.0937  	0.51976  	-1.2925  	-1.0830  	-0.5347  	-0.2328  	-0.0310  	0.33709  	0.73651  	0.85303  	0.03044  	-0.1386  	-0.9381  	-0.1586  	0.98495  	-0.1211  	-0.4256  	0.30572  	0.42436  	0.61348  	-0.7758  	-0.6112  	0.09204  	-0.6837  	0.09126  	-0.1209  	-0.1242  	-0.3849  	-0.1465  	0.12969  	0.28524  	0.11942  	-0.1072  	0.09147  	-0.1843  	0.35307  	0.06058  	-0.3527  	0.53197  	0.25156  	0.03437  	-0.1044  	0.09756  	-0.1089  	0.00095  	-0.0369  	0.06836  	0.00073  	-0.0032  	-0.0137  	-0.0018  	-0.0233  	0.04456  	-0.0343  	-0.0224  	-0.0387  	-0.0261  	-0.0064  	0.05658  	0.03780  	-0.0164  	-0.0252  	0.00646  	0.04515  	-0.1228  	0.06288  	-0.0132  	-0.0393  	0.50893  	
-0.3250  	-0.2322  	0.15269  	-1.6299  	-1.1805  	-0.9013  	-0.1904  	-0.2179  	0.25094  	0.93570  	0.95223  	-0.1086  	-0.2297  	-1.0045  	-0.4653  	0.87911  	-0.2711  	-0.2022  	0.20938  	0.74560  	0.38216  	-0.5651  	-0.4789  	0.09114  	-0.5119  	-0.0122  	-0.1588  	0.10665  	-0.3875  	-0.1616  	0.00340  	0.25144  	0.20562  	0.05115  	0.11384  	-0.0537  	0.36490  	-0.0042  	-0.1893  	0.67056  	0.22275  	-0.0803  	-0.0003  	0.00856  	-0.0313  	-0.0281  	-0.0045  	0.04567  	-0.0029  	0.03031  	-0.0052  	-0.0245  	-0.0313  	0.01390  	-0.0454  	-0.0279  	-0.0094  	-0.0095  	-0.0231  	0.03615  	0.02505  	-0.0160  	0.00324  	0.01973  	0.04536  	-0.1228  	0.06274  	-0.0135  	-0.0404  	0.51151  	
-0.6703  	-0.2877  	0.02334  	-1.7634  	-1.1602  	-1.0189  	-0.1784  	-0.3159  	0.20106  	0.89659  	0.98787  	-0.0912  	-0.3128  	-1.1163  	-0.4837  	0.69610  	-0.2119  	-0.2033  	0.22988  	0.70971  	0.42593  	-0.5508  	-0.4136  	0.11719  	-0.5486  	0.03600  	-0.1848  	0.07321  	-0.3220  	-0.1398  	0.02586  	0.23596  	0.16725  	0.07842  	0.10833  	-0.0403  	0.33331  	0.00105  	-0.2186  	0.68422  	0.17571  	-0.0636  	-0.0586  	-0.0100  	-0.0288  	-0.0336  	-0.0091  	0.02323  	-0.0190  	0.00621  	-0.0049  	-0.0107  	-0.0276  	0.01976  	-0.0482  	-0.0261  	-0.0157  	-0.0159  	-0.0119  	0.05351  	0.02154  	-0.0225  	-0.0050  	0.00598  	0.04472  	-0.1231  	0.06299  	-0.0139  	-0.0415  	0.51757  	
-0.4344  	-0.2324  	0.19551  	-1.6330  	-1.1814  	-0.8145  	-0.2021  	-0.3005  	0.23236  	0.81148  	0.90409  	-0.1143  	-0.4028  	-1.3120  	-0.4611  	0.87138  	-0.2253  	-0.1841  	0.26181  	0.69146  	0.41642  	-0.5693  	-0.2657  	0.08505  	-0.5791  	0.00093  	-0.1494  	0.13239  	-0.3103  	-0.1333  	-0.0347  	0.29341  	0.14796  	0.05374  	0.05686  	-0.0095  	0.37200  	0.00786  	-0.2460  	0.70583  	0.18679  	-0.0904  	-0.0452  	0.03899  	-0.0435  	-0.0245  	-0.0048  	0.02182  	-0.0131  	0.00060  	0.00035  	-0.0138  	-0.0244  	0.02663  	-0.0441  	-0.0312  	-0.0091  	-0.0018  	-0.0025  	0.04208  	0.01304  	-0.0195  	-0.0101  	0.00815  	0.04229  	-0.1226  	0.06334  	-0.0140  	-0.0412  	0.50801  	
-0.3346  	-0.2217  	0.25889  	-1.5212  	-1.0916  	-0.7460  	-0.1831  	-0.3186  	0.22206  	0.89865  	0.84379  	-0.0348  	-0.3690  	-1.3368  	-0.5165  	0.99900  	-0.2434  	-0.1702  	0.25809  	0.72017  	0.28825  	-0.5434  	-0.3905  	0.03633  	-0.5598  	-0.0023  	-0.2204  	0.19669  	-0.2435  	-0.1252  	-0.0411  	0.31521  	0.14913  	0.04858  	0.03439  	0.02084  	0.32823  	-0.0044  	-0.2132  	0.73890  	0.19768  	-0.0875  	-0.0108  	0.05496  	-0.0332  	-0.0222  	-0.0100  	0.03188  	0.00983  	-0.0097  	0.00634  	-0.0162  	-0.0240  	0.01580  	-0.0376  	-0.0361  	-0.0120  	-0.0069  	-0.0116  	0.04292  	0.01241  	-0.0244  	-0.0116  	0.01060  	0.04002  	-0.1233  	0.06393  	-0.0142  	-0.0403  	0.49588  	
-0.3976  	-0.2676  	0.22152  	-1.5595  	-1.1284  	-0.7957  	-0.2056  	-0.3082  	0.19951  	0.89993  	0.91051  	-0.0528  	-0.3816  	-1.3573  	-0.5234  	0.99750  	-0.2646  	-0.1536  	0.25622  	0.77716  	0.32152  	-0.5567  	-0.4563  	0.06969  	-0.4564  	-0.0293  	-0.1625  	0.19909  	-0.2746  	-0.1186  	-0.0230  	0.32484  	0.13055  	0.04959  	0.08178  	0.06209  	0.35077  	-0.0050  	-0.2341  	0.71014  	0.15919  	-0.0866  	-0.0377  	0.03748  	-0.0304  	-0.0241  	-0.0127  	0.01906  	0.00454  	0.00266  	0.01345  	-0.0206  	-0.0170  	0.02066  	-0.0399  	-0.0235  	-0.0039  	-0.0053  	-0.0072  	0.05073  	0.01406  	-0.0293  	-0.0029  	0.01127  	0.03676  	-0.1241  	0.06380  	-0.0145  	-0.0398  	0.49652  	
-0.5577  	-0.2965  	0.10471  	-1.3173  	-0.9858  	-0.8546  	-0.1566  	-0.3323  	0.16058  	0.84377  	0.82350  	-0.0437  	-0.3534  	-1.2613  	-0.3594  	0.90550  	-0.2695  	-0.1818  	0.26177  	0.77082  	0.31667  	-0.5244  	-0.4875  	0.13361  	-0.4411  	-0.0496  	-0.0314  	0.21767  	-0.2867  	-0.0608  	-0.0673  	0.30772  	0.11379  	0.06337  	0.08889  	0.06740  	0.31014  	-0.0005  	-0.2313  	0.68674  	0.08026  	-0.0441  	-0.0962  	0.01470  	-0.0342  	-0.0252  	-0.0237  	0.03356  	-0.0055  	-0.0039  	0.02512  	-0.0103  	-0.0234  	0.02679  	-0.0453  	-0.0267  	0.00414  	-0.0030  	0.00536  	0.04255  	0.01344  	-0.0350  	0.00292  	0.01038  	0.03481  	-0.1255  	0.06352  	-0.0145  	-0.0396  	0.48516  	
-0.3855  	-0.2575  	0.07481  	-1.1056  	-0.8098  	-0.7129  	-0.1382  	-0.1944  	0.22035  	0.74006  	0.66920  	0.10002  	-0.2597  	-1.0404  	-0.0706  	0.83613  	-0.2559  	-0.2306  	0.21758  	0.84407  	0.30323  	-0.5709  	-0.5324  	0.09134  	-0.4495  	-0.0160  	-0.1344  	0.30079  	-0.2127  	-0.0407  	-0.0289  	0.25877  	0.16222  	0.09272  	0.16454  	-0.0112  	0.23054  	-0.0393  	-0.1816  	0.69621  	0.05871  	-0.0315  	-0.0866  	0.01349  	-0.0201  	-0.0221  	-0.0073  	0.01886  	0.00175  	-0.0088  	0.01279  	-0.0149  	-0.0292  	0.01954  	-0.0428  	-0.0197  	0.00459  	-0.0067  	0.00197  	0.04308  	0.00994  	-0.0202  	-0.0200  	-0.0015  	0.03336  	-0.1257  	0.06339  	-0.0145  	-0.0390  	0.47567  	
-0.1971  	-0.1450  	0.13877  	-1.0686  	-0.7640  	-0.6410  	-0.1747  	-0.1837  	0.24757  	0.69742  	0.47411  	0.13395  	-0.1770  	-0.8261  	0.16569  	0.81761  	-0.2640  	-0.2553  	0.23713  	0.76272  	0.30661  	-0.4992  	-0.4862  	0.09320  	-0.4973  	-0.0201  	-0.1039  	0.24358  	-0.2230  	-0.0167  	-0.0404  	0.27952  	0.17783  	0.08183  	0.17480  	-0.0771  	0.24003  	-0.0358  	-0.1858  	0.72219  	0.07362  	-0.0667  	-0.0684  	0.02323  	-0.0127  	-0.0258  	-0.0041  	0.03967  	0.00177  	-0.0047  	-0.0087  	-0.0138  	-0.0255  	0.02205  	-0.0536  	-0.0389  	-0.0160  	-0.0010  	-0.0083  	0.04207  	0.01774  	-0.0324  	-0.0156  	0.00205  	0.03314  	-0.1267  	0.06287  	-0.0146  	-0.0384  	0.47708  	
0.00210  	-0.0711  	0.38663  	-1.1437  	-0.9469  	-0.4870  	-0.2014  	-0.1399  	0.28794  	0.69435  	0.49617  	0.00064  	-0.1391  	-0.7526  	0.25212  	0.82635  	-0.2096  	-0.3050  	0.22556  	0.62177  	0.51644  	-0.4290  	-0.3318  	0.14861  	-0.5406  	-0.0461  	-0.0172  	-0.0029  	-0.3532  	-0.0754  	-0.0242  	0.31289  	0.19017  	0.07070  	0.22603  	-0.1345  	0.39258  	0.00954  	-0.2337  	0.70429  	0.10046  	-0.0818  	-0.0365  	0.03019  	-0.0354  	-0.0221  	-0.0076  	0.04518  	0.00978  	0.00116  	-0.0039  	-0.0133  	-0.0302  	0.00958  	-0.0482  	-0.0100  	-0.0179  	-0.0158  	-0.0076  	0.04564  	0.02718  	-0.0151  	-0.0163  	-0.0013  	0.03409  	-0.1271  	0.06231  	-0.0146  	-0.0391  	0.48534  	
0.00623  	-0.0909  	0.37495  	-1.1141  	-0.9609  	-0.4817  	-0.1896  	-0.1111  	0.31592  	0.70894  	0.55732  	-0.0497  	-0.1660  	-0.8823  	0.06484  	0.87459  	-0.2327  	-0.2605  	0.25758  	0.57990  	0.48564  	-0.4874  	-0.3517  	0.08014  	-0.5047  	-0.0427  	-0.0735  	-0.0058  	-0.3050  	-0.0760  	-0.0348  	0.28725  	0.17654  	0.05633  	0.19544  	-0.1089  	0.37112  	0.01944  	-0.2189  	0.68119  	0.11680  	-0.0866  	-0.0204  	0.04309  	-0.0469  	-0.0264  	-0.0127  	0.04109  	0.00726  	0.01282  	0.00217  	-0.0137  	-0.0201  	0.01519  	-0.0410  	-0.0131  	-0.0128  	-0.0093  	-0.0061  	0.04823  	0.01838  	-0.0105  	-0.0160  	0.00614  	0.03644  	-0.1270  	0.06202  	-0.0150  	-0.0399  	0.49733  	
-0.1939  	-0.1639  	0.24349  	-1.3305  	-1.0334  	-0.7001  	-0.1719  	-0.2169  	0.25488  	0.80162  	0.69244  	-0.0526  	-0.2737  	-1.0359  	-0.1304  	0.86570  	-0.2467  	-0.2067  	0.24669  	0.70083  	0.45577  	-0.5426  	-0.3974  	0.05309  	-0.4834  	-0.0397  	-0.1090  	0.03735  	-0.3079  	-0.1250  	-0.0375  	0.30927  	0.16614  	0.07541  	0.14372  	-0.0413  	0.38159  	0.03631  	-0.2360  	0.70839  	0.15712  	-0.0782  	-0.0310  	0.03546  	-0.0360  	-0.0156  	-0.0085  	0.03802  	-0.0051  	0.00078  	-0.0014  	-0.0112  	-0.0236  	0.02415  	-0.0463  	-0.0165  	-0.0211  	-0.0060  	2.67960  	0.04931  	0.01975  	-0.0202  	-0.0173  	0.00157  	0.03871  	-0.1249  	0.06211  	-0.0151  	-0.0402  	0.49508  	
-0.4544  	-0.2685  	0.09164  	-1.5758  	-1.1131  	-0.8326  	-0.1628  	-0.3384  	0.19226  	0.83351  	0.88038  	-0.1055  	-0.3849  	-1.3414  	-0.3499  	0.86089  	-0.2387  	-0.1651  	0.25550  	0.72538  	0.38978  	-0.5465  	-0.4013  	0.07823  	-0.5318  	-0.0098  	-0.1776  	0.12726  	-0.2598  	-0.1344  	-0.0295  	0.30165  	0.12046  	0.06507  	0.07633  	0.02215  	0.32687  	0.02869  	-0.2517  	0.70583  	0.18804  	-0.0881  	-0.0386  	0.03571  	-0.0385  	-0.0181  	-0.0164  	0.02604  	-0.0073  	0.00024  	0.00528  	-0.0070  	-0.0197  	0.01893  	-0.0423  	-0.0358  	-0.0110  	-0.0007  	-0.0037  	0.04148  	0.01552  	-0.0238  	-0.0078  	0.00870  	0.04007  	-0.1230  	0.06307  	-0.0152  	-0.0399  	0.48079  	
-0.5813  	-0.2969  	0.10697  	-1.6736  	-1.1866  	-0.8607  	-0.1829  	-0.3595  	0.18177  	0.87694  	0.85190  	-0.1011  	-0.4078  	-1.4181  	-0.4754  	0.84427  	-0.2351  	-0.1653  	0.27652  	0.69432  	0.27445  	-0.5356  	-0.3222  	0.00547  	-0.5406  	0.00800  	-0.2092  	0.22417  	-0.2053  	-0.1101  	0.00527  	0.28213  	0.11291  	0.07182  	-0.0208  	0.02690  	0.27788  	-0.0052  	-0.2214  	0.70443  	0.22565  	-0.0834  	-0.0333  	0.06103  	-0.0376  	-0.0286  	-0.0080  	0.02497  	-0.0050  	0.00027  	0.00133  	-0.0048  	-0.0300  	0.01920  	-0.0445  	-0.0332  	-0.0074  	-0.0075  	-0.0103  	0.03338  	0.02094  	-0.0176  	-0.0074  	0.00871  	0.03939  	-0.1207  	0.06380  	-0.0149  	-0.0400  	0.48134  	
-0.4352  	-0.2686  	0.11325  	-1.5313  	-1.0500  	-0.7530  	-0.1935  	-0.2360  	0.21425  	0.82734  	0.78551  	0.03130  	-0.3416  	-1.2587  	-0.3330  	0.87922  	-0.2502  	-0.1553  	0.28303  	0.73062  	0.32355  	-0.5171  	-0.3673  	0.05413  	-0.5853  	0.00472  	-0.2061  	0.18847  	-0.2544  	-0.1493  	-0.0053  	0.27863  	0.14809  	0.07118  	0.03903  	-0.0180  	0.27743  	0.00673  	-0.2102  	0.73713  	0.20792  	-0.0898  	-0.0427  	0.04263  	-0.0411  	-0.0256  	-0.0083  	0.03202  	-0.0202  	0.00819  	0.00010  	-0.0172  	-0.0296  	0.01383  	-0.0498  	-0.0416  	-0.0076  	-0.0085  	-0.0121  	0.04617  	0.01667  	-0.0251  	-0.0061  	0.01290  	0.03636  	-0.1178  	0.06437  	-0.0145  	-0.0404  	0.48084  	
-0.1144  	-0.1232  	0.35970  	-1.1829  	-0.9308  	-0.5813  	-0.1884  	-0.1195  	0.29285  	0.73808  	0.53533  	0.05330  	-0.1777  	-0.9118  	0.06415  	0.91922  	-0.2424  	-0.2206  	0.24993  	0.74248  	0.41209  	-0.5174  	-0.4064  	0.10494  	-0.5728  	-0.0184  	-0.1743  	0.12966  	-0.3027  	-0.1316  	-0.0012  	0.28798  	0.20246  	0.07183  	0.15320  	-0.0979  	0.33980  	-0.0143  	-0.1872  	0.70914  	0.15246  	-0.0988  	-0.0104  	0.03875  	-0.0452  	-0.0294  	-0.0102  	0.04720  	0.00130  	-0.0037  	0.00321  	-0.0074  	-0.0304  	0.01109  	-0.0464  	-0.0231  	-0.0114  	-0.0118  	-0.0085  	0.04351  	0.02087  	-0.0148  	-0.0176  	0.01140  	0.03258  	-0.1138  	0.06551  	-0.0138  	-0.0395  	0.48267  	
0.04481  	-0.0297  	0.40209  	-1.0261  	-0.8782  	-0.4429  	-0.1509  	-0.0962  	0.29496  	0.72703  	0.48925  	0.04088  	-0.1510  	-0.7873  	0.21422  	0.89050  	-0.2310  	-0.2775  	0.25726  	0.63408  	0.46294  	-0.4169  	-0.3637  	0.08218  	-0.4408  	-0.0430  	-0.0400  	0.02504  	-0.3063  	-0.0622  	-0.0497  	0.28975  	0.18075  	0.06791  	0.21161  	-0.0981  	0.36567  	0.01325  	-0.2064  	0.70317  	0.11287  	-0.0752  	-0.0098  	0.03524  	-0.0511  	-0.0316  	-0.0186  	0.06780  	0.02012  	-0.0216  	-0.0008  	-0.0111  	-0.0235  	0.01958  	-0.0459  	-0.0090  	-0.0144  	-0.0142  	-0.0131  	0.04728  	0.02057  	-0.0138  	-0.0145  	0.00151  	0.02996  	-0.1128  	0.06672  	-0.0128  	-0.0381  	0.47871  	
-0.0242  	-0.0983  	0.38322  	-1.0147  	-0.9045  	-0.4883  	-0.1462  	-0.1586  	0.29884  	0.75057  	0.57351  	-0.0255  	-0.2115  	-0.8720  	0.04615  	0.94101  	-0.2284  	-0.2969  	0.26662  	0.64309  	0.43822  	-0.4747  	-0.3953  	0.14341  	-0.4583  	-0.0667  	-0.0695  	0.02558  	-0.3690  	-0.0681  	-0.0531  	0.30530  	0.17295  	0.06851  	0.18243  	-0.1005  	0.39203  	0.05022  	-0.2347  	0.72434  	0.11223  	-0.0965  	0.00878  	0.06270  	-0.0487  	-0.0243  	-0.0102  	0.05747  	0.01004  	-0.0130  	0.00339  	-0.0128  	-0.0279  	0.02184  	-0.0441  	-0.0198  	-0.0144  	-0.0161  	-0.0142  	0.05293  	0.01559  	-0.0196  	-0.0079  	0.01022  	0.02873  	-0.1161  	0.06809  	-0.0118  	-0.0370  	0.50083  	
-0.4220  	-0.2519  	0.22519  	-1.3460  	-1.0309  	-0.7495  	-0.1484  	-0.2874  	0.24003  	0.73987  	0.78467  	-0.0964  	-0.3227  	-1.1140  	-0.1321  	0.90399  	-0.2069  	-0.2184  	0.22718  	0.72751  	0.50289  	-0.5856  	-0.3857  	0.15182  	-0.5092  	-0.0461  	-0.0538  	0.07249  	-0.3482  	-0.0902  	-0.0523  	0.30869  	0.13840  	0.06058  	0.16829  	-0.0679  	0.41637  	0.01583  	-0.2945  	0.70842  	0.11710  	-0.0684  	-0.0893  	0.02063  	-0.0390  	-0.0127  	-0.0033  	0.02046  	-0.0104  	0.00357  	-0.0015  	-0.0107  	-0.0376  	0.02060  	-0.0513  	-0.0287  	-0.0141  	-0.0085  	-0.0147  	0.04340  	0.02137  	-0.0136  	-0.0227  	-0.0046  	0.03005  	-0.1241  	0.06868  	-0.0106  	-0.0358  	0.51068  	
-0.3282  	-0.2061  	0.12463  	-1.1117  	-0.8574  	-0.6812  	-0.2039  	-0.2451  	0.21865  	0.70321  	0.61670  	0.04307  	-0.3232  	-1.1029  	0.01155  	0.87110  	-0.2185  	-0.2211  	0.26501  	0.71482  	0.40020  	-0.5125  	-0.3897  	0.10868  	-0.4740  	-0.0245  	-0.0506  	0.16426  	-0.2861  	-0.0708  	-0.0508  	0.28604  	0.14348  	0.07510  	0.17246  	-0.0662  	0.31601  	0.01622  	-0.2375  	0.71562  	0.07943  	-0.0541  	-0.0695  	0.03250  	-0.0252  	-0.0310  	-0.0092  	0.01786  	-0.0016  	-0.0176  	-0.0039  	-0.0125  	-0.0355  	0.02076  	-0.0445  	-0.0185  	-0.0009  	-0.0157  	0.00597  	0.04881  	0.01470  	-0.0148  	-0.0184  	-0.0009  	0.03337  	-0.1333  	0.06912  	-0.0091  	-0.0349  	0.52053  	
-0.1459  	-0.1574  	0.21465  	-1.0734  	-0.9084  	-0.5298  	-0.2108  	-0.2469  	0.23846  	0.72064  	0.48300  	-0.0330  	-0.2569  	-1.0534  	0.00945  	0.88261  	-0.2104  	-0.2320  	0.25709  	0.71247  	0.35235  	-0.4930  	-0.4406  	0.02307  	-0.4076  	-0.0304  	-0.0880  	0.14337  	-0.2522  	-0.0371  	-0.0653  	0.29923  	0.13601  	0.08332  	0.14900  	-0.0355  	0.31334  	0.01422  	-0.1916  	0.72870  	0.09077  	-0.0835  	-0.0276  	0.02952  	-0.0363  	-0.0300  	-0.0093  	0.03031  	0.00355  	0.00653  	0.01574  	-0.0151  	-0.0311  	0.02264  	-0.0446  	-0.0173  	-0.0104  	-0.0102  	0.00224  	0.04417  	0.00651  	-0.0103  	-0.0102  	0.00182  	0.03712  	-0.1425  	0.06788  	-0.0082  	-0.0349  	0.54082  	
-0.1637  	-0.1515  	0.32753  	-1.2350  	-0.9392  	-0.6221  	-0.1694  	-0.2506  	0.23394  	0.83963  	0.64282  	-0.0084  	-0.2765  	-1.0927  	-0.2435  	0.98524  	-0.2954  	-0.1852  	0.26098  	0.77603  	0.32101  	-0.5015  	-0.4883  	0.03549  	-0.4553  	-0.0493  	-0.1394  	0.19673  	-0.2204  	-0.0720  	-0.0728  	0.29822  	0.16193  	0.07812  	0.13185  	0.01318  	0.30854  	0.00365  	-0.1914  	0.74218  	0.14149  	-0.0739  	-0.0300  	0.03466  	-0.0371  	-0.0227  	-0.0182  	0.03674  	0.00730  	0.00837  	0.01030  	-0.0117  	-0.0249  	0.02245  	-0.0394  	-0.0170  	-0.0120  	-0.0108  	-0.0057  	0.05282  	0.01380  	-0.0191  	-0.0106  	-0.0018  	0.04143  	-0.1484  	0.06665  	-0.0074  	-0.0360  	0.54488  	
-0.3680  	-0.2153  	0.14748  	-1.5295  	-1.0746  	-0.8322  	-0.1811  	-0.2995  	0.22483  	0.87298  	0.81785  	-0.0618  	-0.3001  	-1.1923  	-0.4390  	0.91014  	-0.2750  	-0.1561  	0.23376  	0.77737  	0.27190  	-0.5392  	-0.4796  	0.04957  	-0.4662  	-0.0175  	-0.1951  	0.20024  	-0.1741  	-0.0990  	-0.0375  	0.25659  	0.15045  	0.08893  	0.07242  	0.04720  	0.27781  	-0.0249  	-0.1584  	0.74723  	0.15949  	-0.0877  	-0.0366  	0.00547  	-0.0332  	-0.0280  	-0.0078  	0.04331  	0.00309  	0.00186  	0.00239  	-0.0179  	-0.0292  	0.01440  	-0.0458  	-0.0336  	-0.0171  	-0.0085  	-0.0122  	0.04336  	0.01314  	-0.0344  	0.00169  	0.01259  	0.04584  	-0.1505  	0.06434  	-0.0071  	-0.0382  	0.54950  	
-0.9619  	-0.3860  	-0.0617  	-1.9287  	-1.1665  	-1.1449  	-0.2265  	-0.3477  	0.17601  	0.95141  	1.11700  	-0.0626  	-0.3836  	-1.2898  	-0.5767  	0.68851  	-0.2553  	-0.2558  	0.24224  	0.73201  	0.39887  	-0.5424  	-0.3315  	0.12185  	-0.6620  	0.03240  	-0.2419  	0.08438  	-0.3386  	-0.1794  	0.02453  	0.25860  	0.17996  	0.07769  	0.05971  	-0.0604  	0.30564  	-0.0089  	-0.2258  	0.67428  	0.12539  	-0.0607  	-0.0751  	0.00022  	-0.0267  	-0.0329  	0.00078  	0.01187  	-0.0221  	0.00632  	-0.0131  	-0.0095  	-0.0243  	0.02072  	-0.0495  	-0.0375  	-0.0155  	-0.0119  	-0.0131  	0.04997  	0.02474  	-0.0144  	-0.0182  	-0.0014  	0.04945  	-0.1470  	0.06225  	-0.0067  	-0.0403  	0.53398  	
-0.8729  	-0.3553  	0.02016  	-1.9718  	-1.2320  	-1.1695  	-0.2138  	-0.2943  	0.20542  	0.98084  	1.14535  	-0.1304  	-0.3945  	-1.2536  	-0.5085  	0.63018  	-0.1995  	-0.2728  	0.27996  	0.69001  	0.45788  	-0.5894  	-0.3004  	0.13205  	-0.6202  	0.03597  	-0.1634  	0.04647  	-0.3604  	-0.1858  	0.02239  	0.24271  	0.17094  	0.07310  	0.06488  	-0.0878  	0.36995  	-0.0070  	-0.2353  	0.67605  	0.16551  	-0.0698  	-0.0733  	0.02639  	-0.0243  	-0.0233  	-0.0039  	0.00284  	-0.0220  	0.00907  	-0.0160  	-0.0132  	-0.0371  	0.02318  	-0.0585  	-0.0379  	-0.0159  	-0.0072  	-0.0079  	0.04377  	0.03186  	-0.0126  	-0.0106  	-0.0073  	0.04960  	-0.1386  	0.05913  	-0.0070  	-0.0426  	0.51916  	
-0.4099  	-0.1754  	0.31048  	-1.6897  	-1.1644  	-0.8674  	-0.1891  	-0.2019  	0.28438  	0.90757  	0.87696  	-0.0621  	-0.2356  	-0.9907  	-0.2396  	0.73181  	-0.2347  	-0.2706  	0.25493  	0.72858  	0.48880  	-0.5351  	-0.3112  	0.15498  	-0.5951  	0.02808  	-0.1561  	-0.0106  	-0.4096  	-0.1460  	0.05650  	0.23134  	0.19626  	0.08343  	0.06743  	-0.1332  	0.35330  	0.01554  	-0.2459  	0.68036  	0.18147  	-0.1007  	-0.0340  	0.01979  	-0.0383  	-0.0264  	-0.0071  	0.01862  	-0.0087  	0.00728  	-0.0167  	-0.0139  	-0.0440  	0.01181  	-0.0739  	-0.0318  	-0.0260  	-0.0058  	-0.0259  	0.04203  	0.02700  	-0.0122  	-0.0197  	-0.0024  	0.04542  	-0.1253  	0.05539  	-0.0068  	-0.0454  	0.50302  	
-0.4485  	-0.1668  	0.26171  	-1.7084  	-1.1806  	-0.8061  	-0.2171  	-0.2181  	0.24975  	0.91158  	0.73025  	-0.0913  	-0.2517  	-1.0550  	-0.3097  	0.76157  	-0.2106  	-0.2017  	0.30328  	0.66517  	0.37786  	-0.4605  	-0.2607  	0.04247  	-0.5914  	0.01129  	-0.2692  	0.09121  	-0.2711  	-0.1414  	0.06536  	0.20682  	0.17689  	0.07333  	-0.0450  	-0.1035  	0.29503  	-0.0023  	-0.2182  	0.67560  	0.24904  	-0.1132  	0.02600  	0.03854  	-0.0593  	-0.0371  	-0.0139  	0.04068  	-0.0159  	0.00767  	-0.0071  	-0.0132  	-0.0311  	0.02612  	-0.0546  	-0.0178  	-0.0107  	-0.0123  	-0.0086  	0.03938  	0.02971  	0.00952  	-0.0239  	0.00665  	0.03819  	-0.1077  	0.05070  	-0.0071  	-0.0486  	0.49124  	
-0.4131  	-0.2531  	0.17925  	-1.4997  	-0.9815  	-0.9249  	-0.1917  	-0.2818  	0.20469  	0.77150  	0.92831  	-0.0618  	-0.3266  	-1.1525  	-0.2337  	0.76655  	-0.2069  	-0.2173  	0.24095  	0.72978  	0.46504  	-0.6215  	-0.4185  	0.14694  	-0.5820  	-0.0002  	-0.1379  	0.09750  	-0.3677  	-0.1293  	0.02536  	0.28439  	0.17274  	0.05155  	0.19021  	-0.0888  	0.36141  	-0.0056  	-0.2814  	0.70799  	0.10873  	-0.0552  	-0.0776  	-0.0047  	-0.0201  	-0.0313  	0.00458  	-0.0070  	-0.0027  	-0.0117  	0.01277  	-0.0082  	-0.0460  	0.02187  	-0.0538  	-0.0311  	-0.0165  	-0.0167  	-0.0085  	0.05113  	0.01208  	-0.0126  	-0.0160  	-0.0003  	0.03001  	-0.0890  	0.04654  	-0.0074  	-0.0508  	0.49971  	
0.10837  	-0.1041  	0.37349  	-1.3108  	-0.9921  	-0.5701  	-0.1871  	-0.1695  	0.27185  	0.78172  	0.56248  	0.00135  	-0.1218  	-0.7697  	0.17071  	0.78457  	-0.1956  	-0.3467  	0.23942  	0.57090  	0.50771  	-0.4600  	-0.3323  	0.15004  	-0.6249  	-0.0275  	-0.0664  	-0.1110  	-0.3958  	-0.1127  	0.00782  	0.29271  	0.20047  	0.05273  	0.20437  	-0.1685  	0.39878  	0.00544  	-0.2566  	0.70505  	0.14452  	-0.0789  	-0.0566  	0.03062  	-0.0470  	-0.0179  	-0.0169  	0.03777  	-0.0018  	0.02592  	-0.0201  	-0.0038  	-0.0349  	0.02604  	-0.0581  	-0.0252  	-0.0373  	-0.0143  	-0.0128  	0.04575  	0.02260  	-0.0012  	-0.0220  	0.00240  	0.02042  	-0.0734  	0.04159  	-0.0080  	-0.0524  	0.50277  	
0.09492  	-0.0979  	0.48151  	-1.2454  	-1.0238  	-0.5432  	-0.1719  	-0.0818  	0.31445  	0.73085  	0.52020  	-0.1423  	-0.1426  	-0.8823  	0.09665  	0.86863  	-0.2267  	-0.2963  	0.27041  	0.52943  	0.50756  	-0.4432  	-0.2649  	0.08203  	-0.5545  	-0.0230  	-0.0473  	-0.1457  	-0.3862  	-0.0837  	-0.0093  	0.32923  	0.17674  	0.06572  	0.19251  	-0.1406  	0.42288  	0.04466  	-0.2469  	0.66905  	0.11388  	-0.1000  	0.01118  	0.04543  	-0.0509  	-0.0323  	-0.0282  	0.06416  	0.01790  	0.00364  	-0.0077  	-0.0115  	-0.0271  	0.01164  	-0.0360  	-0.0117  	-0.0225  	-0.0117  	-0.0183  	0.04215  	0.02022  	-0.0104  	-0.0129  	0.00182  	0.01052  	-0.0628  	0.03755  	-0.0082  	-0.0530  	0.51790  	
0.03150  	-0.1470  	0.46131  	-1.2349  	-1.0039  	-0.4984  	-0.2120  	-0.1288  	0.28927  	0.77628  	0.70394  	-0.0610  	-0.1906  	-1.0168  	-0.1490  	0.98786  	-0.2369  	-0.2912  	0.27862  	0.64432  	0.56888  	-0.4792  	-0.3696  	0.14816  	-0.4738  	-0.0573  	-0.0412  	-0.0425  	-0.4757  	-0.1019  	-0.0262  	0.31659  	0.14353  	0.07085  	0.22258  	-0.0947  	0.45299  	0.06159  	-0.2666  	0.66848  	0.11389  	-0.0748  	-0.0184  	0.03152  	-0.0517  	-0.0184  	-0.0135  	0.03073  	0.01258  	-0.0041  	0.00479  	-0.0120  	-0.0189  	0.02121  	-0.0467  	-0.0172  	-0.0174  	-0.0073  	-0.0095  	0.04266  	0.01139  	-0.0153  	-0.0104  	-0.0043  	-6.1830  	-0.0574  	0.03105  	-0.0082  	-0.0533  	0.52586  	
-0.4257  	-0.2413  	0.18017  	-1.6644  	-1.2076  	-0.7777  	-0.1817  	-0.3011  	0.18494  	0.89886  	0.87995  	-0.0643  	-0.3441  	-1.2299  	-0.5682  	0.87120  	-0.2745  	-0.1463  	0.23993  	0.79043  	0.30403  	-0.5507  	-0.4284  	0.06128  	-0.4870  	-0.0251  	-0.1559  	0.16918  	-0.2543  	-0.1334  	-0.0219  	0.29141  	0.14025  	0.06228  	0.07892  	0.06231  	0.30956  	-0.0026  	-0.1876  	0.72560  	0.19307  	-0.0749  	-0.0152  	0.03975  	-0.0287  	-0.0319  	-0.0054  	0.03406  	0.00258  	-0.0154  	0.01059  	-0.0119  	-0.0199  	0.02552  	-0.0464  	-0.0307  	-0.0099  	-0.0059  	-0.0140  	0.04245  	0.01455  	-0.0221  	-0.0014  	0.00970  	-0.0087  	-0.0558  	0.02488  	-0.0073  	-0.0538  	0.53321  	
-0.6857  	-0.3223  	0.00502  	-1.6668  	-1.1404  	-0.9693  	-0.1574  	-0.3616  	0.17500  	0.91194  	0.96988  	-0.0587  	-0.3861  	-1.2941  	-0.5071  	0.82235  	-0.2689  	-0.1673  	0.23823  	0.76053  	0.31782  	-0.5060  	-0.4145  	0.06385  	-0.4633  	-0.0240  	-0.1937  	0.17674  	-0.2456  	-0.1096  	-0.0154  	0.25646  	0.13846  	0.06667  	0.06968  	0.05583  	0.31442  	-0.0195  	-0.2260  	0.68349  	0.17146  	-0.0696  	-0.0582  	0.01791  	-0.0250  	-0.0316  	-0.0124  	0.01106  	-0.0164  	0.01031  	0.01650  	-0.0102  	-0.0256  	0.01389  	-0.0377  	-0.0249  	-0.0110  	-0.0057  	-0.0013  	0.04945  	0.01484  	-0.0167  	-0.0085  	0.01048  	-0.0176  	-0.0556  	0.01745  	-0.0067  	-0.0541  	0.53381  	
-0.7256  	-0.2877  	0.06308  	-1.9355  	-1.3124  	-1.0463  	-0.2044  	-0.3831  	0.17322  	0.97064  	1.00597  	-0.1787  	-0.3878  	-1.3485  	-0.5575  	0.72332  	-0.2422  	-0.1916  	0.26016  	0.70355  	0.37215  	-0.5389  	-0.2866  	-0.0008  	-0.5820  	0.02941  	-0.2050  	0.12772  	-0.2836  	-0.1633  	0.01869  	0.26274  	0.14221  	0.07197  	0.01144  	0.01754  	0.34580  	0.00844  	-0.2271  	0.66482  	0.20890  	-0.0822  	-0.0323  	0.03247  	-0.0319  	-0.0269  	0.00170  	0.01589  	-0.0209  	0.00957  	-0.0045  	-0.0087  	-0.0274  	0.02091  	-0.0489  	-0.0367  	-0.0128  	-0.0042  	-0.0101  	0.04567  	0.01729  	-0.0141  	-0.0109  	0.00885  	-0.0237  	-0.0555  	0.01137  	-0.0054  	-0.0542  	0.51776  	
-0.7065  	-0.2551  	0.14716  	-1.8077  	-1.2189  	-0.9141  	-0.1948  	-0.3186  	0.22569  	0.89972  	0.81371  	-0.1196  	-0.3706  	-1.3099  	-0.4472  	0.79684  	-0.2274  	-0.1873  	0.26404  	0.67059  	0.28027  	-0.5313  	-0.2420  	0.01568  	-0.6049  	0.03661  	-0.2206  	0.15547  	-0.2270  	-0.1547  	0.01173  	0.25825  	0.15454  	0.06789  	-0.0311  	-0.0291  	0.28747  	-0.0032  	-0.1838  	0.70888  	0.25012  	-0.0893  	-0.0152  	0.06355  	-0.0346  	-0.0303  	-0.0054  	0.02147  	-0.0044  	-0.0002  	-0.0071  	-0.0111  	-0.0299  	0.01908  	-0.0459  	-0.0379  	-0.0144  	-0.0065  	-0.0054  	0.03839  	0.02226  	-0.0110  	-0.0060  	0.01099  	-0.0265  	-0.0554  	0.00393  	-0.0043  	-0.0556  	0.51703  	
-0.5125  	-0.2461  	0.17150  	-1.6579  	-1.1675  	-0.8281  	-0.2380  	-0.3066  	0.23444  	0.84646  	0.83453  	-0.0417  	-0.3769  	-1.3360  	-0.4621  	0.84498  	-0.2124  	-0.2022  	0.26714  	0.70084  	0.36540  	-0.5538  	-0.2759  	0.06271  	-0.5975  	0.02451  	-0.1838  	0.15249  	-0.2752  	-0.1538  	1.48345  	0.28281  	0.16522  	0.06236  	0.02384  	-0.0234  	0.33573  	-0.0062  	-0.2331  	0.68464  	0.21674  	-0.0951  	-0.0250  	0.05308  	-0.0330  	-0.0261  	-0.0016  	0.01769  	-0.0082  	-0.0013  	-0.0083  	-0.0172  	-0.0279  	0.01437  	-0.0496  	-0.0409  	-0.0086  	-0.0013  	-0.0097  	0.03523  	0.01989  	-0.0134  	0.00176  	0.01070  	-0.0264  	-0.0544  	-0.0025  	-0.0033  	-0.0570  	0.52881  	
-0.3618  	-0.2198  	0.23840  	-1.5739  	-1.1366  	-0.7771  	-0.2144  	-0.2607  	0.24437  	0.89579  	0.85035  	-0.0366  	-0.3424  	-1.2808  	-0.4592  	0.90118  	-0.2627  	-0.1820  	0.24838  	0.74655  	0.33562  	-0.5589  	-0.3377  	0.01014  	-0.6056  	0.01127  	-0.2366  	0.19175  	-0.2641  	-0.1645  	0.00939  	0.27919  	0.15757  	0.07094  	0.05162  	-0.0032  	0.33509  	0.00298  	-0.2298  	0.69238  	0.20033  	-0.0968  	-0.0168  	0.04009  	-0.0373  	-0.0312  	-0.0003  	0.02921  	-0.0032  	-0.0048  	0.00336  	-0.0162  	-0.0274  	0.01663  	-0.0439  	-0.0341  	-0.0074  	-0.0089  	-0.0100  	0.03661  	0.01732  	-0.0192  	0.00203  	0.01572  	-0.0265  	-0.0516  	-0.0096  	-0.0031  	-0.0583  	0.53654  	
-0.3014  	-0.2048  	0.30818  	-1.5271  	-1.1156  	-0.7567  	-0.2112  	-0.2740  	0.24343  	0.92799  	0.93887  	-0.0049  	-0.3724  	-1.2956  	-0.4805  	0.99472  	-0.2857  	-0.1653  	0.24902  	0.79356  	0.32927  	-0.5760  	-0.4165  	0.01985  	-0.5655  	-0.0110  	-0.2351  	0.18901  	-0.2731  	-0.1494  	-0.0308  	0.30414  	0.16045  	0.07164  	0.10811  	0.02678  	0.33519  	0.01336  	-0.2357  	0.68918  	0.18303  	-0.0921  	-0.0197  	0.02704  	-0.0409  	-0.0310  	-0.0035  	0.02859  	0.00346  	-0.0042  	0.01086  	-0.0168  	-0.0235  	0.01830  	-0.0396  	-0.0300  	-0.0062  	-0.0083  	-0.0139  	0.03882  	0.01536  	-0.0238  	0.00168  	0.01152  	-0.0256  	-0.0478  	-0.0149  	-0.0023  	-0.0591  	0.52018  	
-0.2559  	-0.2356  	0.29470  	-1.5047  	-1.1258  	-0.7190  	-0.1806  	-0.3025  	0.22498  	0.87783  	0.89690  	-0.0641  	-0.3534  	-1.2689  	-0.4607  	0.99866  	-0.2840  	-0.1824  	0.25496  	0.73816  	0.33818  	-0.5624  	-0.4128  	0.03241  	-0.5395  	-0.0322  	-0.1724  	0.16942  	-0.3010  	-0.1329  	-0.0423  	0.31620  	0.14455  	0.06657  	0.14184  	0.05270  	0.36064  	0.01486  	-0.2390  	0.70170  	0.16525  	-0.0690  	-0.0255  	0.02143  	-0.0339  	-0.0258  	-0.0089  	0.02323  	0.00508  	0.00245  	0.00952  	-0.0144  	-0.0247  	0.01972  	-0.0381  	-0.0265  	-0.0087  	-0.0072  	-0.0105  	0.04266  	0.01276  	-0.0212  	0.00027  	0.01056  	-0.0231  	-0.0414  	-0.0210  	-0.0023  	-0.0604  	0.52221  	
-0.2294  	-0.2232  	0.24627  	-1.4855  	-1.0908  	-0.6857  	-0.1895  	-0.3068  	0.19115  	0.80438  	0.87744  	-0.0592  	-0.3679  	-1.2285  	-0.3406  	0.93557  	-0.2708  	-0.2243  	0.26020  	0.69641  	0.40950  	-0.5246  	-0.3810  	0.10073  	-0.5518  	-0.0351  	-0.1280  	0.09821  	-0.3552  	-0.1453  	-0.0367  	0.32332  	0.11938  	0.06157  	0.17931  	0.02444  	0.42065  	0.03013  	-0.2834  	0.68512  	0.15131  	-0.0602  	-0.0328  	0.02134  	-0.0316  	-0.0271  	-0.0086  	0.01281  	2.82849  	0.00394  	0.00594  	-0.0121  	-0.0229  	0.02087  	-0.0401  	-0.0314  	-0.0057  	-0.0061  	-0.0108  	0.04081  	0.00638  	-0.0193  	-0.0068  	0.00801  	-0.0196  	-0.0344  	-0.0251  	-0.0023  	-0.0609  	0.52751  	
-0.1751  	-0.1738  	0.31831  	-1.4334  	-1.1128  	-0.6397  	-0.1911  	-0.2482  	0.21701  	0.73538  	0.82725  	-0.0848  	-0.3760  	-1.1493  	-0.1943  	0.89396  	-0.2583  	-0.2549  	0.25977  	0.65277  	0.52437  	-0.5197  	-0.3494  	0.11657  	-0.5685  	-0.0340  	-0.0885  	-0.0212  	-0.4252  	-0.1411  	-0.0371  	0.33843  	0.14524  	0.06659  	0.21765  	-0.0440  	0.45837  	0.05078  	-0.3016  	0.67082  	0.14964  	-0.0809  	-0.0446  	0.01867  	-0.0336  	-0.0223  	-0.0055  	0.01183  	-0.0115  	0.00206  	-0.0061  	-0.0083  	-0.0248  	0.02193  	-0.0482  	-0.0325  	-0.0124  	-0.0065  	-0.0166  	0.04306  	0.01405  	-0.0176  	-0.0140  	0.00521  	-0.0172  	-0.0263  	-0.0299  	-0.0028  	-0.0609  	0.52930  	
-0.0730  	-0.1147  	0.38529  	-1.3843  	-1.1306  	-0.5751  	-0.1981  	-0.1601  	0.27968  	0.68810  	0.84099  	-0.0744  	-0.3161  	-1.0297  	-0.0417  	0.90589  	-0.2228  	-0.2726  	0.25003  	0.58906  	0.62945  	-0.5245  	-0.3151  	0.15477  	-0.5701  	-0.0365  	-0.0496  	-0.1178  	-0.5085  	-0.1548  	-0.0219  	0.33923  	0.17028  	0.06490  	0.24655  	-0.1222  	0.52367  	0.08051  	-0.3113  	0.65741  	0.14829  	-0.0779  	-0.0328  	0.02219  	-0.0482  	-0.0192  	-0.0095  	0.01580  	-0.0122  	0.01326  	-0.0159  	-0.0051  	-0.0209  	0.02831  	-0.0424  	-0.0263  	-0.0215  	-0.0095  	-0.0104  	0.04734  	0.02341  	-0.0160  	-0.0168  	0.00487  	-0.0153  	-0.0188  	-0.0335  	-0.0027  	-0.0603  	0.51655  	
0.03362  	-0.0718  	0.40852  	-1.3133  	-1.1231  	-0.5184  	-0.1760  	-0.0719  	0.33591  	0.64616  	0.86294  	-0.0366  	-0.2774  	-0.9335  	0.01200  	0.94195  	-0.2104  	-0.3204  	0.24063  	0.56893  	0.70344  	-0.5163  	-0.2760  	0.16992  	-0.6078  	-0.0401  	-0.0001  	-0.1755  	-0.5884  	-0.1640  	-0.0292  	0.34308  	0.18718  	0.05532  	0.28557  	-0.1863  	0.56913  	0.09822  	-0.3421  	0.61907  	0.11377  	-0.0895  	-0.0391  	0.02467  	-0.0469  	-0.0187  	-0.0113  	0.01532  	-0.0033  	0.01372  	-0.0169  	-0.0095  	-0.0233  	0.02676  	-0.0460  	-0.0152  	-0.0262  	-0.0088  	-0.0135  	0.04240  	0.02601  	-0.0104  	-0.0158  	0.00202  	-0.0156  	-0.0118  	-0.0388  	-0.0026  	-0.0600  	0.50838  	
0.08255  	-0.0627  	0.47639  	-1.2904  	-1.1209  	-0.4689  	-0.1677  	-0.0291  	0.36559  	0.64316  	0.87426  	0.00935  	-0.2597  	-0.8935  	0.03712  	0.98443  	-0.2072  	-0.3344  	0.23850  	0.56995  	0.72207  	-0.4914  	-0.2320  	0.18395  	-0.6246  	-0.0345  	0.00842  	-0.1849  	-0.5994  	-0.1542  	-0.0257  	0.34163  	0.19783  	0.06095  	0.27360  	-0.2078  	0.58934  	0.10695  	-0.3188  	0.60978  	0.10065  	-0.0858  	-0.0266  	0.02557  	-0.0463  	-0.0235  	-0.0115  	0.03144  	0.00083  	0.00582  	-0.0159  	-0.0065  	-0.0221  	0.02894  	-0.0465  	-0.0131  	-0.0265  	-0.0084  	-0.0145  	0.04959  	0.02431  	-0.0111  	-0.0112  	0.00788  	-0.0168  	-0.0074  	-0.0429  	-0.0023  	-0.0588  	0.50468  	
0.08238  	-0.0630  	0.47606  	-1.2900  	-1.1198  	-0.4685  	-0.1676  	-0.0293  	0.36528  	0.64348  	0.87379  	0.00940  	-0.2600  	-0.8937  	0.03775  	0.98425  	-0.2070  	-0.3343  	0.23830  	0.57051  	0.72110  	-0.4917  	-0.2321  	0.18375  	-0.6246  	-0.0344  	0.00799  	-0.1843  	-0.5988  	-0.1541  	-0.0259  	0.34167  	0.19784  	0.06099  	0.27355  	-0.2077  	0.58870  	0.10688  	-0.3185  	0.60987  	0.10060  	-0.0859  	-0.0266  	0.02567  	-0.0464  	-0.0235  	-0.0115  	0.03147  	0.00091  	0.00572  	-0.0158  	-0.0065  	-0.0221  	0.02891  	-0.0465  	-0.0131  	-0.0264  	-0.0084  	-0.0145  	0.04950  	0.02429  	-0.0111  	-0.0112  	0.00787  	-0.0207  	-0.0048  	-0.0475  	-0.0018  	-0.0576  	0.48477  	
0.08238  	-0.0630  	0.47606  	-1.2900  	-1.1198  	-0.4685  	-0.1676  	-0.0293  	0.36528  	0.64348  	0.87379  	0.00940  	-0.2600  	-0.8937  	0.03775  	0.98425  	-0.2070  	-0.3343  	0.23830  	0.57051  	0.72110  	-0.4917  	-0.2321  	0.18375  	-0.6246  	-0.0344  	0.00799  	-0.1843  	-0.5988  	-0.1541  	-0.0259  	0.34167  	0.19784  	0.06099  	0.27355  	-0.2077  	0.58870  	0.10688  	-0.3185  	0.60987  	0.10060  	-0.0859  	-0.0266  	0.02567  	-0.0464  	-0.0235  	-0.0115  	0.03147  	0.00091  	0.00572  	-0.0158  	-0.0065  	-0.0221  	0.02891  	-0.0465  	-0.0131  	-0.0264  	-0.0084  	-0.0145  	0.04950  	0.02429  	-0.0111  	-0.0112  	0.00787  	-0.0245  	-0.0045  	-0.0510  	-0.0005  	-0.0566  	0.47783  	
0.08238  	-0.0630  	0.47606  	-1.2900  	-1.1198  	-0.4685  	-0.1676  	-0.0293  	0.36528  	0.64348  	0.87379  	0.00940  	-0.2600  	-0.8937  	0.03775  	0.98425  	-0.2070  	-0.3343  	0.23830  	0.57051  	0.72110  	-0.4917  	-0.2321  	0.18375  	-0.6246  	-0.0344  	0.00799  	-0.1843  	-0.5988  	-0.1541  	-0.0259  	0.34167  	0.19784  	0.06099  	0.27355  	-0.2077  	0.58870  	0.10688  	-0.3185  	0.60987  	0.10060  	-0.0859  	-0.0266  	0.02567  	-0.0464  	-0.0235  	-0.0115  	0.03147  	0.00091  	0.00572  	-0.0158  	-0.0065  	-0.0221  	0.02891  	-0.0465  	-0.0131  	-0.0264  	-0.0084  	-0.0145  	0.04950  	0.02429  	-0.0111  	-0.0112  	0.00787  	-0.0365  	-0.0006  	-0.0647  	-1.4954  	-0.0564  	0.47980  	
0.08238  	-0.0630  	0.47606  	-1.2900  	-1.1198  	-0.4685  	-0.1676  	-0.0293  	0.36528  	0.64348  	0.87379  	0.00940  	-0.2600  	-0.8937  	0.03775  	0.98425  	-0.2070  	-0.3343  	0.23830  	0.57051  	0.72110  	-0.4917  	-0.2321  	0.18375  	-0.6246  	-0.0344  	0.00799  	-0.1843  	-0.5988  	-0.1541  	-0.0259  	0.34167  	0.19784  	0.06099  	0.27355  	-0.2077  	0.58870  	0.10688  	-0.3185  	0.60987  	0.10060  	-0.0859  	-0.0266  	0.02567  	-0.0464  	-0.0235  	-0.0115  	0.03147  	0.00091  	0.00572  	-0.0158  	-0.0065  	-0.0221  	0.02891  	-0.0465  	-0.0131  	-0.0264  	-0.0084  	-0.0145  	0.04950  	0.02429  	-0.0111  	-0.0112  	0.00787  	-0.0423  	-0.0054  	-0.0677  	6.59361  	-0.0545  	0.48418  	
0.08238  	-0.0630  	0.47606  	-1.2900  	-1.1198  	-0.4685  	-0.1676  	-0.0293  	0.36528  	0.64348  	0.87379  	0.00940  	-0.2600  	-0.8937  	0.03775  	0.98425  	-0.2070  	-0.3343  	0.23830  	0.57051  	0.72110  	-0.4917  	-0.2321  	0.18375  	-0.6246  	-0.0344  	0.00799  	-0.1843  	-0.5988  	-0.1541  	-0.0259  	0.34167  	0.19784  	0.06099  	0.27355  	-0.2077  	0.58870  	0.10688  	-0.3185  	0.60987  	0.10060  	-0.0859  	-0.0266  	0.02567  	-0.0464  	-0.0235  	-0.0115  	0.03147  	0.00091  	0.00572  	-0.0158  	-0.0065  	-0.0221  	0.02891  	-0.0465  	-0.0131  	-0.0264  	-0.0084  	-0.0145  	0.04950  	0.02429  	-0.0111  	-0.0112  	0.00787  	-0.0420  	-0.0162  	-0.0620  	-0.0006  	-0.0512  	0.47448  	
0.08238  	-0.0630  	0.47606  	-1.2900  	-1.1198  	-0.4685  	-0.1676  	-0.0293  	0.36528  	0.64348  	0.87379  	0.00940  	-0.2600  	-0.8937  	0.03775  	0.98425  	-0.2070  	-0.3343  	0.23830  	0.57051  	0.72110  	-0.4917  	-0.2321  	0.18375  	-0.6246  	-0.0344  	0.00799  	-0.1843  	-0.5988  	-0.1541  	-0.0259  	0.34167  	0.19784  	0.06099  	0.27355  	-0.2077  	0.58870  	0.10688  	-0.3185  	0.60987  	0.10060  	-0.0859  	-0.0266  	0.02567  	-0.0464  	-0.0235  	-0.0115  	0.03147  	0.00091  	0.00572  	-0.0158  	-0.0065  	-0.0221  	0.02891  	-0.0465  	-0.0131  	-0.0264  	-0.0084  	-0.0145  	0.04950  	0.02429  	-0.0111  	-0.0112  	0.00787  	-0.0363  	-0.0302  	-0.0484  	-0.0014  	-0.0474  	0.46733  	
0.08238  	-0.0630  	0.47606  	-1.2900  	-1.1198  	-0.4685  	-0.1676  	-0.0293  	0.36528  	0.64348  	0.87379  	0.00940  	-0.2600  	-0.8937  	0.03775  	0.98425  	-0.2070  	-0.3343  	0.23830  	0.57051  	0.72110  	-0.4917  	-0.2321  	0.18375  	-0.6246  	-0.0344  	0.00799  	-0.1843  	-0.5988  	-0.1541  	-0.0259  	0.34167  	0.19784  	0.06099  	0.27355  	-0.2077  	0.58870  	0.10688  	-0.3185  	0.60987  	0.10060  	-0.0859  	-0.0266  	0.02567  	-0.0464  	-0.0235  	-0.0115  	0.03147  	0.00091  	0.00572  	-0.0158  	-0.0065  	-0.0221  	0.02891  	-0.0465  	-0.0131  	-0.0264  	-0.0084  	-0.0145  	0.04950  	0.02429  	-0.0111  	-0.0112  	0.00787  	-0.0252  	-0.0463  	-0.0300  	-0.0023  	-0.0440  	0.46206  	
0.08238  	-0.0630  	0.47606  	-1.2900  	-1.1198  	-0.4685  	-0.1676  	-0.0293  	0.36528  	0.64348  	0.87379  	0.00940  	-0.2600  	-0.8937  	0.03775  	0.98425  	-0.2070  	-0.3343  	0.23830  	0.57051  	0.72110  	-0.4917  	-0.2321  	0.18375  	-0.6246  	-0.0344  	0.00799  	-0.1843  	-0.5988  	-0.1541  	-0.0259  	0.34167  	0.19784  	0.06099  	0.27355  	-0.2077  	0.58870  	0.10688  	-0.3185  	0.60987  	0.10060  	-0.0859  	-0.0266  	0.02567  	-0.0464  	-0.0235  	-0.0115  	0.03147  	0.00091  	0.00572  	-0.0158  	-0.0065  	-0.0221  	0.02891  	-0.0465  	-0.0131  	-0.0264  	-0.0084  	-0.0145  	0.04950  	0.02429  	-0.0111  	-0.0112  	0.00787  	-0.0112  	-0.0633  	-0.0072  	-0.0033  	-0.0401  	0.46295  	
-0.5029  	-0.2309  	0.13396  	-1.6053  	-1.1175  	-0.8814  	-0.2362  	-0.2861  	0.31176  	0.89006  	0.96080  	0.12386  	-0.2532  	-1.1204  	-0.4469  	0.96533  	-0.2462  	-0.1685  	0.22930  	0.80599  	0.33109  	-0.5944  	-0.3663  	0.02106  	-0.7895  	0.09728  	-0.3839  	0.31408  	-0.3802  	-0.2337  	0.06908  	0.27716  	0.21380  	0.08260  	0.01236  	-0.0761  	0.27330  	-0.0187  	-0.1849  	0.65920  	0.22761  	-0.0895  	-0.0241  	0.02072  	-0.0507  	-0.0266  	-0.0104  	0.03369  	0.00767  	0.01847  	-0.0164  	-0.0089  	-0.0227  	0.02150  	-0.0348  	-0.0231  	-0.0180  	-0.0062  	0.00440  	0.04756  	0.03033  	-0.0034  	-0.0167  	0.01401  	0.00370  	-0.0795  	0.01586  	-0.0047  	-0.0368  	0.46777  	
-1.0662  	-0.4277  	-0.2324  	-2.0503  	-1.1627  	-1.1611  	-0.1497  	-0.3661  	0.20142  	0.98609  	1.15242  	-0.0622  	-0.3624  	-1.3325  	-0.7945  	0.69057  	-0.3101  	-0.1747  	0.22581  	0.77510  	0.23719  	-0.5302  	-0.3713  	-0.0363  	-0.6817  	0.06974  	-0.4071  	0.33837  	-0.2169  	-0.2319  	0.03649  	0.21057  	0.19701  	0.07621  	-0.0283  	0.01640  	0.19432  	-0.0479  	-0.1784  	0.65339  	0.17553  	-0.0733  	-0.0647  	-0.0114  	-0.0262  	-0.0483  	-0.0038  	0.03881  	-0.0084  	0.01208  	-0.0108  	-0.0182  	-0.0300  	0.01964  	-0.0423  	-0.0448  	-0.0070  	-0.0091  	-0.0184  	0.05413  	0.02107  	-0.0195  	0.00047  	0.01873  	0.01817  	-0.0935  	0.03910  	-0.0059  	-0.0341  	0.46032  	
-0.9021  	-0.3543  	-0.0625  	-1.9407  	-1.2076  	-1.1917  	-0.2116  	-0.2656  	0.22220  	1.01226  	1.14870  	-0.1378  	-0.3651  	-1.2488  	-0.6114  	0.66256  	-0.2100  	-0.2589  	0.25896  	0.70439  	0.41025  	-0.5536  	-0.3182  	0.05259  	-0.6165  	0.06143  	-0.2632  	0.08811  	-0.3111  	-0.1894  	0.04989  	0.22559  	0.17549  	0.07394  	0.04098  	-0.0446  	0.31630  	-0.0164  	-0.2028  	0.67905  	0.18361  	-0.0796  	-0.0658  	0.00535  	-0.0370  	-0.0281  	-0.0056  	0.03366  	-0.0190  	0.01476  	0.00027  	-0.0138  	-0.0318  	0.02195  	-0.0523  	-0.0336  	-0.0142  	-0.0037  	-0.0109  	0.05039  	0.02060  	-0.0126  	-0.0053  	0.00670  	0.03080  	-0.1045  	0.05871  	-0.0072  	-0.0329  	0.47072  	
-0.5739  	-0.2678  	0.12346  	-1.9381  	-1.3049  	-0.9564  	-0.2399  	-0.2399  	0.21829  	0.97396  	0.92690  	-0.1541  	-0.3127  	-1.1357  	-0.4531  	0.65493  	-0.1879  	-0.2345  	0.27457  	0.65677  	0.46088  	-0.5280  	-0.2766  	0.10252  	-0.5161  	0.01152  	-0.0591  	0.00629  	-0.3526  	-0.1501  	0.05205  	0.25967  	0.16065  	0.05480  	0.04858  	-0.0753  	0.37115  	-0.0006  	-0.2330  	0.70252  	0.20336  	-0.0909  	-0.0365  	0.03243  	-0.0324  	-0.0266  	-0.0001  	0.02830  	-0.0059  	-0.0072  	-0.0066  	-0.0110  	-0.0354  	0.02132  	-0.0504  	-0.0385  	-0.0209  	-0.0149  	-0.0062  	0.04595  	0.02404  	-0.0093  	-0.0152  	0.00643  	0.03977  	-0.1125  	0.07411  	-0.0084  	-0.0318  	0.47317  	
-0.4275  	-0.2525  	0.18899  	-1.7100  	-1.2442  	-0.8028  	-0.2128  	-0.2429  	0.22483  	0.86113  	0.86153  	-0.0790  	-0.3678  	-1.2778  	-0.4554  	0.83853  	-0.2090  	-0.1554  	0.28010  	0.69372  	0.39950  	-0.5349  	-0.2693  	0.02855  	-0.5768  	0.00168  	-0.1757  	0.08220  	-0.3470  	-0.1423  	0.00356  	0.29736  	0.15949  	0.05033  	-0.0035  	-0.0461  	0.34419  	0.02291  	-0.2146  	0.67532  	0.24497  	-0.1049  	0.01003  	0.04609  	-0.0473  	-0.0267  	-0.0110  	0.01926  	-0.0065  	0.00762  	-0.0086  	-0.0103  	-0.0268  	0.01528  	-0.0524  	-0.0319  	-0.0176  	-0.0120  	-0.0062  	0.03926  	0.02015  	-0.0021  	-0.0150  	0.00520  	0.04526  	-0.1180  	0.08208  	-0.0087  	-0.0320  	0.46999  	
-0.4024  	-0.1882  	0.17156  	-1.5414  	-1.0965  	-0.7805  	-0.2182  	-0.3032  	0.24443  	0.84462  	0.76564  	-0.0515  	-0.3345  	-1.3075  	-0.4110  	0.83708  	-0.2127  	-0.1714  	0.27079  	0.76157  	0.30538  	-0.5554  	-0.3762  	-0.0276  	-0.5707  	0.00300  	-0.2516  	0.25401  	-0.2082  	-0.1355  	-0.0215  	0.28353  	0.16145  	0.07733  	0.00248  	-0.0146  	0.25866  	0.00074  	-0.1741  	0.74632  	0.21515  	-0.1182  	-0.0004  	0.04991  	-0.0495  	-0.0244  	-0.0119  	0.02836  	-0.0088  	-0.0045  	0.00067  	-0.0112  	-0.0336  	0.02434  	-0.0440  	-0.0258  	-0.0161  	-0.0116  	-0.0081  	0.03900  	0.02378  	-0.0180  	-0.0142  	0.00075  	0.04564  	-0.1188  	0.08113  	-0.0086  	-0.0336  	0.47909  	
-0.4710  	-0.2904  	0.13763  	-1.5761  	-1.1335  	-0.8120  	-0.1891  	-0.3528  	0.20393  	0.83495  	0.81323  	-0.1478  	-0.3838  	-1.4236  	-0.4404  	0.90676  	-0.2124  	-0.1953  	0.28689  	0.72495  	0.31318  	-0.5653  	-0.3903  	0.04639  	-0.4336  	-0.0076  	-0.1011  	0.17342  	-0.3202  	-0.0960  	-0.0232  	0.31959  	0.09997  	0.04641  	0.06532  	0.04113  	0.35377  	0.01130  	-0.2521  	0.68291  	0.17560  	-0.0940  	-0.0516  	0.04460  	-0.0397  	-0.0216  	-0.0150  	0.02233  	-0.0044  	0.00875  	0.00558  	-0.0077  	-0.0201  	0.02553  	-0.0435  	-0.0277  	-0.0102  	-0.0032  	-0.0074  	0.03919  	0.01285  	-0.0241  	0.00546  	0.00063  	0.03922  	-0.1145  	0.06968  	-0.0091  	-0.0356  	0.47007  	
-0.4498  	-0.2995  	0.16452  	-1.3565  	-1.0168  	-0.7860  	-0.2017  	-0.3327  	0.17298  	0.80007  	0.82526  	-0.0928  	-0.3636  	-1.3348  	-0.3460  	0.92008  	-0.2396  	-0.2239  	0.27607  	0.72331  	0.36561  	-0.5762  	-0.4097  	0.13295  	-0.4036  	-0.0125  	0.00130  	0.17665  	-0.2904  	-0.0500  	-0.0583  	0.32715  	0.10202  	0.05598  	0.10289  	0.04143  	0.35760  	0.02493  	-0.2728  	0.68540  	0.09272  	-0.0566  	-0.0774  	0.03945  	-0.0275  	-0.0303  	-0.0212  	0.03938  	0.00061  	-0.0085  	0.00189  	-0.0083  	-0.0179  	0.01336  	-0.0485  	-0.0361  	-0.0069  	-0.0016  	-0.0036  	0.04152  	0.00781  	-0.0368  	0.00481  	0.01004  	0.03956  	-0.1166  	0.06748  	-0.0094  	-0.0365  	0.46703  	
-0.2068  	-0.2395  	0.12338  	-1.0157  	-0.7828  	-0.6096  	-0.1807  	-0.2245  	0.20277  	0.72504  	0.57729  	-6.3211  	-0.2630  	-1.0935  	-0.0279  	0.93916  	-0.2602  	-0.2274  	0.25181  	0.78395  	0.32198  	-0.5392  	-0.5607  	0.14933  	-0.3788  	-0.0112  	-0.1073  	0.22210  	-0.1928  	-0.0257  	-0.0505  	0.26411  	0.14901  	0.08845  	0.20523  	-0.0082  	0.25512  	-0.0289  	-0.2216  	0.73161  	0.06866  	-0.0468  	-0.0745  	0.02593  	-0.0196  	-0.0209  	-0.0194  	0.01868  	-0.0023  	-0.0101  	0.01144  	-0.0134  	-0.0198  	0.00679  	-0.0513  	-0.0249  	-0.0030  	-0.0033  	-0.0125  	0.04752  	0.01230  	-0.0335  	-0.0074  	0.00956  	0.04138  	-0.1186  	0.06496  	-0.0101  	-0.0375  	0.47332  	
-0.0918  	-0.1180  	0.22148  	-1.0107  	-0.8040  	-0.5353  	-0.2071  	-0.1710  	0.23994  	0.70091  	0.42656  	0.02003  	-0.2018  	-0.8941  	0.17515  	0.84585  	-0.2439  	-0.2980  	0.24491  	0.71116  	0.33202  	-0.4456  	-0.4835  	0.06428  	-0.4039  	-0.0626  	-0.0049  	0.15382  	-0.2554  	-0.0278  	-0.0478  	0.30121  	0.16554  	0.08782  	0.20846  	-0.0659  	0.29271  	-0.0114  	-0.2243  	0.74794  	0.06581  	-0.0754  	-0.0513  	0.04562  	-0.0289  	-0.0347  	-0.0072  	0.03820  	0.01910  	-0.0087  	0.01779  	-0.0111  	-0.0319  	0.01821  	-0.0559  	-0.0125  	-0.0092  	-0.0092  	-0.0100  	0.04683  	0.01455  	-0.0113  	-0.0063  	0.00458  	0.04330  	-0.1198  	0.06246  	-0.0107  	-0.0393  	0.49170  	
0.09086  	-0.0454  	0.33794  	-1.0000  	-0.8281  	-0.3816  	-0.1526  	-0.0935  	0.30149  	0.70278  	0.39052  	-0.0559  	-0.1053  	-0.7501  	0.19526  	0.83307  	-0.2476  	-0.3144  	0.24160  	0.56645  	0.39801  	-0.3979  	-0.3998  	0.09406  	-0.4284  	-0.0586  	0.04290  	0.04705  	-0.2546  	-0.0366  	-0.0706  	0.29474  	0.18732  	0.05883  	0.19447  	-0.0952  	0.32616  	-0.0001  	-0.2079  	0.74182  	0.10277  	-0.0607  	-0.0130  	0.04101  	-0.0533  	-0.0325  	-0.0138  	0.06503  	0.02616  	-0.0050  	-0.0026  	-0.0154  	-0.0263  	0.02367  	-0.0465  	-0.0092  	-0.0107  	-0.0212  	-0.0149  	0.05131  	0.01879  	-0.0133  	-0.0236  	-0.0003  	0.04615  	-0.1214  	0.06055  	-0.0113  	-0.0410  	0.50390  	
-0.0692  	-0.1054  	0.32093  	-1.3478  	-1.0163  	-0.6504  	-0.1431  	-0.1153  	0.28574  	0.82474  	0.68412  	-0.1603  	-0.1219  	-0.7206  	-0.0280  	0.84040  	-0.2526  	-0.2904  	0.26448  	0.68508  	0.46127  	-0.4478  	-0.4848  	0.10713  	-0.3890  	-0.0682  	0.04771  	-0.0697  	-0.3971  	-0.0698  	-0.0028  	0.28576  	0.18708  	0.08097  	0.24201  	-0.0839  	0.41560  	0.00579  	-0.2619  	0.70691  	0.10898  	-0.0786  	-0.0534  	0.03203  	-0.0372  	-0.0366  	-0.0106  	0.04100  	0.00650  	0.01128  	-0.0093  	-0.0216  	-0.0338  	0.02368  	-0.0517  	-0.0190  	-0.0202  	-0.0061  	-0.0171  	0.04858  	0.02156  	-0.0104  	-0.0089  	0.00172  	0.04912  	-0.1213  	0.05918  	-0.0117  	-0.0426  	0.52299  	
-0.5183  	-0.3428  	0.03296  	-1.3944  	-1.0262  	-0.8834  	-0.1833  	-0.2618  	0.20294  	0.89224  	0.93561  	0.05350  	-0.2603  	-1.0555  	-0.1832  	0.74497  	-0.2503  	-0.2316  	0.22030  	0.80649  	0.46523  	-0.5578  	-0.4156  	0.15268  	-0.5990  	-0.0110  	-0.1369  	0.08327  	-0.3811  	-0.1195  	0.01574  	0.29019  	0.17773  	0.07153  	0.13939  	-0.0735  	0.34322  	-0.0026  	-0.2800  	0.73509  	0.06952  	-0.0651  	-0.0980  	0.03047  	-0.0193  	-0.0296  	0.00801  	-0.0096  	0.00210  	0.02107  	-0.0059  	-0.0113  	-0.0307  	0.02706  	-0.0546  	-0.0414  	-0.0021  	-0.0148  	0.00296  	0.05270  	0.01043  	-0.0171  	-0.0183  	0.00206  	0.05134  	-0.1205  	0.05863  	-0.0123  	-0.0435  	0.53389  	
-0.9724  	-0.4662  	-0.0866  	-1.6451  	-1.0636  	-1.1319  	-0.2142  	-0.2917  	0.20999  	0.90779  	1.05652  	-0.0253  	-0.3960  	-1.2875  	-0.4459  	0.68793  	-0.2651  	-0.1878  	0.23009  	0.80915  	0.43121  	-0.5578  	-0.3826  	0.09612  	-0.7230  	0.02758  	-0.3143  	0.13353  	-0.3465  	-0.2119  	-0.0102  	0.23278  	0.20167  	0.07902  	0.14739  	-0.0737  	0.33375  	-0.0486  	-0.2026  	0.70884  	0.06496  	-0.0290  	-0.1100  	-0.0205  	-0.0082  	-0.0108  	-0.0120  	0.00655  	-0.0289  	0.02279  	0.00602  	-0.0035  	-0.0369  	0.02628  	-0.0531  	-0.0281  	-0.0188  	-0.0123  	-0.0200  	0.05038  	0.00690  	-0.0019  	-0.0265  	0.00920  	0.05285  	-0.1186  	0.05925  	-0.0127  	-0.0447  	0.53932  	
-0.8995  	-0.3922  	-0.0831  	-1.8617  	-1.1315  	-1.1937  	-0.2130  	-0.2382  	0.19327  	0.99154  	1.14589  	-0.0579  	-0.3647  	-1.2215  	-0.5647  	0.62093  	-0.2917  	-0.2339  	0.24563  	0.71115  	0.45551  	-0.5748  	-0.2645  	0.10150  	-0.6468  	0.03425  	-0.1728  	0.06313  	-0.3173  	-0.1709  	-0.0017  	0.21390  	0.17839  	0.06844  	0.10903  	-0.1107  	0.33375  	-0.0140  	-0.1992  	0.71417  	0.10661  	-0.0479  	-0.1191  	0.02710  	-0.0099  	-0.0249  	-0.0131  	-0.0129  	-0.0346  	0.00882  	-0.0020  	-0.0084  	-0.0401  	0.01351  	-0.0605  	-0.0323  	-0.0161  	-0.0062  	-0.0178  	0.03896  	0.02345  	-0.0103  	-0.0197  	0.00423  	0.05342  	-0.1171  	0.06004  	-0.0131  	-0.0461  	0.54788  	
-0.6173  	-0.2897  	0.10437  	-1.8538  	-1.2407  	-1.0039  	-0.2673  	-0.1651  	0.19501  	0.91072  	0.95320  	-0.0944  	-0.2715  	-1.2651  	-0.4487  	0.60124  	-0.1039  	-0.3419  	0.34749  	0.40890  	0.48063  	-0.7747  	-0.5373  	0.09366  	-0.5785  	0.09359  	-0.1310  	0.00821  	-0.2114  	-0.1541  	0.14912  	0.19929  	0.04979  	-0.1181  	-0.0330  	-0.0776  	0.22924  	-0.0084  	-0.3120  	0.63106  	0.23171  	0.05565  	-0.1885  	0.09789  	-0.1011  	-0.0013  	-0.0332  	0.02716  	-0.0086  	-0.0257  	0.00082  	-0.0103  	-0.0368  	0.03133  	-0.0393  	-0.0371  	-0.0240  	-0.0213  	-0.0052  	0.04940  	0.02440  	-0.0108  	-0.0269  	0.00828  	0.05147  	-0.1153  	0.06110  	-0.0132  	-0.0461  	0.53904  	
-0.4773  	-0.1672  	0.23673  	-1.4801  	-1.1005  	-0.8678  	-0.3113  	-0.0855  	0.20950  	0.76148  	0.82158  	0.10048  	-0.2030  	-1.1987  	-0.1799  	0.64024  	-0.0623  	-0.4791  	0.36904  	0.33062  	0.53337  	-0.9630  	-0.8047  	0.11182  	-0.6999  	0.16841  	-0.1958  	0.02440  	-0.1298  	-0.1511  	0.22583  	0.15516  	0.00276  	-0.2314  	-0.0977  	-0.1225  	0.10150  	-0.0418  	-0.3938  	0.61101  	0.30340  	0.15059  	-0.2502  	0.15128  	-0.1358  	0.01564  	-0.0488  	0.05832  	-0.0348  	-0.0025  	0.02437  	-0.0061  	-0.0454  	0.05410  	-0.0515  	-0.0323  	-0.0223  	-0.0410  	-0.0168  	0.06443  	0.02667  	-0.0146  	-0.0512  	-0.0008  	0.04943  	-0.1153  	0.06194  	-0.0133  	-0.0453  	0.52966  	
-0.2778  	-0.1488  	0.29392  	-1.0919  	-0.8540  	-0.6597  	-0.2540  	-0.0605  	0.22984  	0.64119  	0.52076  	0.18774  	-0.1026  	-1.0288  	0.13900  	0.74354  	-0.0696  	-0.5678  	0.36495  	0.21383  	0.48308  	-0.9870  	-0.9271  	0.07617  	-0.7406  	0.22684  	-0.2070  	0.04806  	-0.1136  	-0.1194  	0.25662  	0.16265  	-0.0030  	-0.2617  	-0.0318  	-0.1419  	0.04194  	-0.0301  	-0.4072  	0.54577  	0.29141  	0.18897  	-0.2652  	0.20825  	-0.1485  	0.01506  	-0.0444  	0.07370  	-0.0260  	-0.0276  	0.00118  	-0.0098  	-0.0312  	0.05401  	-0.0366  	-0.0434  	-0.0154  	-0.0273  	-0.0108  	0.05589  	0.03021  	-0.0279  	-0.0388  	0.01292  	0.04669  	-0.1164  	0.06181  	-0.0133  	-0.0452  	0.52556  	
0.00565  	-0.0467  	0.46089  	-1.1108  	-0.8957  	-0.5358  	-0.2299  	-0.0009  	0.25276  	0.68853  	0.44552  	0.06196  	-0.0344  	-0.8241  	0.35345  	0.67132  	-0.0450  	-0.5928  	0.36106  	0.12340  	0.56553  	-0.8472  	-0.7656  	0.13644  	-0.6648  	0.16418  	-0.0188  	-0.1422  	-0.1823  	-0.1131  	0.19894  	0.21455  	0.03252  	-0.2335  	0.05647  	-0.1973  	0.20833  	0.00915  	-0.4195  	0.56711  	0.24533  	0.15609  	-0.2267  	0.19038  	-0.1443  	0.01036  	-0.0546  	0.08889  	-0.0115  	-0.0196  	0.00256  	-0.0019  	-0.0287  	0.03998  	-0.0353  	-0.0187  	-0.0261  	-0.0425  	-0.0076  	0.06507  	0.03234  	-0.0248  	-0.0548  	0.00428  	0.04481  	-0.1187  	0.06149  	-0.0131  	-0.0452  	0.50630  	
0.16938  	-0.0405  	0.47154  	-0.9535  	-0.8420  	-0.4021  	-0.1679  	-0.0390  	0.27460  	0.70284  	0.33121  	-0.1133  	-0.0082  	-0.7370  	0.30943  	0.71523  	-0.1156  	-0.5135  	0.33165  	0.22671  	0.45212  	-0.5697  	-0.5736  	0.12115  	-0.4676  	0.06291  	0.06626  	-0.1792  	-0.2270  	-0.0313  	0.11190  	0.23714  	0.06944  	-0.1056  	0.09251  	-0.1616  	0.28427  	0.00482  	-0.3281  	0.62366  	0.17746  	0.05541  	-0.1283  	0.11818  	-0.1224  	-0.0074  	-0.0409  	0.09974  	0.00885  	0.00036  	-0.0104  	-0.0034  	-0.0300  	0.04328  	-0.0401  	-0.0138  	-0.0349  	-0.0315  	-0.0180  	0.06150  	0.02015  	-0.0095  	-0.0350  	-0.0091  	0.04190  	-0.1206  	0.06142  	-0.0126  	-0.0449  	0.49198  	
-0.1446  	-0.1006  	0.18232  	-1.0709  	-0.8562  	-0.6619  	-0.2193  	-0.1393  	0.20463  	0.77445  	0.53042  	-0.1041  	-0.1488  	-0.7757  	0.23146  	0.80994  	-0.2119  	-0.3579  	0.27154  	0.54308  	0.48615  	-0.4302  	-0.3141  	0.20307  	-0.4735  	-0.0307  	0.15580  	-0.1478  	-0.3972  	-0.0280  	-0.0148  	0.31013  	0.14339  	0.06427  	0.26575  	-0.1144  	0.41551  	-0.0204  	-0.2857  	0.71177  	0.06196  	-0.0600  	-0.0618  	0.01771  	-0.0367  	-0.0215  	-0.0103  	0.04426  	-0.0040  	0.01028  	0.00220  	-0.0050  	-0.0428  	0.00735  	-0.0528  	-0.0201  	-0.0152  	-0.0066  	-0.0064  	0.03434  	0.01907  	-0.0042  	-0.0351  	-0.0063  	0.03930  	-0.1233  	0.06075  	-0.0124  	-0.0443  	0.49019  	
-0.3689  	-0.2658  	0.21470  	-1.5745  	-1.0978  	-0.6448  	-0.2477  	-0.2990  	0.21701  	0.78796  	0.84697  	-0.0919  	-0.3569  	-1.3285  	-0.3518  	0.97090  	-0.2410  	-0.2444  	0.32605  	0.68490  	0.46384  	-0.5377  	-0.3177  	0.05926  	-0.5758  	-0.0104  	-0.1157  	-0.0191  	-0.3685  	-0.1145  	-0.0285  	0.33424  	0.16583  	0.06599  	0.11931  	-0.0199  	0.43018  	0.04293  	-0.2464  	0.67417  	0.16279  	-0.0902  	-0.0233  	0.03482  	-0.0216  	-0.0227  	-0.0136  	0.01858  	-0.0270  	0.02011  	-0.0183  	-0.0123  	-0.0250  	0.02112  	-0.0474  	-0.0313  	-0.0234  	-0.0023  	-0.0063  	0.04861  	0.01709  	-0.0213  	0.00122  	0.00182  	0.03776  	-0.1258  	0.05957  	-0.0121  	-0.0448  	0.49199  	
-0.2173  	-0.2246  	0.30628  	-1.5020  	-1.0830  	-0.6312  	-0.2210  	-0.3156  	0.23007  	0.85969  	0.82950  	-0.0325  	-0.3766  	-1.3126  	-0.4113  	1.03255  	-0.2513  	-0.1962  	0.31279  	0.70236  	0.37329  	-0.5360  	-0.3391  	0.08298  	-0.5194  	-0.0329  	-0.1292  	0.11643  	-0.3271  	-0.1211  	-0.0351  	0.30458  	0.12696  	0.06314  	0.11973  	0.03593  	0.40537  	0.01937  	-0.2468  	0.71483  	0.15716  	-0.0897  	-0.0303  	0.04671  	-0.0370  	-0.0186  	-0.0027  	0.03050  	-0.0055  	0.00067  	0.01122  	-0.0103  	-0.0173  	0.01767  	-0.0426  	-0.0300  	-0.0116  	-0.0076  	-0.0076  	0.04870  	0.01740  	-0.0406  	-0.0053  	0.00299  	0.03798  	-0.1272  	0.05889  	-0.0123  	-0.0452  	0.49633  	
-0.2761  	-0.2460  	0.30841  	-1.4202  	-1.0508  	-0.7162  	-0.1499  	-0.2936  	0.23786  	0.91099  	0.81124  	-0.0220  	-0.3370  	-1.2903  	-0.4142  	0.99537  	-0.2774  	-0.1632  	0.26011  	0.77563  	0.26683  	-0.5415  	-0.4722  	0.00833  	-0.4944  	-0.0292  	-0.1742  	0.22188  	-0.2225  	-0.1205  	-0.0593  	0.30400  	0.12944  	0.06170  	0.08019  	0.07709  	0.30595  	0.00223  	-0.2070  	0.72728  	0.17288  	-0.0685  	-0.0175  	0.02996  	-0.0409  	-0.0308  	-0.0054  	0.03860  	0.00643  	-3.6953  	0.01363  	-0.0156  	-0.0265  	0.02161  	-0.0359  	-0.0288  	-0.0057  	-0.0092  	-0.0118  	0.04382  	0.01295  	-0.0288  	-0.0046  	0.00978  	0.03882  	-0.1261  	0.05903  	-0.0125  	-0.0451  	0.49536  	
-0.3632  	-0.2294  	0.27481  	-1.5155  	-1.1244  	-0.7131  	-0.1588  	-0.2999  	0.24019  	0.90476  	0.85354  	-0.0542  	-0.3617  	-1.2471  	-0.5011  	0.97849  	-0.2655  	-0.1515  	0.25555  	0.75783  	0.28897  	-0.5426  	-0.4367  	0.02623  	-0.4963  	-0.0122  	-0.1915  	0.17950  	-0.2510  	-0.1456  	-0.0270  	0.29698  	0.14711  	0.07175  	0.07229  	0.05594  	0.31936  	0.00013  	-0.2070  	0.72699  	0.16970  	-0.0829  	-0.0169  	0.03472  	-0.0340  	-0.0281  	-0.0063  	0.03471  	0.00258  	0.00422  	0.01190  	-0.0177  	-0.0251  	0.02304  	-0.0330  	-0.0315  	-0.0103  	-0.0029  	-0.0150  	0.04700  	0.01214  	-0.0237  	-0.0046  	0.01566  	0.03930  	-0.1243  	0.06036  	-0.0126  	-0.0443  	0.47958  	
-0.4316  	-0.2415  	0.23830  	-1.6080  	-1.1666  	-0.7344  	-0.1852  	-0.3129  	0.21376  	0.85802  	0.82164  	-0.1398  	-0.3654  	-1.2444  	-0.4325  	0.88484  	-0.2194  	-0.2075  	0.25255  	0.72803  	0.39586  	-0.5673  	-0.4030  	0.07296  	-0.4559  	-0.0255  	-0.1014  	0.07526  	-0.3315  	-0.1364  	-0.0154  	0.29750  	0.11797  	0.04509  	0.12094  	0.03166  	0.40142  	0.02111  	-0.2703  	0.68621  	0.16797  	-0.0722  	-0.0557  	0.02918  	-0.0339  	-0.0220  	-0.0089  	0.00986  	-0.0081  	0.00374  	0.01413  	-0.0115  	-0.0285  	0.02609  	-0.0405  	-0.0300  	-0.0103  	-0.0042  	-0.0139  	0.04159  	0.01294  	-0.0203  	0.00198  	0.00639  	0.03859  	-0.1222  	0.06164  	-0.0122  	-0.0441  	0.47766  	
-0.3024  	-0.2702  	0.18625  	-1.4721  	-1.0216  	-0.7142  	-0.2329  	-0.2753  	0.20648  	0.77435  	0.89461  	-0.0616  	-0.3718  	-1.2285  	-0.1299  	0.83662  	-0.2099  	-0.2996  	0.24993  	0.66246  	0.54520  	-0.5531  	-0.4083  	0.19159  	-0.5407  	-0.0111  	-0.0087  	-0.0448  	-0.4479  	-0.1233  	-0.0245  	0.33978  	0.13501  	0.04127  	0.24175  	-0.0812  	0.44351  	0.03401  	-0.3157  	0.70718  	0.10995  	-0.0850  	-0.0699  	0.01866  	-0.0242  	-0.0330  	-0.0055  	-0.0019  	-0.0079  	-0.0054  	0.00126  	-0.0109  	-0.0318  	0.01939  	-0.0551  	-0.0330  	-0.0270  	-0.0153  	-0.0156  	0.04906  	0.01710  	-0.0211  	-0.0123  	0.00181  	0.03581  	-0.1198  	0.06303  	-0.0114  	-0.0448  	0.48068  	
-0.0155  	-0.1068  	0.32770  	-1.0240  	-0.8437  	-0.5024  	-0.1303  	-0.1735  	0.24859  	0.75235  	0.43654  	0.04834  	-0.1381  	-0.8235  	0.19313  	0.84319  	-0.2377  	-0.2879  	0.21408  	0.71266  	0.36801  	-0.4819  	-0.4047  	0.09457  	-0.5796  	-0.0210  	-0.0850  	0.10373  	-0.2788  	-0.0827  	-0.0494  	0.28740  	0.17755  	0.07131  	0.17297  	-0.0504  	0.29365  	-0.0385  	-0.1739  	0.74201  	0.09976  	-0.0807  	-0.0069  	0.05254  	-0.0244  	-0.0304  	-0.0192  	0.05511  	0.00813  	-0.0068  	0.00502  	-0.0124  	-0.0324  	0.00562  	-0.0498  	-0.0158  	-0.0109  	-0.0167  	-0.0054  	0.04724  	0.01465  	-0.0218  	-0.0292  	0.01368  	0.03212  	-0.1162  	0.06491  	-0.0106  	-0.0437  	0.48503  	
0.09602  	-0.0572  	0.36622  	-0.8886  	-0.8183  	-0.5028  	-0.1633  	-0.1037  	0.29331  	0.71453  	0.45437  	0.06569  	-0.1179  	-0.7857  	0.23031  	0.89480  	-0.2415  	-0.3030  	0.22686  	0.64225  	0.41444  	-0.4092  	-0.3931  	0.01428  	-0.4320  	-0.0529  	-0.0482  	0.01397  	-0.3026  	-0.0287  	-0.0209  	0.28369  	0.18043  	0.08376  	0.22217  	-0.1032  	0.34973  	0.00230  	-0.2037  	0.69687  	0.10025  	-0.0679  	-0.0125  	0.04180  	-0.0537  	-0.0222  	-0.0251  	0.05979  	0.01865  	-0.0104  	-0.0014  	-0.0148  	-0.0282  	0.01588  	-0.0401  	-0.0007  	-0.0179  	-0.0098  	-0.0192  	0.04656  	0.02072  	-0.0141  	-0.0078  	-0.0030  	0.03008  	-0.1152  	0.06659  	-0.0099  	-0.0421  	0.48556  	
-0.1623  	-0.2073  	0.17916  	-0.9681  	-0.8149  	-0.6214  	-0.1631  	-0.2310  	0.25546  	0.80288  	0.56851  	0.05862  	-0.1770  	-0.9112  	0.16518  	0.86967  	-0.2413  	-0.2984  	0.27357  	0.64576  	0.39300  	-0.5106  	-0.3750  	0.06205  	-0.4840  	-0.0197  	-0.0735  	0.01537  	-0.3456  	-0.0668  	-0.0355  	0.30579  	0.16969  	0.07150  	0.19116  	-0.1307  	0.36963  	0.00171  	-0.2125  	0.73710  	0.09833  	-0.0675  	-0.0303  	0.04710  	-0.0304  	-0.0149  	-0.0230  	0.04582  	-0.0044  	0.00152  	-0.0197  	-0.0173  	-0.0329  	0.00479  	-0.0475  	-0.0176  	-0.0019  	-0.0078  	-0.0096  	0.04047  	0.01745  	-0.0182  	-0.0223  	0.00310  	0.02977  	-0.1179  	0.06829  	-0.0092  	-0.0407  	0.50798  	
-0.3268  	-0.2520  	0.13137  	-1.4871  	-1.0227  	-0.7288  	-0.1517  	-0.3096  	0.19269  	0.79901  	0.76804  	-0.0762  	-0.3119  	-1.2432  	-0.1615  	0.93189  	-0.2279  	-0.1791  	0.26443  	0.71358  	0.42667  	-0.5260  	-0.3775  	0.07918  	-0.5520  	-0.0233  	-0.1450  	0.04274  	-0.3517  	-0.1532  	-0.0374  	0.31244  	0.17485  	0.05856  	0.12036  	-0.0455  	0.38837  	0.03142  	-0.2559  	0.70164  	0.17459  	-0.0989  	-0.0477  	0.04269  	-0.0330  	-0.0083  	0.00315  	0.00983  	-0.0176  	0.02033  	0.00155  	-0.0130  	-0.0245  	0.01419  	-0.0463  	-0.0293  	-0.0144  	-0.0102  	-0.0034  	0.04829  	0.01697  	-0.0132  	-0.0176  	0.00015  	0.03167  	-0.1243  	0.06966  	-0.0084  	-0.0391  	0.51639  	
-0.2489  	-0.2547  	0.25138  	-1.3012  	-0.9685  	-0.7515  	-0.2057  	-0.3753  	0.18617  	0.90992  	0.79319  	0.00472  	-0.3559  	-1.4066  	-0.5067  	1.05641  	-0.2627  	-0.1661  	0.26254  	0.73607  	0.22486  	-0.5605  	-0.4843  	0.10610  	-0.4280  	-0.0387  	-0.0975  	0.19186  	-0.3040  	-0.0785  	-0.0647  	0.32045  	0.09165  	0.03821  	0.09032  	0.09854  	0.31928  	0.00266  	-0.2066  	0.73587  	0.14256  	-0.0687  	-0.0441  	0.03629  	-0.0330  	-0.0237  	-0.0107  	0.03741  	0.00749  	-0.0020  	0.00877  	-0.0078  	-0.0192  	0.01753  	-0.0381  	-0.0303  	-0.0070  	-0.0066  	-0.0084  	0.04814  	0.01204  	-0.0380  	0.00414  	0.00475  	0.03460  	-0.1324  	0.07134  	-0.0074  	-0.0375  	0.52555  	
-0.2465  	-0.2455  	0.24777  	-1.3273  	-0.9670  	-0.7289  	-0.1469  	-0.3241  	0.20750  	0.89818  	0.77594  	0.01399  	-0.3491  	-1.3435  	-0.4585  	1.06814  	-0.2793  	-0.1512  	0.26587  	0.76384  	0.20740  	-0.5019  	-0.5207  	0.03297  	-0.3747  	-0.0453  	-0.0910  	0.27322  	-0.2006  	-0.0496  	-0.0662  	0.32844  	0.10789  	0.07018  	0.06739  	0.12458  	0.28148  	0.01016  	-0.1871  	0.70700  	0.13024  	-0.0636  	-0.0204  	0.03351  	-0.0261  	-0.0304  	-0.0215  	0.04228  	0.01758  	-0.0105  	0.01781  	-0.0129  	-0.0167  	0.02256  	-0.0357  	-0.0284  	-0.0057  	-0.0055  	-0.0023  	0.04478  	0.01228  	-0.0378  	-0.0048  	0.00794  	0.03786  	-0.1410  	0.07148  	-0.0070  	-0.0366  	0.54011  	
-0.1309  	-0.1449  	0.30724  	-1.1555  	-0.9335  	-0.6192  	-0.1727  	-0.1886  	0.25309  	0.83370  	0.67044  	0.03884  	-0.2174  	-1.0686  	-0.2580  	0.96197  	-0.2793  	-0.2329  	0.26009  	0.74309  	0.31541  	-0.5013  	-0.4865  	0.04331  	-0.3871  	-0.0668  	-0.0548  	0.19578  	-0.2444  	-0.0197  	-0.0747  	0.31912  	0.13681  	0.06355  	0.15372  	0.00873  	0.33174  	-0.0032  	-0.1799  	0.66588  	0.13408  	-0.0659  	-0.0118  	0.00986  	-0.0313  	-0.0309  	-0.0155  	0.04065  	0.01364  	-0.0133  	0.01089  	-0.0156  	-0.0204  	0.02235  	-0.0432  	-0.0207  	-0.0103  	-0.0122  	0.00635  	0.04466  	0.01475  	-0.0225  	-0.0117  	0.00530  	0.04185  	-0.1469  	0.07209  	-0.0068  	-0.0367  	0.53535  	
-0.1637  	-0.1857  	0.20663  	-1.0801  	-0.8486  	-0.6422  	-0.1554  	-0.1296  	0.25001  	0.74641  	0.65688  	0.05049  	-0.1723  	-0.8817  	-0.1756  	0.94608  	-0.2726  	-0.2031  	0.24895  	0.72252  	0.35724  	-0.4665  	-0.5019  	0.12946  	-0.4020  	-0.0457  	-0.0401  	0.15133  	-0.2763  	-0.0371  	-0.0491  	0.26974  	0.15774  	0.08002  	0.17471  	-0.0531  	0.31301  	-0.0205  	-0.1772  	0.69490  	0.09892  	-0.0534  	-0.0380  	0.01092  	-0.0349  	-0.0366  	-0.0139  	0.03441  	0.01577  	0.00629  	0.00093  	-0.0221  	-0.0317  	0.01801  	-0.0479  	-0.0261  	-0.0068  	-0.0083  	0.00061  	0.05234  	0.01025  	-0.0249  	-0.0162  	0.01572  	0.04591  	-0.1495  	0.07279  	-0.0071  	-0.0378  	0.53346  	
-0.5177  	-0.2414  	0.02724  	-1.3812  	-0.9781  	-0.9178  	-0.1752  	-0.3009  	0.22335  	0.85418  	0.85231  	0.03790  	-0.2913  	-1.0771  	-0.2173  	0.79943  	-0.2845  	-0.2092  	0.20387  	0.78700  	0.40202  	-0.5221  	-0.4549  	0.14737  	-0.5162  	-0.0124  	-0.2073  	0.11807  	-0.3035  	-0.1321  	-0.0124  	0.25463  	0.18780  	0.09461  	0.17696  	-0.0536  	0.34796  	-0.0268  	-0.2131  	0.73257  	0.10339  	-0.0566  	-0.0903  	0.00051  	-0.0295  	-0.0237  	-0.0001  	0.02193  	-0.0047  	0.00483  	-0.0018  	-0.0137  	-0.0265  	0.02410  	-0.0597  	-0.0309  	-0.0046  	-0.0145  	-0.0141  	0.04965  	0.02048  	-0.0208  	-0.0175  	0.00996  	0.04840  	-0.1466  	0.07430  	-0.0074  	-0.0390  	0.51585  	
-0.6486  	-0.2699  	0.12999  	-1.7669  	-1.1596  	-0.8719  	-0.2445  	-0.3303  	0.20510  	0.88030  	0.87498  	-0.1401  	-0.3812  	-1.3070  	-0.4069  	0.73072  	-0.2087  	-0.2744  	0.28477  	0.62151  	0.49339  	-0.5569  	-0.3204  	0.12513  	-0.5312  	-0.0080  	-0.0033  	0.04369  	-0.3732  	-0.1410  	-0.0306  	0.29390  	0.12050  	0.05526  	0.11076  	0.00377  	0.37285  	-0.0096  	-0.2729  	0.73344  	0.12835  	-0.0765  	-0.0882  	0.00297  	-0.0162  	-0.0201  	-0.0010  	-0.0168  	-0.0265  	0.01842  	-0.0011  	-0.0122  	-0.0314  	0.03025  	-0.0474  	-0.0348  	-0.0107  	-0.0079  	-0.0024  	0.05194  	0.01572  	-0.0206  	-0.0099  	0.00748  	0.04679  	-0.1388  	0.07537  	-0.0082  	-0.0406  	0.50066  	
-0.2977  	-0.2023  	0.23187  	-1.4981  	-1.0618  	-0.7050  	-0.2356  	-0.2088  	0.25671  	0.80569  	0.77709  	-0.0226  	-0.2900  	-1.1458  	-0.2153  	0.85053  	-0.2346  	-0.2398  	0.28684  	0.64102  	0.46986  	-0.5656  	-0.3089  	0.17360  	-0.6360  	-5.7905  	-0.0375  	-0.0369  	-0.4379  	-0.1519  	0.00638  	0.32400  	0.19343  	0.03869  	0.16747  	-0.1096  	0.39126  	0.02112  	-0.2641  	0.69755  	0.17677  	-0.1059  	-0.0297  	0.03588  	-0.0357  	-0.0155  	-0.0021  	0.01943  	-0.0160  	0.01077  	-0.0057  	-0.0106  	-0.0325  	0.01433  	-0.0526  	-0.0322  	-0.0279  	-0.0095  	-0.0133  	0.04643  	0.02191  	-0.0099  	-0.0097  	-0.0022  	0.04044  	-0.1263  	0.07604  	-0.0081  	-0.0430  	0.48785  	
0.05549  	-0.0340  	0.49945  	-1.3767  	-1.0640  	-0.5283  	-0.1909  	-0.0942  	0.31110  	0.78182  	0.64627  	0.03799  	-0.2237  	-0.8908  	0.03758  	0.92794  	-0.2389  	-0.2368  	0.27053  	0.62072  	0.55224  	-0.4867  	-0.2497  	0.09980  	-0.6371  	-0.0160  	-0.0407  	-0.0871  	-0.4914  	-0.1150  	0.01522  	0.33452  	0.20016  	0.05920  	0.19675  	-0.1435  	0.47744  	0.04539  	-0.2816  	0.69705  	0.14732  	-0.0995  	0.00078  	0.06325  	-0.0465  	-0.0270  	-0.0048  	0.04202  	0.01083  	0.00077  	-0.0157  	-0.0104  	-0.0258  	0.02317  	-0.0446  	-0.0139  	-0.0200  	-0.0153  	-0.0198  	0.04785  	0.02350  	-0.0055  	-0.0183  	-0.0033  	0.03045  	-0.1097  	0.07635  	-0.0086  	-0.0458  	0.48313  	
0.14606  	-0.0557  	0.58561  	-1.4379  	-1.1403  	-0.4986  	-0.1652  	-0.0244  	0.32454  	0.73824  	0.92352  	0.09889  	-0.2993  	-1.0082  	-0.1922  	1.09737  	-0.2573  	-0.2731  	0.28492  	0.67953  	0.67437  	-0.5095  	-0.2651  	0.09155  	-0.5903  	-0.0238  	-0.1062  	-0.0806  	-0.5563  	-0.1787  	-0.0160  	0.31998  	0.19195  	0.06194  	0.18275  	-0.1371  	0.54980  	0.08448  	-0.2771  	0.60791  	0.13564  	-0.0863  	0.02544  	0.04514  	-0.0397  	-0.0231  	-0.0124  	0.05118  	0.01019  	0.00369  	-0.0127  	-0.0069  	-0.0168  	0.02439  	-0.0495  	-0.0159  	-0.0238  	-0.0146  	-0.0202  	0.04113  	0.01705  	-0.0134  	-0.0095  	-0.0013  	0.01864  	-0.0919  	0.07654  	-0.0093  	-0.0470  	0.49514  	
0.11824  	-0.1253  	0.53311  	-1.2530  	-1.0633  	-0.5070  	-0.1761  	-0.0692  	0.33108  	0.72404  	0.89541  	0.05134  	-0.3223  	-1.0225  	-0.0929  	1.12263  	-0.2072  	-0.3517  	0.26949  	0.62485  	0.72730  	-0.5627  	-0.3280  	0.20872  	-0.5082  	-0.0404  	0.04624  	-0.2171  	-0.6125  	-0.1355  	-0.0464  	0.36905  	0.17835  	0.06074  	0.28222  	-0.1353  	0.58031  	0.10834  	-0.2754  	0.63036  	0.07098  	-0.0777  	-0.0045  	0.03954  	-0.0525  	-0.0274  	-0.0244  	0.04978  	0.01047  	0.00214  	0.00162  	-0.0118  	-0.0163  	0.03308  	-0.0483  	-0.0068  	-0.0178  	-0.0100  	-0.0142  	0.05156  	0.01470  	-0.0194  	0.00571  	0.00892  	0.00513  	-0.0766  	0.07586  	-0.0102  	-0.0477  	0.50463  	
0.03133  	-0.1517  	0.42227  	-1.1309  	-0.9798  	-0.4632  	-0.1891  	-0.1656  	0.25968  	0.68946  	0.72568  	-0.0334  	-0.2802  	-1.0194  	-0.0604  	0.95772  	-0.2183  	-0.3172  	0.29270  	0.60052  	0.59326  	-0.4744  	-0.3225  	0.20590  	-0.5297  	-0.0607  	0.00086  	-0.1184  	-0.4806  	-0.1138  	-0.0500  	0.36566  	0.12608  	0.05990  	0.24892  	-0.1224  	0.52552  	0.07943  	-0.3037  	0.68917  	0.12485  	-0.0822  	-0.0181  	0.04687  	-0.0381  	-0.0253  	-0.0272  	0.03132  	0.01399  	-0.0062  	-0.0016  	-0.0142  	-0.0241  	0.01554  	-0.0464  	-0.0142  	-0.0191  	-0.0062  	-0.0144  	0.05454  	0.01549  	-0.0207  	-0.0088  	0.00376  	-0.0083  	-0.0660  	0.07590  	-0.0109  	-0.0475  	0.52750  	
-0.1142  	-0.1916  	0.36752  	-1.2365  	-0.9735  	-0.6211  	-0.1810  	-0.2895  	0.22238  	0.76724  	0.80632  	-0.0385  	-0.3391  	-1.1777  	-0.2044  	1.02318  	-0.2709  	-0.2283  	0.26967  	0.71617  	0.46565  	-0.4685  	-0.4241  	0.19699  	-0.4825  	-0.0593  	-0.0390  	0.03247  	-0.3713  	-0.1111  	-0.0705  	0.34331  	0.13366  	0.06669  	0.20427  	0.00764  	0.45028  	0.04142  	-0.2899  	0.69921  	0.10081  	-0.0643  	-0.0449  	0.03218  	-0.0241  	-0.0255  	-0.0173  	0.03096  	0.01013  	0.00069  	0.00765  	-0.0142  	-0.0196  	0.02392  	-0.0452  	-0.0200  	-0.0112  	-0.0110  	-0.0042  	0.04761  	0.01015  	-0.0212  	-0.0169  	0.00431  	-0.0212  	-0.0607  	0.07423  	-0.0115  	-0.0464  	0.53957  	
-0.1681  	-0.2211  	0.34064  	-1.3542  	-0.9791  	-0.6454  	-0.1639  	-0.3036  	0.20479  	0.90433  	0.81940  	-0.0701  	-0.3746  	-1.2898  	-0.3817  	1.08254  	-0.3040  	-0.1883  	0.27296  	0.75048  	0.32543  	-0.5117  	-0.4739  	0.10000  	-0.4131  	-0.0589  	-0.0631  	0.15638  	-0.2921  	-0.0998  	-0.0726  	0.32575  	0.11067  	0.06003  	0.14516  	0.08999  	0.37191  	0.02373  	-0.2226  	0.73288  	0.13838  	-0.0650  	-0.0366  	0.05015  	-0.0347  	-0.0234  	-0.0147  	0.03622  	0.00546  	-0.0044  	0.00866  	-0.0098  	-0.0203  	0.01794  	-0.0331  	-0.0258  	-0.0060  	-0.0103  	-0.0096  	0.04684  	0.01261  	-0.0388  	-0.0013  	0.00698  	-0.0313  	-0.0591  	0.07273  	-0.0112  	-0.0454  	0.54619  	
-0.1653  	-0.2677  	0.29756  	-1.3934  	-0.9812  	-0.6320  	-0.1506  	-0.3295  	0.20759  	0.88989  	0.79359  	-0.0555  	-0.3246  	-1.2714  	-0.4321  	1.06508  	-0.3126  	-0.1824  	0.24620  	0.76242  	0.28542  	-0.5349  	-0.5058  	0.08687  	-0.4371  	-0.0578  	-0.0964  	0.20280  	-0.2839  	-0.0989  	-0.0656  	0.34718  	0.12148  	0.07578  	0.14417  	0.10175  	0.34968  	0.01505  	-0.2297  	0.74986  	0.15235  	-0.0667  	-0.0260  	0.03645  	-0.0314  	-0.0247  	-0.0167  	0.02727  	0.00657  	-0.0046  	0.01187  	-0.0121  	-0.0219  	0.01887  	-0.0391  	-0.0268  	-0.0051  	-0.0072  	-0.0062  	0.04437  	0.01311  	-0.0339  	-0.0032  	0.00945  	-0.0403  	-0.0581  	0.07020  	-0.0111  	-0.0444  	0.53831  	
-0.2539  	-0.2313  	0.23970  	-1.4470  	-1.0350  	-0.6747  	-0.1744  	-0.3638  	0.19693  	0.84675  	0.77907  	-0.0417  	-0.3510  	-1.3174  	-0.4673  	0.98973  	-0.2685  	-0.1369  	0.24562  	0.80040  	0.25560  	-0.5363  	-0.5237  	0.00447  	-0.4837  	-0.0286  	-0.1858  	0.26083  	-0.2179  	-0.1245  	-0.0475  	0.32300  	0.13161  	0.08490  	0.09124  	0.07646  	0.28128  	0.00127  	-0.1877  	0.73696  	0.18808  	-0.0900  	-0.0166  	0.03822  	-0.0264  	-0.0319  	-0.0136  	0.02646  	0.00360  	-0.0056  	0.01458  	-0.0146  	-0.0194  	0.02115  	-0.0376  	-0.0262  	-0.0037  	-0.0075  	-0.0077  	0.04745  	0.01931  	-0.0312  	-0.0076  	0.01072  	-0.0462  	-0.0569  	0.06917  	-0.0103  	-0.0435  	0.51719  	
-0.4744  	-0.2589  	0.15482  	-1.5422  	-1.0819  	-0.8519  	-0.1758  	-0.2776  	0.20639  	0.87226  	0.82934  	-0.0231  	-0.3309  	-1.1863  	-0.4888  	0.90618  	-0.2338  	-0.1520  	0.24327  	0.75873  	0.24839  	-0.5100  	-0.4426  	0.06723  	-0.4268  	-0.0210  	-0.1308  	0.23017  	-0.2040  	-0.1028  	-0.0612  	0.27103  	0.14829  	0.06690  	0.05916  	0.06023  	0.31736  	-0.0237  	-0.1749  	0.67174  	0.17380  	-0.0770  	-0.0451  	-0.0143  	-0.0320  	-0.0338  	-0.0055  	0.04159  	0.02326  	-0.0118  	0.01688  	-0.0170  	-0.0217  	0.01933  	-0.0442  	-0.0270  	-0.0138  	-0.0163  	0.00290  	0.04506  	0.01474  	-0.0284  	-0.0068  	0.01461  	-0.0485  	-0.0560  	0.06683  	-0.0096  	-0.0441  	0.50752  	
-0.7645  	-0.3051  	0.00839  	-1.6828  	-1.0886  	-0.9944  	-0.1719  	-0.3305  	0.20600  	0.93440  	1.01167  	-0.0321  	-0.3179  	-1.1200  	-0.4800  	0.73617  	-0.2729  	-0.2437  	0.20410  	0.77953  	0.39979  	-0.5274  	-0.4023  	0.16807  	-0.5132  	0.00322  	-0.1674  	0.08291  	-0.3137  	-0.1582  	-0.0085  	0.24081  	0.19941  	0.07780  	0.10455  	-0.0400  	0.34660  	-0.0301  	-0.2233  	0.69673  	0.11947  	-0.0511  	-0.0877  	0.00148  	-0.0123  	-0.0380  	-0.0007  	0.00455  	0.00655  	0.00340  	0.00183  	-0.0141  	-0.0225  	0.02651  	-0.0504  	-0.0265  	-0.0236  	-0.0164  	0.00462  	0.04659  	0.02102  	-0.0117  	-0.0151  	0.00263  	-0.0484  	-0.0545  	0.06477  	-0.0089  	-0.0450  	0.51047  	
-0.9564  	-0.3825  	-0.0282  	-1.9966  	-1.2146  	-1.1213  	-0.2503  	-0.3598  	0.17029  	0.90245  	1.12506  	-0.1752  	-0.3859  	-1.3269  	-0.4835  	0.62219  	-0.1991  	-0.2736  	0.24974  	0.65887  	0.51036  	-0.6038  	-0.2872  	0.19550  	-0.6265  	0.04235  	-0.1306  	-0.0079  	-0.4275  	-0.1856  	0.00099  	0.26232  	0.16884  	0.08065  	0.10053  	-0.1008  	0.34528  	-0.0214  	-0.2355  	0.69131  	0.12083  	-0.0578  	-0.1083  	0.01678  	-0.0153  	-0.0279  	-0.0045  	-0.0246  	-0.0218  	0.00523  	0.00029  	-0.0122  	-0.0385  	0.02207  	-0.0617  	-0.0367  	-0.0161  	-0.0044  	-0.0165  	0.04089  	0.02559  	-0.0057  	-0.0182  	0.00050  	-0.0494  	-0.0508  	0.06166  	-0.0089  	-0.0462  	0.51017  	
-0.7178  	-0.3078  	0.07139  	-1.9638  	-1.2440  	-1.1251  	-0.1940  	-0.3647  	0.18637  	0.89953  	1.01832  	-0.2080  	-0.3527  	-1.2858  	-0.5144  	0.66471  	-0.1831  	-0.2173  	0.26642  	0.59785  	0.41507  	-0.5524  	-0.2601  	0.12284  	-0.5633  	0.00440  	-0.0726  	-0.0004  	-0.3634  	-0.1552  	0.01469  	0.26455  	0.15491  	0.05267  	0.04137  	-0.0126  	0.37757  	0.00396  	-0.2564  	0.68330  	0.19307  	-0.0696  	-0.0638  	0.02584  	-0.0214  	-0.0276  	-0.0082  	0.01696  	-0.0113  	-0.0078  	-0.0138  	-0.0106  	-0.0334  	0.02391  	-0.0396  	-0.0387  	-0.0186  	-0.0040  	0.00384  	0.04673  	0.01917  	-0.0084  	-0.0135  	0.00662  	-0.0501  	-0.0463  	0.05981  	-0.0084  	-0.0469  	0.48359  	
-0.3705  	-0.2792  	0.20320  	-1.5465  	-1.1362  	-0.7777  	-0.2072  	-0.2623  	0.22514  	0.81600  	0.78913  	-0.0787  	-0.3788  	-1.3990  	-0.5200  	1.00232  	-0.2283  	-0.1417  	0.27936  	0.75470  	0.27649  	-0.5679  	-0.3640  	0.02643  	-0.5143  	-0.0069  	-0.1785  	0.20321  	-0.2774  	-0.1158  	-0.0253  	0.28595  	0.12542  	0.04757  	0.02136  	0.03033  	0.28651  	-0.0027  	-0.1788  	0.71996  	0.17393  	-0.0989  	-0.0115  	0.04191  	-0.0322  	-0.0239  	-0.0074  	0.02826  	0.00332  	0.00680  	0.01556  	-0.0102  	-0.0226  	0.02453  	-0.0336  	-0.0298  	-0.0078  	-0.0023  	-0.0080  	0.03996  	0.01170  	-0.0107  	-0.0059  	0.01383  	-0.0515  	-0.0405  	0.05669  	-0.0088  	-0.0478  	0.48237  	
-0.2484  	-0.2063  	0.34632  	-1.2621  	-0.9363  	-0.7821  	-0.2075  	-0.2508  	0.18678  	0.90915  	0.81917  	0.03715  	-0.3190  	-1.3871  	-0.3451  	1.01299  	-0.1900  	-0.3222  	0.33929  	0.54767  	0.25918  	-0.7528  	-0.7732  	0.03565  	-0.4636  	0.06615  	-0.1519  	0.19868  	-0.0953  	-0.1059  	0.05072  	0.25838  	0.02095  	-0.1013  	-0.0036  	0.09243  	0.16816  	0.00985  	-0.2813  	0.63986  	0.22125  	0.06599  	-0.1246  	0.12320  	-0.0979  	-0.0148  	-0.0381  	0.07587  	-0.0003  	-0.0208  	0.01965  	-0.0092  	-0.0202  	0.03588  	-0.0262  	-0.0299  	-0.0103  	-0.0223  	-0.0053  	0.05746  	0.01782  	-0.0313  	-0.0164  	0.00876  	-0.0536  	-0.0354  	0.05422  	-0.0090  	-0.0482  	0.48237  	
-0.3281  	-0.2408  	0.28962  	-1.3408  	-0.9415  	-0.7768  	-0.2147  	-0.2808  	0.14857  	0.87106  	0.78335  	-0.0018  	-0.2620  	-1.4801  	-0.3504  	0.94055  	-0.1145  	-0.4479  	0.38657  	0.25599  	0.32108  	-0.9396  	-0.9603  	0.02986  	-0.5018  	0.14558  	-0.1220  	0.12267  	-0.0286  	-0.0888  	0.14642  	0.24258  	-0.0864  	-0.2163  	-0.0673  	0.08641  	0.11403  	0.00831  	-0.3956  	0.57508  	0.29154  	0.16534  	-0.2323  	0.19532  	-0.1369  	0.00794  	-0.0642  	0.06814  	-0.0171  	-0.0328  	0.03480  	-0.0018  	-0.0154  	0.05967  	-0.0253  	-0.0284  	-0.0145  	-0.0304  	0.00085  	0.06607  	0.02010  	-0.0429  	-0.0340  	0.00547  	-0.0590  	-0.0295  	0.05065  	-0.0098  	-0.0480  	0.48567  	
-0.4585  	-0.2577  	0.18937  	-1.4263  	-1.0463  	-0.7938  	-0.2633  	-0.2707  	0.12328  	0.77867  	0.74690  	-0.0515  	-0.2880  	-1.4592  	-0.3299  	0.82896  	-0.0477  	-0.4923  	0.38376  	0.20851  	0.36243  	-1.0313  	-0.9612  	0.07374  	-0.5296  	0.17070  	-0.1621  	0.08707  	-0.0559  	-0.1278  	0.17638  	0.23282  	-0.1056  	-0.2671  	-0.0865  	0.03596  	0.10845  	0.00763  	-0.4304  	0.56114  	0.31825  	0.16875  	-0.2627  	0.20764  	-0.1606  	0.01567  	-0.0709  	0.05888  	-0.0433  	-0.0273  	0.02929  	0.00161  	-0.0273  	0.05904  	-0.0255  	-0.0293  	-0.0103  	-0.0316  	0.00017  	0.06201  	0.01820  	-0.0402  	-0.0414  	0.01073  	-0.0653  	-0.0248  	0.04751  	-0.0103  	-0.0471  	0.47992  	
-0.5718  	-0.2906  	0.12921  	-1.5445  	-1.1218  	-0.8874  	-0.2682  	-0.2601  	0.12177  	0.76900  	0.85296  	-0.0826  	-0.3017  	-1.4906  	-0.3157  	0.74348  	-0.0916  	-0.4296  	0.37621  	0.27713  	0.42770  	-0.9738  	-0.8437  	0.02108  	-0.6157  	0.18118  	-0.2335  	0.09882  	-0.0792  	-0.1746  	0.19922  	0.20634  	-0.0572  	-0.2126  	-0.0912  	0.00738  	0.13356  	-0.0076  	-0.4241  	0.52543  	0.32804  	0.14556  	-0.2558  	0.18630  	-0.1363  	0.01206  	-0.0540  	0.04086  	-0.0475  	-0.0226  	0.01869  	-0.0034  	-0.0151  	0.04535  	-0.0311  	-0.0358  	-0.0087  	-0.0195  	0.00071  	0.05447  	0.02131  	-0.0303  	-0.0436  	0.01246  	-0.0732  	-0.0204  	0.04261  	-0.0109  	-0.0460  	0.48419  	
-0.6478  	-0.2749  	0.10178  	-1.6930  	-1.1748  	-0.9221  	-0.2519  	-0.3389  	0.15777  	0.84589  	0.89141  	-0.1117  	-0.3695  	-1.5200  	-0.4281  	0.76094  	-0.1672  	-0.3176  	0.33512  	0.44946  	0.37186  	-0.8024  	-0.5545  	-0.0383  	-0.6376  	0.11264  	-0.2577  	0.13091  	-0.1354  	-0.1570  	0.12332  	0.23905  	0.02967  	-0.0805  	-0.0817  	0.00423  	0.21972  	0.00046  	-0.3209  	0.59094  	0.30108  	0.03993  	-0.1479  	0.13396  	-0.0930  	-0.0045  	-0.0302  	0.02310  	-0.0335  	-0.0143  	0.00692  	-0.0037  	-0.0204  	0.03362  	-0.0388  	-0.0354  	-0.0157  	-0.0162  	-0.0017  	0.04567  	0.02295  	-0.0259  	-0.0273  	0.01368  	-0.0818  	-0.0177  	0.03825  	-0.0109  	-0.0444  	0.49318  	
-0.6567  	-0.2589  	0.11954  	-1.7271  	-1.2281  	-0.8807  	-0.2256  	-0.3363  	0.21774  	0.86730  	0.83181  	-0.0952  	-0.3891  	-1.3709  	-0.4524  	0.79187  	-0.2350  	-0.1826  	0.28143  	0.64792  	0.27358  	-0.5060  	-0.2326  	-0.0124  	-0.5807  	0.01949  	-0.2419  	0.18550  	-0.2188  	-0.1330  	-0.0031  	0.27437  	0.12766  	0.07173  	-0.0472  	-0.0105  	0.30418  	0.01258  	-0.1969  	0.69081  	0.24984  	-0.0920  	-0.0084  	0.05992  	-0.0415  	-0.0281  	-0.0056  	0.02651  	-0.0025  	2.77552  	-0.0070  	-0.0110  	-0.0299  	0.02436  	-0.0433  	-0.0401  	-0.0102  	-0.0071  	-0.0022  	0.04007  	0.01953  	-0.0197  	-0.0095  	0.01304  	-0.0925  	-0.0153  	0.03385  	-0.0108  	-0.0425  	0.48830  	
-0.4988  	-0.2158  	0.14412  	-1.5929  	-1.1347  	-0.7974  	-0.2145  	-0.2912  	0.23131  	0.82276  	0.76512  	-0.0179  	-0.3352  	-1.2341  	-0.3425  	0.81985  	-0.2167  	-0.2071  	0.24631  	0.66630  	0.30662  	-0.4952  	-0.2417  	-0.0061  	-0.6097  	0.03167  	-0.2656  	0.19800  	-0.2482  	-0.1538  	0.01820  	0.26147  	0.16235  	0.08746  	-0.0168  	-0.0344  	0.31222  	0.01394  	-0.2005  	0.68054  	0.23529  	-0.0988  	0.00088  	0.05524  	-0.0501  	-0.0223  	-0.0093  	0.02166  	-0.0191  	0.00578  	-0.0177  	-0.0139  	-0.0303  	0.02217  	-0.0445  	-0.0384  	-0.0161  	-0.0084  	-0.0067  	0.03532  	0.01846  	-0.0123  	-0.0065  	0.01253  	-0.1031  	-0.0154  	0.03099  	-0.0097  	-0.0409  	0.49764  	
-0.1935  	-0.1197  	0.31892  	-1.3733  	-1.0669  	-0.6380  	-0.1709  	-0.1604  	0.28870  	0.77155  	0.75567  	0.01606  	-0.2367  	-1.0031  	-0.1235  	0.89313  	-0.2347  	-0.2207  	0.25299  	0.68910  	0.45594  	-0.4958  	-0.3104  	0.02641  	-0.6183  	0.00540  	-0.2218  	0.05963  	-0.3391  	-0.1594  	0.01603  	0.27352  	0.20160  	0.07001  	0.11328  	-0.1172  	0.35180  	0.03312  	-0.2436  	0.67229  	0.18617  	-0.1088  	-0.0126  	0.03186  	-0.0449  	-0.0219  	-0.0019  	0.02638  	-0.0062  	0.01227  	-0.0055  	-0.0121  	-0.0207  	0.01350  	-0.0454  	-0.0327  	-0.0221  	-0.0112  	-0.0157  	0.03167  	0.02281  	-0.0036  	-0.0065  	0.00607  	-0.1283  	-0.0146  	0.02586  	-0.0099  	-0.0392  	0.52429  	
-0.0060  	-0.0993  	0.42554  	-1.2948  	-1.0634  	-0.5415  	-0.1574  	-0.0992  	0.31387  	0.74286  	0.81791  	0.00807  	-0.2579  	-0.9349  	-0.0320  	0.93437  	-0.2377  	-0.2595  	0.23799  	0.64923  	0.59741  	-0.4846  	-0.3111  	0.09280  	-0.6065  	-0.0126  	-0.1174  	-0.0839  	-0.4425  	-0.1520  	-0.0171  	0.31617  	0.19453  	0.06247  	0.19423  	-0.1325  	0.44966  	0.06173  	-0.2804  	0.64738  	0.17227  	-0.1015  	-0.0157  	0.03633  	-0.0339  	-0.0292  	-0.0073  	0.03606  	0.00475  	0.00879  	-0.0123  	-0.0122  	-0.0204  	0.02090  	-0.0464  	-0.0199  	-0.0225  	-0.0107  	-0.0154  	0.03777  	0.02158  	-0.0096  	-0.0111  	0.00135  	-0.1388  	-0.0211  	0.02463  	-0.0098  	-0.0372  	0.54572  	
0.10533  	-0.0624  	0.51919  	-1.2484  	-1.0941  	-0.4127  	-0.1691  	-0.0290  	0.33911  	0.66215  	0.80407  	-0.0224  	-0.2319  	-0.8504  	0.07738  	0.98800  	-0.2188  	-0.3514  	0.25548  	0.56257  	0.74797  	-0.4604  	-0.2527  	0.20079  	-0.5596  	-0.0499  	0.03762  	-0.2244  	-0.5718  	-0.1473  	-0.0357  	0.34493  	0.18159  	0.06581  	0.26744  	-0.1883  	0.57263  	0.08836  	-0.3054  	0.62007  	0.09484  	-0.0774  	-0.0330  	0.02072  	-0.0438  	-0.0227  	-0.0161  	0.04462  	0.00830  	0.00670  	-0.0134  	-0.0089  	-0.0211  	0.02931  	-0.0488  	-0.0101  	-0.0279  	-0.0080  	-0.0134  	0.05073  	0.02465  	-0.0131  	-0.0047  	0.00415  	-0.1361  	-0.0318  	0.02634  	-0.0098  	-0.0349  	0.54293  	
0.08377  	-0.0574  	0.51273  	-1.2574  	-1.1208  	-0.4211  	-0.1626  	-0.0108  	0.34946  	0.64443  	0.84007  	-0.0011  	-0.2429  	-0.8528  	0.06136  	0.99568  	-0.2198  	-0.3393  	0.26293  	0.56408  	0.75298  	-0.4799  	-0.2522  	0.18824  	-0.5879  	-0.0502  	0.02325  	-0.2167  	-0.5851  	-0.1566  	-0.0402  	0.34866  	0.19099  	0.06553  	0.26587  	-0.1941  	0.58750  	0.10278  	-0.3079  	0.61790  	0.10416  	-0.0824  	-0.0312  	0.03039  	-0.0415  	-0.0222  	-0.0136  	0.04352  	0.00315  	0.00794  	-0.0158  	-0.0086  	-0.0193  	0.03182  	-0.0491  	-0.0125  	-0.0291  	-0.0078  	-0.0178  	0.05139  	0.02631  	-0.0131  	-0.0066  	0.00568  	-0.1217  	-0.0449  	0.03163  	-0.0095  	-0.0328  	0.53261  	
0.08260  	-0.0618  	0.47657  	-1.2904  	-1.1208  	-0.4690  	-0.1680  	-0.0291  	0.36607  	0.64295  	0.87414  	0.01021  	-0.2595  	-0.8922  	0.03704  	0.98488  	-0.2083  	-0.3345  	0.23865  	0.56942  	0.72206  	-0.4903  	-0.2329  	0.18287  	-0.6253  	-0.0342  	0.00683  	-0.1850  	-0.5991  	-0.1544  	-0.0251  	0.34149  	0.19877  	0.06129  	0.27339  	-0.2078  	0.58932  	0.10648  	-0.3186  	0.61009  	0.10201  	-0.0860  	-0.0264  	0.02556  	-0.0462  	-0.0236  	-0.0113  	0.03142  	0.00095  	0.00599  	-0.0161  	-0.0066  	-0.0220  	0.02915  	-0.0466  	-0.0131  	-0.0267  	-0.0083  	-0.0144  	0.04985  	0.02432  	-0.0110  	-0.0112  	0.00781  	-0.0982  	-0.0596  	0.03829  	-0.0091  	-0.0315  	0.52305  	
0.08238  	-0.0630  	0.47606  	-1.2900  	-1.1198  	-0.4685  	-0.1676  	-0.0293  	0.36528  	0.64348  	0.87379  	0.00940  	-0.2600  	-0.8937  	0.03775  	0.98425  	-0.2070  	-0.3343  	0.23830  	0.57051  	0.72110  	-0.4917  	-0.2321  	0.18375  	-0.6246  	-0.0344  	0.00799  	-0.1843  	-0.5988  	-0.1541  	-0.0259  	0.34167  	0.19784  	0.06099  	0.27355  	-0.2077  	0.58870  	0.10688  	-0.3185  	0.60987  	0.10060  	-0.0859  	-0.0266  	0.02567  	-0.0464  	-0.0235  	-0.0115  	0.03147  	0.00091  	0.00572  	-0.0158  	-0.0065  	-0.0221  	0.02891  	-0.0465  	-0.0131  	-0.0264  	-0.0084  	-0.0145  	0.04950  	0.02429  	-0.0111  	-0.0112  	0.00787  	-0.0690  	-0.0747  	0.04656  	-0.0085  	-0.0305  	0.51036  	
0.08238  	-0.0630  	0.47606  	-1.2900  	-1.1198  	-0.4685  	-0.1676  	-0.0293  	0.36528  	0.64348  	0.87379  	0.00940  	-0.2600  	-0.8937  	0.03775  	0.98425  	-0.2070  	-0.3343  	0.23830  	0.57051  	0.72110  	-0.4917  	-0.2321  	0.18375  	-0.6246  	-0.0344  	0.00799  	-0.1843  	-0.5988  	-0.1541  	-0.0259  	0.34167  	0.19784  	0.06099  	0.27355  	-0.2077  	0.58870  	0.10688  	-0.3185  	0.60987  	0.10060  	-0.0859  	-0.0266  	0.02567  	-0.0464  	-0.0235  	-0.0115  	0.03147  	0.00091  	0.00572  	-0.0158  	-0.0065  	-0.0221  	0.02891  	-0.0465  	-0.0131  	-0.0264  	-0.0084  	-0.0145  	0.04950  	0.02429  	-0.0111  	-0.0112  	0.00787  	-0.0381  	-0.0879  	0.05436  	-0.0084  	-0.0300  	0.49958  	
0.08238  	-0.0630  	0.47606  	-1.2900  	-1.1198  	-0.4685  	-0.1676  	-0.0293  	0.36528  	0.64348  	0.87379  	0.00940  	-0.2600  	-0.8937  	0.03775  	0.98425  	-0.2070  	-0.3343  	0.23830  	0.57051  	0.72110  	-0.4917  	-0.2321  	0.18375  	-0.6246  	-0.0344  	0.00799  	-0.1843  	-0.5988  	-0.1541  	-0.0259  	0.34167  	0.19784  	0.06099  	0.27355  	-0.2077  	0.58870  	0.10688  	-0.3185  	0.60987  	0.10060  	-0.0859  	-0.0266  	0.02567  	-0.0464  	-0.0235  	-0.0115  	0.03147  	0.00091  	0.00572  	-0.0158  	-0.0065  	-0.0221  	0.02891  	-0.0465  	-0.0131  	-0.0264  	-0.0084  	-0.0145  	0.04950  	0.02429  	-0.0111  	-0.0112  	0.00787  	-0.0072  	-0.0988  	0.06213  	-0.0082  	-0.0301  	0.47894  	
0.08561  	-0.0692  	0.43050  	-1.0174  	-0.8687  	-0.4317  	-0.1150  	-0.1168  	0.29694  	0.70894  	0.51161  	-0.0487  	-0.1057  	-0.7179  	0.13043  	0.86912  	-0.2270  	-0.2991  	0.21431  	0.63374  	0.42644  	-0.4509  	-0.4288  	0.11786  	-0.4125  	-0.0694  	-0.0220  	0.06287  	-0.2997  	-0.0335  	-0.0629  	0.28725  	0.18143  	0.06930  	0.18643  	-0.0969  	0.34447  	-0.0174  	-0.2041  	0.70868  	0.09602  	-0.0482  	-0.0312  	0.02855  	-0.0360  	-0.0166  	-0.0202  	0.05834  	0.01675  	0.00210  	0.01118  	-0.0119  	-0.0252  	0.01573  	-0.0516  	-0.0098  	-0.0155  	-0.0109  	-0.0122  	0.04581  	0.01824  	-0.0166  	-0.0116  	-0.0009  	0.02024  	-0.1067  	0.06814  	-0.0083  	-0.0311  	0.47875  	
0.04607  	-0.0817  	0.19514  	-0.6524  	-0.6391  	-0.5161  	-0.1017  	-0.1659  	0.26449  	0.74446  	0.25142  	-0.0045  	-0.0269  	-0.5764  	0.41117  	0.68924  	-0.2545  	-0.3108  	0.17642  	0.63643  	0.22297  	-0.3801  	-0.4735  	0.07054  	-0.3425  	-0.0682  	0.00892  	0.15578  	-0.0962  	0.04813  	-0.0876  	0.25007  	0.17010  	0.08115  	0.18541  	-0.0726  	0.21729  	-0.0628  	-0.1433  	0.76326  	0.03562  	-0.0226  	-0.0523  	0.02001  	-0.0200  	-0.0201  	-0.0158  	0.05010  	0.01823  	-0.0054  	0.00693  	-0.0139  	-0.0249  	0.01616  	-0.0484  	-0.0130  	-0.0117  	-0.0142  	-0.0012  	0.05745  	0.01675  	-0.0136  	-0.0149  	0.00616  	0.04060  	-0.1124  	0.07272  	-0.0083  	-0.0317  	0.46981  	
-0.0476  	-0.1459  	0.17015  	-0.6957  	-0.5857  	-0.6116  	-0.1477  	-0.1903  	0.26388  	0.73547  	0.34436  	0.00291  	-0.0756  	-0.6632  	0.39048  	0.74655  	-0.2587  	-0.3159  	0.21960  	0.6238  	0.29483  	-0.3921  	-0.4226  	0.12702  	-0.3870  	-0.0352  	0.03863  	0.08238  	-0.2265  	0.01072  	-0.0261  	0.27945  	0.16837  	0.08151  	0.25697  	-0.1118  	0.28201  	-0.0470  	-0.2122  	0.74443  	0.01947  	-0.0235  	-0.0548  	0.03014  	-0.0403  	-0.0248  	-0.0081  	0.04582  	0.01748  	0.00155  	0.00122  	-0.0175  	-0.0351  	0.01476  	-0.0454  	-0.0073  	-0.0080  	-0.0152  	0.00094  	0.04239  	0.01669  	-0.0100  	-0.0365  	-0.0050  	0.05217  	-0.1161  	0.07454  	-0.0079  	-0.0326  	0.46129  	
-0.2028  	-0.2044  	0.21343  	-1.1857  	-0.8540  	-0.6396  	-0.1552  	-0.2321  	0.24057  	0.71835  	0.59033  	0.06656  	-0.2630  	-1.1244  	0.03784  	0.93354  	-0.2551  	-0.2539  	0.26087  	0.70807  	0.44030  	-0.4962  	-0.3814  	0.10961  	-0.5642  	-0.0163  	-0.0779  	0.07355  	-0.3714  	-0.1127  	-0.0189  	0.33657  	0.16606  	0.07465  	0.16185  	-0.1028  	0.39903  	0.01769  	-0.2594  	0.69717  	0.12262  	-0.0537  	-0.0356  	0.04059  	-0.0425  	-0.0337  	-0.0128  	0.02827  	0.02395  	-0.0066  	-0.0055  	-0.0185  	-0.0348  	0.01312  	-0.0428  	-0.0048  	-0.0045  	-0.0089  	0.00521  	0.04507  	0.01466  	-0.0169  	-0.0122  	0.00140  	0.05179  	-0.1172  	0.07346  	-0.0079  	-0.0338  	0.46923  	
-0.1569  	-0.2350  	0.30121  	-1.4450  	-1.0509  	-0.5962  	-0.1906  	-0.2642  	0.25867  	0.74757  	0.80280  	-0.0298  	-0.3340  	-1.2349  	-0.2667  	0.98563  	-0.2635  	-0.2293  	0.28989  	0.68358  	0.41206  	-0.5187  	-0.3608  	0.10664  	-0.5436  	-0.0362  	-0.0887  	0.05007  	-0.3969  	-0.1238  	-0.0415  	0.32676  	0.15359  	0.07583  	0.15681  	-0.0298  	0.40994  	0.05336  	-0.2579  	0.67954  	0.17199  	-0.0787  	-0.0298  	0.02251  	-0.0519  	-0.0291  	-0.0182  	0.03589  	-0.0010  	0.00212  	-0.0120  	-0.0072  	-0.0276  	0.02461  	-0.0438  	-0.0281  	-0.0186  	-0.0087  	-0.0041  	0.03684  	0.01874  	-0.0341  	-0.0055  	0.00137  	0.03718  	-0.1151  	0.06953  	-0.0091  	-0.0348  	0.47222  	
-0.3066  	-0.2104  	0.20348  	-1.4286  	-0.9892  	-0.7089  	-0.1747  	-0.2695  	0.26233  	0.82726  	0.77653  	-0.0376  	-0.3195  	-1.1629  	-0.3862  	0.94670  	-0.2581  	-0.1738  	0.26456  	0.76239  	0.29949  	-0.5567  	-0.4682  	0.04237  	-0.4575  	-0.0235  	-0.1744  	0.21796  	-0.2178  	-0.0932  	-0.0553  	0.28176  	0.16682  	0.08660  	0.10360  	0.02712  	0.30695  	-0.0029  	-0.1925  	0.73078  	0.18699  	-0.0932  	-0.0114  	0.03791  	-0.0275  	-0.0300  	-0.0085  	0.02726  	-0.0040  	-0.0061  	0.00837  	-0.0156  	-0.0253  	0.01574  	-0.0457  	-0.0233  	-0.0102  	-0.0082  	-0.0061  	0.05087  	0.01664  	-0.0299  	-0.0094  	0.00899  	0.03684  	-0.1170  	0.06758  	-0.0097  	-0.0358  	0.47299  	
-0.6346  	-0.3282  	-0.0420  	-1.3792  	-0.8802  	-0.8830  	-0.1346  	-0.2683  	0.21834  	0.83131  	0.86335  	0.05627  	-0.2699  	-1.1095  	-0.3314  	0.83803  	-0.3073  	-0.1651  	0.21330  	0.80711  	0.27784  	-0.5770  	-0.5014  	0.05005  	-0.5608  	0.00019  	-0.2602  	0.31197  	-0.1883  	-0.1195  	-0.0209  	0.24555  	0.18862  	0.09270  	0.12060  	-0.0200  	0.20184  	-0.0445  	-0.1911  	0.71828  	0.11910  	-0.0537  	-0.0670  	-0.0049  	-0.0250  	-0.0311  	-0.0084  	0.01933  	0.00520  	-0.0125  	0.01170  	-0.0144  	-0.0395  	0.01621  	-0.0431  	-0.0315  	-0.0021  	-0.0041  	-0.0066  	0.04884  	0.02156  	-0.0206  	-0.0004  	0.01289  	0.03820  	-0.1188  	0.06546  	-0.0106  	-0.0368  	0.48022  	
-0.7847  	-0.3907  	-0.1454  	-1.4503  	-0.9259  	-1.0304  	-0.1185  	-0.2951  	0.23099  	0.91035  	0.95623  	0.07138  	-0.2566  	-1.1529  	-0.3662  	0.71940  	-0.3389  	-0.1428  	0.18105  	0.87793  	0.27754  	-0.5469  	-0.4579  	0.04536  	-0.6469  	0.02111  	-0.3246  	0.38396  	-0.2118  	-0.1575  	-0.0009  	0.20199  	0.23626  	0.10028  	0.11006  	-0.0555  	0.18124  	-0.0760  	-0.1835  	0.71214  	0.12273  	-0.0423  	-0.1109  	-0.0181  	-0.0090  	-0.0358  	-0.0076  	0.01586  	0.00715  	0.00315  	-0.0020  	-0.0081  	-0.0286  	0.02004  	-0.0492  	-0.0263  	-0.0140  	-0.0094  	-0.0045  	0.04082  	0.01947  	-0.0155  	-0.0260  	0.00264  	0.03969  	-0.1197  	0.06352  	-0.0114  	-0.0384  	0.49801  	
-0.7679  	-0.3705  	-0.1593  	-1.3699  	-0.8756  	-1.0583  	-0.1313  	-0.2633  	0.21647  	0.95948  	0.96507  	0.14703  	-0.2326  	-1.1114  	-0.3855  	0.73033  	-0.3900  	-0.1496  	0.17493  	0.89056  	0.28053  	-0.5229  	-0.4804  	0.04605  	-0.6352  	0.03721  	-0.3635  	0.42741  	-0.1538  	-0.1462  	-0.0230  	0.18928  	0.23767  	0.10867  	0.10229  	-0.0465  	0.16859  	-0.0904  	-0.1624  	0.74103  	0.09890  	-0.0404  	-0.1223  	-0.0123  	-0.0126  	-0.0276  	-0.0026  	0.02328  	0.00519  	-0.0034  	-0.0058  	-0.0128  	-0.0328  	0.02172  	-0.0508  	-0.0293  	-0.0138  	-0.0019  	-0.0075  	0.03960  	0.00732  	-0.0179  	-0.0279  	0.00319  	0.04199  	-0.1212  	0.06216  	-0.0122  	-0.0400  	0.50951  	
-0.6611  	-0.3130  	-0.0967  	-1.2856  	-0.8730  	-1.0272  	-0.1244  	-0.2037  	0.23452  	0.93672  	0.93916  	0.13305  	-0.2402  	-1.0329  	-0.3333  	0.75366  	-0.3787  	-0.1526  	0.20233  	0.91142  	0.28069  	-0.5384  	-0.4931  	0.04885  	-0.5896  	0.06226  	-0.3830  	0.45343  	-0.1451  	-0.1335  	-0.0517  	0.19228  	0.21133  	0.10577  	0.09288  	-0.0519  	0.16870  	-0.0822  	-0.1505  	0.74234  	0.10001  	-0.0621  	-0.1114  	0.01870  	-0.0256  	-0.0269  	-0.0084  	0.02592  	-4.4604  	-0.0043  	-0.0063  	-0.0210  	-0.0288  	0.02570  	-0.0545  	-0.0320  	-0.0091  	0.00076  	-0.0094  	0.04570  	0.00084  	-0.0190  	-0.0269  	0.00452  	0.04458  	-0.1212  	0.06123  	-0.0127  	-0.0415  	0.52452  	
-0.3886  	-0.2155  	0.09003  	-1.3167  	-0.9544  	-0.7612  	-0.1593  	-0.1918  	0.24491  	0.75124  	0.57750  	0.09105  	-0.2056  	-0.8940  	0.01153  	0.81236  	-0.2718  	-0.1718  	0.28936  	0.74721  	0.29650  	-0.5067  	-0.4923  	-0.0146  	-0.5123  	-0.0019  	-0.2932  	0.30600  	-0.1691  	-0.0864  	-0.0345  	0.21820  	0.17009  	0.06120  	0.09632  	-0.0577  	0.23067  	-0.0219  	-0.1404  	0.74043  	0.14479  	-0.0814  	-0.0549  	0.02186  	-0.0382  	-0.0190  	-0.0007  	0.05276  	-0.0107  	-0.0049  	-0.0072  	-0.0199  	-0.0488  	0.02159  	-0.0447  	-0.0208  	-0.0083  	-0.0108  	-0.0132  	0.04990  	0.01936  	-0.0316  	-0.0192  	0.00166  	0.04670  	-0.1207  	0.06104  	-0.0134  	-0.0422  	0.52892  	
-0.1653  	-0.1909  	0.28744  	-1.3059  	-1.0344  	-0.5965  	-0.1951  	-0.2195  	0.27821  	0.79058  	0.60746  	-0.0471  	-0.2526  	-1.1606  	-0.2131  	0.96719  	-0.2496  	-0.1628  	0.29838  	0.74123  	0.31838  	-0.5224  	-0.4217  	0.02287  	-0.4742  	-0.0363  	-0.2074  	0.16920  	-0.2475  	-0.0893  	-0.0396  	0.30657  	0.16831  	0.07814  	0.07954  	-0.0390  	0.29521  	0.02678  	-0.1877  	0.74058  	0.18488  	-0.0893  	-0.0100  	0.03696  	-0.0428  	-0.0240  	-0.0174  	0.04139  	0.00530  	-0.0066  	-0.0069  	-0.0135  	-0.0325  	0.02154  	-0.0414  	-0.0221  	-0.0123  	-0.0048  	-0.0026  	0.04047  	0.01622  	-0.0258  	-0.0137  	0.00205  	0.04795  	-0.1191  	0.06194  	-0.0139  	-0.0429  	0.52737  	
-0.2632  	-0.2212  	0.25250  	-1.3919  	-1.0350  	-0.6952  	-0.2085  	-0.3281  	0.21143  	0.88875  	0.79920  	-0.0127  	-0.3363  	-1.2646  	-0.4378  	0.97463  	-0.2577  	-0.1736  	0.27440  	0.79211  	0.31910  	-0.5621  	-0.4665  	0.06227  	-0.4796  	-0.0277  	-0.1777  	0.22948  	-0.2379  	-0.0936  	-0.0544  	0.31160  	0.15229  	0.06197  	0.09881  	0.05717  	0.29747  	-0.0123  	-0.1959  	0.75153  	0.15386  	-0.0828  	-0.0260  	0.04866  	-0.0314  	-0.0194  	-0.0130  	0.04011  	0.00426  	-0.0041  	0.01900  	-0.0142  	-0.0179  	0.01746  	-0.0426  	-0.0207  	-0.0084  	-0.0087  	-0.0056  	0.05343  	0.01325  	-0.0326  	-0.0066  	0.00223  	0.04817  	-0.1181  	0.06314  	-0.0142  	-0.0436  	0.53009  	
-0.4511  	-0.2948  	0.16198  	-1.5314  	-1.1117  	-0.7471  	-0.2112  	-0.3539  	0.18676  	0.83746  	0.86563  	-0.0710  	-0.4168  	-1.3715  	-0.5152  	0.96567  	-0.2328  	-0.1903  	0.26850  	0.76015  	0.34678  	-0.5947  	-0.4355  	0.10136  	-0.4160  	-0.0209  	-0.1212  	0.18553  	-0.2862  	-0.0846  	-0.0585  	0.31582  	0.11095  	0.06025  	0.08613  	0.08412  	0.35058  	-0.0017  	-0.2174  	0.70728  	0.15042  	-0.0784  	-0.0382  	0.02630  	-0.0314  	-0.0122  	-0.0155  	0.02350  	-0.0103  	0.00934  	0.01202  	-0.0104  	-0.0178  	0.02015  	-0.0421  	-0.0291  	0.00034  	0.00231  	-0.0052  	0.03940  	0.00978  	-0.0389  	-0.0023  	0.00918  	0.04604  	-0.1168  	0.06425  	-0.0142  	-0.0431  	0.51655  	
-0.6263  	-0.3145  	0.06367  	-1.6854  	-1.1948  	-0.8817  	-0.1874  	-0.3811  	0.17910  	0.89412  	0.92027  	-0.1346  	-0.4274  	-1.3956  	-0.5107  	0.84329  	-0.2453  	-0.1511  	0.25948  	0.71658  	0.32729  	-0.6014  	-0.3536  	0.00439  	-0.5361  	0.00041  	-0.2482  	0.18850  	-0.2717  	-0.1307  	-0.0052  	0.28547  	0.11391  	0.07247  	0.03596  	0.04739  	0.31233  	-0.0062  	-0.2293  	0.66930  	0.20221  	-0.0879  	-0.0398  	0.04209  	-0.0198  	-0.0247  	-0.0130  	0.01765  	-0.0160  	0.00608  	0.00800  	-0.0103  	-0.0179  	0.01735  	-0.0403  	-0.0306  	-0.0022  	0.00096  	-0.0018  	0.04232  	0.01679  	-0.0271  	-0.0037  	0.01406  	0.04369  	-0.1173  	0.06493  	-0.0141  	-0.0420  	0.50207  	
-0.6644  	-0.2755  	0.09269  	-1.6829  	-1.2028  	-0.9180  	-0.1804  	-0.3785  	0.19252  	0.90891  	0.86255  	-0.1002  	-0.4049  	-1.4385  	-0.5135  	0.79979  	-0.2482  	-0.1656  	0.27960  	0.71160  	0.26716  	-0.5517  	-0.3011  	-0.0204  	-0.5600  	0.00626  	-0.2432  	0.23108  	-0.1930  	-0.1155  	0.00200  	0.28118  	0.12495  	0.08432  	-0.0346  	0.02853  	0.26544  	-0.0009  	-0.2051  	0.68578  	0.21937  	-0.0847  	-0.0370  	0.05485  	-0.0335  	-0.0264  	-0.0130  	0.02962  	-0.0004  	0.00260  	0.00281  	-0.0087  	-0.0289  	0.01958  	-0.0441  	-0.0352  	-0.0061  	-0.0053  	-0.0074  	0.03278  	0.02096  	-0.0198  	-0.0011  	0.01186  	0.04038  	-0.1185  	0.06466  	-0.0142  	-0.0416  	0.49768  	
-0.7098  	-0.2847  	0.09116  	-1.7441  	-1.2149  	-0.9713  	-0.1798  	-0.4260  	0.17773  	0.95007  	0.84503  	-0.0911  	-0.3876  	-1.4760  	-0.6450  	0.85794  	-0.2707  	-0.0904  	0.25528  	0.76602  	0.16056  	-0.5520  	-0.2915  	-0.0146  	-0.5977  	0.00623  	-0.3331  	0.23970  	-0.1880  	-0.1566  	0.02850  	0.27094  	0.12688  	0.08731  	-0.0749  	0.04536  	0.19595  	-0.0198  	-0.1693  	0.71372  	0.24523  	-0.1051  	-0.0078  	0.06405  	-0.0401  	-0.0400  	-0.0025  	0.03397  	0.00552  	0.01191  	0.00394  	-0.0124  	-0.0339  	0.02305  	-0.0367  	-0.0400  	-0.0129  	0.00168  	-0.0094  	0.03296  	0.02350  	-0.0125  	0.00412  	0.01240  	0.03825  	-0.1206  	0.06419  	-0.0139  	-0.0416  	0.48206  	
-0.8504  	-0.2955  	0.01067  	-1.9474  	-1.2281  	-1.0957  	-0.1288  	-0.4715  	0.13874  	1.00914  	0.93358  	-0.1032  	-0.3781  	-1.3962  	-0.6874  	0.74155  	-0.2823  	-0.1225  	0.24546  	0.72970  	0.21156  	-0.4917  	-0.3343  	0.03879  	-0.5338  	0.01665  	-0.2259  	0.20697  	-0.2305  	-0.1349  	0.05339  	0.22495  	0.15561  	0.10259  	-0.0476  	0.06188  	0.20578  	-0.0299  	-0.2052  	0.68304  	0.21894  	-0.0729  	-0.0256  	0.04833  	-0.0257  	-0.0398  	-0.0118  	0.01174  	0.00121  	0.01939  	0.00838  	-0.0215  	-0.0379  	0.01742  	-0.0480  	-0.0399  	-0.0086  	0.00200  	-0.0091  	0.04029  	0.01934  	-0.0049  	0.00144  	0.01000  	0.03581  	-0.1221  	0.06398  	-0.0136  	-0.0412  	0.47236  	
-0.9275  	-0.3232  	-0.0024  	-1.9601  	-1.2483  	-1.0811  	-0.1454  	-0.3819  	0.16600  	0.96906  	0.97959  	-0.1027  	-0.3928  	-1.3341  	-0.5913  	0.70230  	-0.2358  	-0.2093  	0.24363  	0.66950  	0.28193  	-0.4577  	-0.2727  	0.07281  	-0.5811  	0.02974  	-0.1926  	0.12054  	-0.2840  	-0.1478  	0.01923  	0.25586  	0.14352  	0.08633  	-0.0535  	0.01163  	0.26093  	-0.0116  	-0.1829  	0.68517  	0.21406  	-0.0531  	-0.0591  	0.00274  	-0.0363  	-0.0277  	-0.0111  	0.02279  	0.00115  	0.01731  	-0.0139  	-0.0144  	-0.0327  	0.02858  	-0.0472  	-0.0495  	-0.0220  	-0.0066  	-0.0046  	0.04329  	0.02374  	-0.0051  	-0.0040  	0.00868  	0.03414  	-0.1244  	0.06330  	-0.0135  	-0.0408  	0.47526  	
-0.9584  	-0.3421  	-0.0423  	-2.0154  	-1.2438  	-1.1197  	-0.1861  	-0.3250  	0.19331  	0.95346  	1.07094  	-0.1581  	-0.3710  	-1.3529  	-0.6237  	0.70392  	-0.2205  	-0.2358  	0.26792  	0.71379  	0.40201  	-0.5497  	-0.2890  	0.07050  	-0.6934  	0.04140  	-0.1836  	0.07091  	-0.3506  	-0.1513  	0.03061  	0.26702  	0.15377  	0.09662  	0.02502  	-0.0476  	0.31097  	-0.0073  	-0.2121  	0.66885  	0.20493  	-0.0689  	-0.0721  	0.01667  	-0.0420  	-0.0318  	-0.0073  	0.00775  	-0.0001  	0.00039  	-0.0100  	-0.0195  	-0.0368  	0.02967  	-0.0499  	-0.0408  	-0.0158  	-0.0006  	-0.0167  	0.04706  	0.02812  	-2.7354  	-0.0078  	0.00169  	0.03349  	-0.1261  	0.06241  	-0.0132  	-0.0417  	0.48415  	
-0.6747  	-0.2567  	0.03033  	-1.7919  	-1.1826  	-1.0171  	-0.2210  	-0.1967  	0.22677  	0.90096  	0.99339  	-0.0117  	-0.3117  	-1.1915  	-0.3994  	0.68349  	-0.2405  	-0.2416  	0.24993  	0.71731  	0.42672  	-0.5410  	-0.2974  	0.09925  	-0.6282  	-0.0061  	-0.1618  	0.07626  	-0.3024  	-0.1440  	0.02882  	0.24537  	0.17916  	0.07455  	0.05200  	-0.0811  	0.34249  	-0.0295  	-0.1813  	0.69960  	0.15722  	-0.0671  	-0.0689  	0.00632  	-0.0278  	-0.0265  	-0.0106  	0.01849  	-0.0116  	0.00717  	-0.0014  	-0.0100  	-0.0410  	0.02126  	-0.0516  	-0.0379  	-0.0124  	-0.0101  	-0.0123  	0.04054  	0.02254  	-0.0100  	-0.0073  	0.00534  	0.03440  	-0.1268  	0.06198  	-0.0136  	-0.0424  	0.49534  	
-0.4531  	-0.2007  	0.19502  	-1.6840  	-1.1503  	-0.8744  	-0.2079  	-0.2086  	0.23882  	0.84441  	0.84236  	-0.0277  	-0.2732  	-1.0686  	-0.3238  	0.76489  	-0.2055  	-0.2041  	0.25547  	0.72584  	0.46408  	-0.5401  	-0.2890  	0.09359  	-0.6225  	0.00869  	-0.1836  	0.05166  	-0.3252  	-0.1513  	0.02928  	0.24233  	0.16392  	0.05859  	0.06670  	-0.0998  	0.31548  	-0.0135  	-0.2316  	0.69695  	0.18983  	-0.1078  	-0.0346  	0.03432  	-0.0297  	-0.0249  	-0.0089  	0.02078  	-0.0114  	-0.0017  	0.00265  	-0.0147  	-0.0346  	0.01192  	-0.0629  	-0.0257  	-0.0217  	-0.0151  	-0.0165  	0.04352  	0.02113  	-0.0161  	-0.0264  	-0.0024  	0.03569  	-0.1252  	0.06207  	-0.0138  	-0.0426  	0.49784  	
-0.2843  	-0.1201  	0.29280  	-1.4632  	-1.0670  	-0.7189  	-0.2155  	-0.1607  	0.28359  	0.80661  	0.69934  	-0.0202  	-0.2399  	-1.0006  	-0.1837  	0.82985  	-0.2375  	-0.2259  	0.24370  	0.68002  	0.43013  	-0.5059  	-0.2979  	0.03585  	-0.6301  	0.00783  	-0.2136  	0.07842  	-0.3170  	-0.1312  	0.01675  	0.25566  	0.17698  	0.06550  	0.06874  	-0.1129  	0.33975  	0.00791  	-0.2107  	0.70154  	0.20475  	-0.1177  	-0.0108  	0.04356  	-0.0557  	-0.0222  	-0.0019  	0.04359  	-0.0090  	0.00219  	0.00413  	-0.0111  	-0.0277  	0.01547  	-0.0490  	-0.0220  	-0.0221  	-0.0185  	-0.0071  	0.04387  	0.02313  	-0.0118  	-0.0302  	0.00723  	0.03657  	-0.1230  	0.06310  	-0.0140  	-0.0419  	0.48500  	
-0.0576  	-0.0677  	0.36071  	-1.3420  	-1.0676  	-0.5875  	-0.2071  	-0.1032  	0.30525  	0.75069  	0.72138  	0.01411  	-0.2215  	-0.9452  	-0.0672  	0.89087  	-0.2090  	-0.2515  	0.26149  	0.62448  	0.52099  	-0.4943  	-0.3035  	0.03158  	-0.6328  	-0.0132  	-0.1510  	0.00789  	-0.3830  	-0.1432  	0.00229  	0.29854  	0.18991  	0.06011  	0.11856  	-0.1528  	0.42748  	0.04955  	-0.2595  	0.65780  	0.17674  	-0.1190  	0.00486  	0.03294  	-0.0509  	-0.0229  	-0.0048  	0.03840  	0.00348  	0.00535  	-0.0107  	-0.0118  	-0.0265  	0.01896  	-0.0440  	-0.0165  	-0.0267  	-0.0142  	-0.0113  	0.04085  	0.02130  	-0.0056  	-0.0247  	0.00621  	0.03608  	-0.1204  	0.06404  	-0.0138  	-0.0417  	0.48455  	
-0.2182  	-0.1377  	0.25381  	-1.2968  	-0.9520  	-0.6798  	-0.1761  	-0.1676  	0.33061  	0.76977  	0.69387  	0.04458  	-0.1981  	-0.9836  	-0.1407  	0.92459  	-0.2524  	-0.1778  	0.20503  	0.81595  	0.39892  	-0.5673  	-0.4384  	-0.0009  	-0.6443  	0.02959  	-0.3644  	0.30610  	-0.2340  	-0.1731  	0.00396  	0.25390  	0.23309  	0.08781  	0.07927  	-0.1145  	0.24468  	-0.0292  	-0.1844  	0.70472  	0.22137  	-0.0966  	-0.0025  	0.03214  	-0.0416  	-0.0319  	-0.0065  	0.02305  	-0.0004  	0.00879  	-0.0049  	-0.0171  	-0.0290  	0.01285  	-0.0439  	-0.0220  	-0.0095  	-0.0199  	-0.0073  	0.04049  	0.02331  	0.00224  	-0.0219  	0.01183  	0.03367  	-0.1195  	0.06541  	-0.0133  	-0.0424  	0.49909  	
-0.4073  	-0.2667  	-0.0768  	-1.0454  	-0.6406  	-0.8261  	-0.1091  	-0.2554  	0.21181  	0.85157  	0.70710  	0.20086  	-0.1826  	-0.9685  	-0.1729  	0.83633  	-0.3668  	-0.1347  	0.14228  	0.89189  	0.17150  	-0.5611  	-0.6247  	-0.0023  	-0.5128  	0.01721  	-0.3597  	0.49415  	-0.0751  	-0.0864  	-0.0303  	0.22526  	0.19012  	0.09568  	0.12936  	0.02357  	0.06899  	-0.1090  	-0.1296  	0.77806  	0.11745  	-0.0406  	-0.0656  	-0.0006  	-0.0318  	-0.0344  	-0.0007  	0.02102  	0.00591  	-0.0006  	0.00528  	-0.0165  	-0.0287  	0.02299  	-0.0471  	-0.0380  	-0.0075  	-0.0099  	-0.0047  	0.04220  	0.00881  	-0.0352  	-0.0083  	-0.0016  	0.02997  	-0.1181  	0.06667  	-0.0125  	-0.0414  	0.49854  	
-0.3168  	-0.2641  	-0.0554  	-0.9313  	-0.5980  	-0.8053  	-0.0952  	-0.2381  	0.22946  	0.82140  	0.69737  	0.26234  	-0.1305  	-0.8439  	-0.1043  	0.81682  	-0.3999  	-0.1134  	0.13837  	0.92221  	0.12193  	-0.5341  	-0.6952  	0.00147  	-0.4466  	-0.0060  	-0.3188  	0.51765  	-0.0361  	-0.0199  	-0.0801  	0.21045  	0.20199  	0.10628  	0.16990  	0.03684  	0.09054  	-0.1122  	-0.1027  	0.79068  	0.08204  	-0.0315  	-0.0812  	-0.0097  	-0.0224  	-0.0308  	-0.0089  	0.03611  	0.00446  	0.00861  	0.01072  	-0.0179  	-0.0230  	0.02333  	-0.0435  	-0.0261  	-0.0037  	-0.0150  	-0.0030  	0.04300  	-0.0062  	-0.0426  	-0.0190  	0.00185  	0.02784  	-0.1173  	0.06764  	-0.0117  	-0.0396  	0.49285  	
-0.2834  	-0.1913  	0.01169  	-0.8118  	-0.6204  	-0.6477  	-0.1291  	-0.1174  	0.25609  	0.65701  	0.51327  	0.20411  	-0.0827  	-0.6726  	0.16469  	0.82629  	-0.3427  	-0.2113  	0.18441  	0.87754  	0.20187  	-0.4548  	-0.6313  	0.01326  	-0.4005  	-0.0445  	-0.2052  	0.46169  	-0.0335  	0.03501  	-0.0592  	0.22789  	0.21186  	0.10930  	0.18509  	-0.0392  	0.14344  	-0.0929  	-0.1305  	0.75434  	0.05086  	-0.0436  	-0.0853  	0.00027  	-0.0348  	-0.0284  	-0.0009  	0.04472  	0.01461  	-0.0001  	0.01638  	-0.0191  	-0.0357  	0.02309  	-0.0482  	-0.0118  	-0.0005  	-0.0150  	0.00425  	0.03634  	0.01827  	-0.0274  	-0.0233  	-0.0010  	0.02720  	-0.1159  	0.06789  	-0.0107  	-0.0382  	0.49576  	
-0.2321  	-0.1482  	0.09149  	-0.8959  	-0.7424  	-0.5857  	-0.1505  	-0.1723  	0.25937  	0.65914  	0.30613  	0.10122  	-0.1076  	-0.6749  	0.31584  	0.81594  	-0.2531  	-0.1804  	0.25752  	0.80533  	0.18920  	-0.4257  	-0.5479  	-0.0021  	-0.3734  	-0.0157  	-0.1791  	0.40750  	0.01482  	0.00649  	-0.0986  	0.24195  	0.19554  	0.10887  	0.11698  	-0.0870  	0.15321  	-0.0723  	-0.1250  	0.78074  	0.08152  	-0.0473  	-0.0568  	0.02669  	-0.0259  	-0.0231  	-0.0020  	0.04071  	0.01323  	-0.0046  	-0.0004  	-0.0080  	-0.0376  	0.01059  	-0.0568  	-0.0108  	-0.0160  	-0.0146  	0.00607  	0.04219  	0.01552  	-0.0178  	-0.0260  	-0.0128  	0.02893  	-0.1151  	0.06837  	-0.0095  	-0.0366  	0.47957  	
-0.1602  	-0.1440  	0.16596  	-1.0056  	-0.8686  	-0.4725  	-0.1573  	-0.1779  	0.26817  	0.72162  	0.30723  	-0.0337  	-0.1791  	-1.0159  	0.10553  	0.94178  	-0.2397  	-0.1867  	0.25691  	0.75320  	0.27969  	-0.4586  	-0.4593  	0.03634  	-0.3930  	-0.0542  	-0.1691  	0.26216  	-0.0724  	-0.0743  	-0.0947  	0.28991  	0.15020  	0.07967  	0.04084  	-0.0134  	0.16588  	-0.0192  	-0.1502  	0.78011  	0.09981  	-0.0935  	-0.0166  	0.03729  	-0.0492  	-0.0275  	-0.0127  	0.07263  	0.01109  	-0.0152  	0.00348  	-0.0155  	-0.0280  	0.01483  	-0.0406  	-0.0221  	-0.0046  	-0.0096  	0.00382  	0.03962  	0.02276  	-0.0247  	-0.0193  	0.00283  	0.03172  	-0.1130  	0.06890  	-0.0082  	-0.0349  	0.46800  	
-0.1430  	-0.2374  	0.28177  	-1.2086  	-0.8910  	-0.6199  	-0.1763  	-0.3401  	0.21048  	0.86950  	0.72173  	0.05161  	-0.3286  	-1.2966  	-0.3521  	1.03344  	-0.2984  	-0.1688  	0.24787  	0.77924  	0.25611  	-0.4797  	-0.4973  	0.11432  	-0.3906  	-0.0478  	-0.0634  	0.20318  	-0.2385  	-0.0767  	-0.0452  	0.30817  	0.12113  	0.06256  	0.12165  	0.07566  	0.28254  	-0.0162  	-0.1851  	0.73326  	0.10737  	-0.0543  	-0.0260  	0.03684  	-0.0255  	-0.0257  	-0.0165  	0.03925  	0.01515  	-0.0093  	0.01885  	-0.0117  	-0.0110  	0.01291  	-0.0404  	-0.0191  	0.00402  	-0.0080  	0.00253  	0.04919  	0.01678  	-0.0381  	-0.0052  	0.00594  	0.03567  	-0.1114  	0.06884  	-0.0072  	-0.0336  	0.46025  	
-0.2688  	-0.3017  	0.29751  	-1.3352  	-0.9637  	-0.6669  	-0.1634  	-0.3489  	0.19121  	0.85400  	0.77428  	-0.0532  	-0.3640  	-1.3587  	-0.4125  	1.07695  	-0.2671  	-0.2119  	0.28858  	0.70453  	0.29844  	-0.5206  	-0.4901  	0.13745  	-0.3358  	-0.0665  	-0.0010  	0.17958  	-0.2961  	-0.0488  	-0.0622  	0.36329  	0.09620  	0.04016  	0.11292  	0.12539  	0.34985  	0.01050  	-0.2251  	0.72696  	0.11195  	-0.0674  	-0.0403  	0.04932  	-0.0299  	-0.0272  	-0.0200  	0.02953  	0.00741  	-0.0085  	0.01155  	-0.0114  	-0.0179  	0.01938  	-0.0340  	-0.0239  	-0.0014  	-0.0088  	-0.0025  	0.05207  	0.01634  	-0.0447  	0.00291  	0.00578  	0.04090  	-0.1087  	0.06917  	-0.0067  	-0.0331  	0.44847  	
-0.4121  	-0.2580  	0.20953  	-1.4731  	-1.0820  	-0.7266  	-0.2249  	-0.3237  	0.14939  	0.71587  	0.75396  	-0.1050  	-0.3584  	-1.4485  	-0.3176  	0.86454  	-0.1033  	-0.3780  	0.35181  	0.41999  	0.35906  	-0.8039  	-0.6553  	0.09790  	-0.4629  	0.07065  	-0.0679  	0.09576  	-0.1969  	-0.0916  	0.06335  	0.29437  	-0.0100  	-0.1119  	0.01391  	0.06157  	0.27507  	0.01473  	-0.3479  	0.61520  	0.23774  	0.04626  	-0.1520  	0.12339  	-0.0973  	-0.0060  	-0.0398  	0.02942  	-0.0254  	-0.0079  	0.01612  	-0.0024  	-0.0208  	0.03505  	-0.0295  	-0.0293  	-0.0075  	-0.0147  	-0.0054  	0.05015  	0.01745  	-0.0431  	-0.0173  	0.01038  	0.04625  	-0.1060  	0.06989  	-0.0070  	-0.0329  	0.44538  	
-0.3684  	-0.2155  	0.26392  	-1.3799  	-1.0398  	-0.7151  	-0.3011  	-0.2107  	0.16419  	0.65640  	0.70211  	-0.0613  	-0.2814  	-1.3700  	-0.0898  	0.72744  	-0.0229  	-0.5372  	0.40847  	0.15918  	0.50979  	-0.9408  	-0.7957  	0.10495  	-0.6182  	0.17169  	-0.0506  	-0.0945  	-0.2157  	-0.1362  	0.16866  	0.24588  	-0.0483  	-0.2339  	0.01772  	-0.0534  	0.23918  	0.03460  	-0.4724  	0.52332  	0.29209  	0.16990  	-0.2493  	0.17751  	-0.1499  	0.00383  	-0.0573  	0.04825  	-0.0317  	-0.0301  	0.01207  	-0.0015  	-0.0162  	0.05284  	-0.0282  	-0.0291  	-0.0120  	-0.0328  	-0.0025  	0.06530  	0.02253  	-0.0345  	-0.0388  	0.01340  	0.05007  	-0.1022  	0.07069  	-0.0072  	-0.0321  	0.42223  	
-0.3217  	-0.1953  	0.32397  	-1.2985  	-0.9994  	-0.7223  	-0.2885  	-0.1959  	0.14760  	0.76075  	0.77232  	-0.0413  	-0.2582  	-1.3278  	-0.1351  	0.81475  	-0.0573  	-0.5539  	0.41051  	0.16817  	0.53974  	-0.9781  	-0.9151  	0.08267  	-0.6172  	0.16824  	-0.0922  	-0.0821  	-0.1619  	-0.1123  	0.18714  	0.22072  	-0.0699  	-0.2606  	0.01526  	-0.0061  	0.19524  	0.00928  	-0.5056  	0.52461  	0.25873  	0.19153  	-0.2807  	0.17947  	-0.1526  	0.01551  	-0.0652  	0.04096  	-0.0329  	-0.0315  	0.02375  	-0.0053  	-0.0193  	0.05341  	-0.0295  	-0.0252  	-0.0111  	-0.0250  	-0.0034  	0.06126  	0.01971  	-0.0367  	-0.0376  	0.00629  	0.05311  	-0.1005  	0.07126  	-0.0076  	-0.0314  	0.39814  	
-0.2806  	-0.2105  	0.34893  	-1.3228  	-0.9633  	-0.7641  	-0.2417  	-0.1897  	0.17027  	0.88166  	0.88602  	0.02256  	-0.2710  	-1.4195  	-0.3466  	0.97257  	-0.1323  	-0.4605  	0.39245  	0.29360  	0.42926  	-0.9429  	-0.9611  	0.05750  	-0.5435  	0.13808  	-0.1174  	0.04863  	-0.1191  	-0.1391  	0.14062  	0.23078  	-0.0569  	-0.2397  	-0.0067  	0.04765  	0.17364  	0.01343  	-0.4297  	0.56234  	0.26853  	0.15884  	-0.2508  	0.16866  	-0.1411  	0.00906  	-0.0553  	0.06527  	-0.0256  	-0.0295  	0.02529  	-0.0065  	-0.0180  	0.04638  	-0.0266  	-0.0283  	-0.0077  	-0.0266  	-0.0051  	0.05967  	0.02056  	-0.0450  	-0.0349  	0.00866  	0.05362  	-0.1000  	0.07103  	-0.0080  	-0.0318  	0.40091  	
-0.3053  	-0.2679  	0.24377  	-1.3764  	-0.9621  	-0.7229  	-0.1932  	-0.3207  	0.17883  	0.91101  	0.83610  	0.00320  	-0.2911  	-1.4432  	-0.4069  	1.00793  	-0.1976  	-0.3314  	0.33350  	0.46041  	0.29255  	-0.7649  	-0.7657  	0.03519  	-0.4411  	0.06313  	-0.1118  	0.18769  	-0.1192  	-0.0914  	0.05821  	0.27324  	-0.0062  	-0.0913  	0.00544  	0.10209  	0.19752  	0.01754  	-0.3129  	0.64420  	0.22455  	0.06047  	-0.1479  	0.11934  	-0.0964  	-0.0080  	-0.0401  	0.05028  	-0.0129  	-0.0188  	0.02657  	-0.0047  	-0.0245  	0.03982  	-0.0286  	-0.0281  	-0.0122  	-0.0232  	-0.0063  	0.05549  	0.01853  	-0.0403  	-0.0187  	0.00658  	0.05273  	-0.1022  	0.07129  	-0.0086  	-0.0333  	0.40789  	
-0.4272  	-0.2927  	0.07494  	-1.5470  	-1.1124  	-0.7058  	-0.1716  	-0.3982  	0.16644  	0.81966  	0.83466  	-0.0918  	-0.3617  	-1.4139  	-0.4614  	0.93542  	-0.2481  	-0.1505  	0.24362  	0.73388  	0.22849  	-0.5645  	-0.4453  	0.01591  	-0.4159  	-0.0219  	-0.1779  	0.30150  	-0.1879  	-0.1014  	-0.0283  	0.31060  	0.08795  	0.07103  	0.01891  	0.10765  	0.28221  	0.00604  	-0.1954  	0.71761  	0.17916  	-0.0919  	-0.0168  	0.04278  	-0.0361  	-0.0297  	-0.0164  	0.02017  	-0.0097  	0.00204  	0.01356  	-0.0095  	-0.0239  	0.02449  	-0.0326  	-0.0302  	-0.0080  	-0.0064  	-0.0042  	0.04530  	0.01502  	-0.0308  	-0.0038  	0.01233  	0.05097  	-0.1040  	0.07092  	-0.0092  	-0.0334  	0.41047  	
-0.4778  	-0.3139  	0.11841  	-1.6062  	-1.1679  	-0.7789  	-0.1778  	-0.3942  	0.16352  	0.78396  	0.81008  	-0.1341  	-0.3704  	-1.4354  	-0.4421  	0.91831  	-0.2180  	-0.1632  	0.26851  	0.70292  	0.24575  	-0.5765  	-0.3717  	0.05972  	-0.4806  	-0.0001  	-0.1991  	0.25757  	-0.2366  	-0.1373  	-0.0195  	0.30087  	0.11255  	0.06934  	0.05305  	0.05883  	0.31819  	0.00232  	-0.2416  	0.69538  	0.19139  	-0.0863  	-0.0248  	0.04733  	-0.0303  	-0.0284  	-0.0179  	-0.0041  	-0.0158  	0.00781  	0.00916  	-0.0110  	-0.0217  	0.01563  	-0.0373  	-0.0320  	-0.0080  	-0.0067  	0.00161  	0.04304  	0.01156  	-0.0216  	-0.0122  	0.00874  	0.05020  	-0.1070  	0.07033  	-0.0101  	-0.0335  	0.41058  	
-0.4822  	-0.2964  	0.11720  	-1.5843  	-1.1103  	-0.7987  	-0.2210  	-0.3067  	0.18543  	0.80315  	0.83862  	-0.0629  	-0.3703  	-1.3561  	-0.3445  	0.89622  	-0.2229  	-0.1735  	0.27182  	0.70308  	0.33772  	-0.5527  	-0.3396  	0.07801  	-0.5566  	0.00528  	-0.1872  	0.19337  	-0.2910  	-0.1466  	-0.0096  	0.30892  	0.12676  	0.07360  	0.04893  	0.00840  	0.32849  	0.00577  	-0.2352  	0.69648  	0.19351  	-0.0786  	-0.0538  	0.02530  	-0.0452  	-0.0281  	-0.0112  	0.01557  	-0.0183  	0.01031  	-0.0011  	-0.0119  	-0.0182  	0.01434  	-0.0486  	-0.0370  	-0.0129  	-0.0089  	-0.0064  	0.04167  	0.01555  	-0.0211  	-0.0113  	0.00942  	0.04952  	-0.1103  	0.06953  	-0.0109  	-0.0340  	0.41884  	
-0.2133  	-0.2039  	0.24998  	-1.1228  	-0.8623  	-0.6060  	-0.1972  	-0.1942  	0.24672  	0.69011  	0.56013  	0.08743  	-0.2527  	-1.0275  	-0.0050  	0.93948  	-0.2536  	-0.1857  	0.25273  	0.75202  	0.33897  	-0.5397  	-0.4381  	0.09514  	-0.5367  	-0.0053  	-0.1765  	0.20833  	-0.2287  	-0.0848  	-0.0340  	0.27510  	0.16650  	0.09247  	0.12592  	-0.0631  	0.26667  	-0.0129  	-0.2058  	0.72433  	0.12891  	-0.0694  	-0.0147  	0.03266  	-0.0371  	-0.0306  	-0.0162  	0.03374  	0.00345  	-0.0128  	0.00731  	-0.0145  	-0.0312  	0.01001  	-0.0512  	-0.0204  	-0.0041  	-0.0087  	-0.0063  	0.04334  	0.01744  	-0.0233  	-0.0138  	0.00470  	0.04900  	-0.1151  	0.06869  	-0.0117  	-0.0345  	0.42420  	
-0.0918  	-0.1480  	0.26687  	-1.0001  	-0.8378  	-0.5140  	-0.2018  	-0.1808  	0.25935  	0.66704  	0.48851  	0.06111  	-0.2297  	-0.8805  	0.11201  	0.88680  	-0.2171  	-0.2585  	0.24772  	0.71278  	0.39475  	-0.4920  	-0.4353  	0.06967  	-0.4323  	-0.0447  	-0.0560  	0.13897  	-0.2563  	-0.0448  	-0.0578  	0.30321  	0.16838  	0.09060  	0.18739  	-0.0989  	0.31824  	0.01090  	-0.2213  	0.69767  	0.09346  	-0.0716  	-0.0324  	0.03161  	-0.0332  	-0.0259  	-0.0137  	0.04350  	0.01310  	-0.0085  	0.01593  	-0.0138  	-0.0309  	0.01827  	-0.0566  	-0.0138  	-0.0111  	-0.0113  	-0.0093  	0.04374  	0.01070  	-0.0158  	-0.0121  	0.00409  	0.04875  	-0.1180  	0.06733  	-0.0121  	-0.0347  	0.42401  	
0.00334  	-0.1272  	0.30667  	-1.0008  	-0.8458  	-0.4055  	-0.1899  	-0.1267  	0.27423  	0.62708  	0.45488  	-0.0213  	-0.1849  	-0.8059  	0.29173  	0.83439  	-0.2070  	-0.3397  	0.23073  	0.60927  	0.51020  	-0.4365  	-0.3549  	0.15644  	-0.4910  	-0.0557  	0.05922  	-0.0390  	-0.3485  	-0.0422  	-0.0746  	0.31429  	0.17032  	0.08197  	0.25454  	-0.1287  	0.40401  	0.02565  	-0.2580  	0.69762  	0.07457  	-0.0657  	-0.0392  	0.02850  	-0.0411  	-0.0274  	-0.0141  	0.05089  	0.01681  	-0.0043  	-0.0049  	-0.0162  	-0.0280  	0.02201  	-0.0483  	-0.0072  	-0.0136  	-0.0113  	-0.0028  	0.04779  	0.01587  	-0.0136  	-0.0105  	0.00557  	0.04866  	-0.1211  	0.06599  	-0.0126  	-0.0346  	0.41605  	
0.12445  	-0.0689  	0.48656  	-1.1494  	-0.9880  	-0.4435  	-0.1465  	-0.1137  	0.29952  	0.70160  	0.61331  	-0.0499  	-0.2014  	-0.7922  	0.21828  	0.89684  	-0.2528  	-0.3049  	0.23336  	0.59048  	0.61155  	-0.4461  	-0.3368  	0.17345  	-0.5166  	-0.0566  	0.01353  	-0.1180  	-0.4409  	-0.0891  	-0.0464  	0.33339  	0.16224  	0.05846  	0.26605  	-0.1288  	0.46825  	0.04799  	-0.2837  	0.67290  	0.09513  	-0.0677  	-0.0378  	0.02206  	-0.0434  	-0.0238  	-0.0186  	0.05000  	0.01242  	0.00934  	-0.0046  	-0.0145  	-0.0241  	0.01753  	-0.0445  	-0.0082  	-0.0166  	-0.0110  	-0.0129  	0.05239  	0.01800  	-0.0152  	-0.0117  	-0.0006  	0.04848  	-0.1228  	0.06511  	-0.0131  	-0.0350  	0.41205  	
0.11548  	-0.0615  	0.51765  	-1.2391  	-1.0773  	-0.4364  	-0.1787  	-0.0458  	0.32885  	0.69088  	0.77578  	-0.0436  	-0.2370  	-0.8532  	0.09039  	0.97405  	-0.2340  	-0.3327  	0.26099  	0.55269  	0.72079  	-0.4448  	-0.2636  	0.18868  	-0.5521  	-0.0570  	0.04315  	-0.2115  	-0.5519  	-0.1266  	-0.0290  	0.34178  	0.17414  	0.06433  	0.27339  	-0.1637  	0.56440  	0.07357  	-0.3099  	0.63313  	0.08883  	-0.0756  	-0.0307  	0.01864  	-0.0471  	-0.0224  	-0.0183  	0.04638  	0.00658  	0.00719  	-0.0134  	-0.0121  	-0.0212  	0.02611  	-0.0482  	-0.0108  	-0.0246  	-0.0073  	-0.0133  	0.05202  	0.02023  	-0.0141  	-0.0064  	0.00368  	0.04752  	-0.1246  	0.06434  	-0.0135  	-0.0358  	0.41531  	
0.10149  	-0.0546  	0.48357  	-1.2713  	-1.0650  	-0.4652  	-0.1594  	-0.0625  	0.31339  	0.69006  	0.83669  	-0.0061  	-0.2462  	-0.9120  	-0.0388  	0.97196  	-0.2532  	-0.3006  	0.22859  	0.64471  	0.68741  	-0.5019  	-0.3178  	0.14033  	-0.5580  	-0.0486  	0.00057  	-0.0992  	-0.5203  	-0.1464  	-0.0312  	0.33740  	0.20137  	0.06684  	0.26174  	-0.1380  	0.55015  	0.06849  	-0.2908  	0.62519  	0.09533  	-0.0721  	-0.0412  	0.03395  	-0.0403  	-0.0238  	-0.0065  	0.03632  	0.00120  	0.01125  	-0.0054  	-0.0112  	-0.0168  	0.02981  	-0.0444  	-0.0086  	-0.0222  	-0.0108  	-0.0112  	0.05034  	0.02322  	-0.0142  	-0.0073  	0.00178  	0.04486  	-0.1247  	0.06357  	-0.0136  	-0.0356  	0.40659  	
-0.1260  	-0.1743  	0.27829  	-1.2289  	-0.9094  	-0.6060  	-0.1409  	-0.2561  	0.24176  	0.86988  	0.80839  	-0.0250  	-0.2830  	-1.1712  	-0.2745  	1.01016  	-0.3085  	-0.1825  	0.21378  	0.79931  	0.35364  	-0.5061  	-0.5061  	0.06340  	-0.4744  	-0.0460  	-0.1361  	0.21940  	-0.3105  	-0.1317  	-0.0703  	0.30630  	0.16623  	0.07459  	0.16992  	0.03072  	0.34903  	0.01269  	-0.2250  	0.70251  	0.12323  	-0.0688  	-0.0456  	0.02379  	-0.0350  	-0.0279  	-0.0061  	0.03608  	0.00681  	-0.0045  	0.01565  	-0.0182  	-0.0232  	0.02288  	-0.0360  	-0.0246  	-0.0018  	-0.0068  	-0.0071  	0.04842  	0.01154  	-0.0228  	-0.0053  	0.01009  	0.04245  	-0.1257  	0.06326  	-0.0137  	-0.0349  	0.39175  	
-0.1815  	-0.2384  	0.26847  	-1.2347  	-0.9155  	-0.6851  	-0.1474  	-0.3186  	0.20832  	0.93556  	0.77042  	0.03274  	-0.2977  	-1.2840  	-0.4081  	1.08305  	-0.3197  	-0.1463  	0.25539  	0.77841  	0.17176  	-0.4976  	-0.5779  	0.07394  	-0.3963  	-0.0480  	-0.0967  	0.29027  	-0.2033  	-0.0689  	-0.0631  	0.32261  	0.13382  	0.07369  	0.10728  	0.10667  	0.24550  	0.01258  	-0.1893  	0.72605  	0.15551  	-0.0616  	-0.0215  	0.03535  	-0.0325  	-0.0318  	-0.0202  	0.04439  	0.01363  	-0.0134  	0.01293  	-0.0133  	-0.0170  	0.01329  	-0.0341  	-0.0312  	-0.0019  	-0.0066  	-0.0024  	0.04717  	0.01637  	-0.0326  	0.00321  	0.01093  	0.03919  	-0.1261  	0.06321  	-0.0141  	-0.0347  	0.39814  	
-0.2633  	-0.2677  	0.19826  	-1.3505  	-1.0110  	-0.6394  	-0.1672  	-0.3264  	0.18581  	0.87573  	0.78209  	-0.0194  	-0.3696  	-1.3809  	-0.4077  	1.07689  	-0.2552  	-0.1965  	0.28217  	0.75034  	0.28808  	-0.5106  	-0.5321  	0.11430  	-0.3204  	-0.0462  	0.00062  	0.20880  	-0.2903  	-0.0595  	-0.0680  	0.36023  	0.09238  	0.03492  	0.11767  	0.13667  	0.34647  	0.01269  	-0.2110  	0.71952  	0.11555  	-0.0681  	-0.0509  	0.04786  	-0.0294  	-0.0288  	-0.0237  	0.03539  	0.00280  	-0.0070  	0.01966  	-0.0145  	-0.0263  	0.01660  	-0.0358  	-0.0227  	-0.0018  	-0.0062  	-0.0076  	0.05200  	0.01606  	-0.0424  	0.00299  	0.00484  	0.03638  	-0.1277  	0.06375  	-0.0145  	-0.0346  	0.40020  	
-0.0420  	-0.1587  	0.21627  	-0.9298  	-0.7819  	-0.6608  	-0.1106  	-0.2826  	0.24311  	0.79598  	0.43736  	-0.0665  	-0.2485  	-1.0200  	0.04752  	0.83040  	-0.2368  	-0.2970  	0.24513  	0.67695  	0.28033  	-0.4807  	-0.5194  	0.15646  	-0.3628  	-0.0347  	-0.0362  	0.17804  	-0.1692  	-0.0181  	-0.0963  	0.32089  	0.13213  	0.08458  	0.21888  	0.01822  	0.24254  	-0.0314  	-0.1883  	0.78376  	0.09984  	-0.0364  	-0.0326  	0.04406  	-0.0319  	-0.0228  	-0.0207  	0.03817  	0.01095  	-0.0086  	0.02485  	-0.0077  	-0.0228  	0.01668  	-0.0461  	-0.0220  	-0.0165  	-0.0014  	0.00457  	0.04371  	0.01682  	-0.0314  	-0.0238  	0.00479  	0.03392  	-0.1277  	0.06457  	-0.0146  	-0.0341  	0.39861  	
0.01581  	-0.1211  	0.18940  	-0.6355  	-0.6180  	-0.5353  	-0.1803  	-0.1343  	0.26643  	0.71936  	0.35216  	-0.0105  	-0.1003  	-0.6870  	0.32663  	0.78462  	-0.2404  	-0.3194  	0.23514  	0.62651  	0.32839  	-0.4085  	-0.4533  	0.10420  	-0.3640  	-0.0581  	-9.2755  	0.06834  	-0.2065  	0.03028  	-0.0772  	0.28993  	0.16417  	0.09451  	0.26747  	-0.0609  	0.25950  	-0.0409  	-0.1673  	0.75240  	0.00870  	-0.0444  	-0.0495  	0.02876  	-0.0388  	-0.0299  	-0.0070  	0.03954  	0.01334  	-0.0060  	0.00412  	-0.0144  	-0.0262  	0.02103  	-0.0413  	-0.0098  	-0.0203  	-0.0062  	-0.0037  	0.05227  	0.01791  	-0.0247  	-0.0253  	0.00043  	0.03316  	-0.1285  	0.06526  	-0.0150  	-0.0338  	0.40009  	
-0.2665  	-0.2298  	0.14069  	-1.1039  	-0.8255  	-0.7174  	-0.1501  	-0.2345  	0.26201  	0.75792  	0.55559  	0.06299  	-0.2122  	-0.9681  	0.10422  	0.87813  	-0.2326  	-0.2742  	0.26285  	0.67372  	0.35997  	-0.4863  	-0.4142  	0.14359  	-0.5049  	-0.0111  	-0.0628  	0.09321  	-0.3002  	-0.0978  	-0.0321  	0.30859  	0.14254  	0.06793  	0.19475  	-0.0880  	0.34721  	0.00230  	-0.2378  	0.76377  	0.08268  	-0.0592  	-0.0533  	0.03162  	-0.0369  	-0.0300  	-0.0154  	0.02692  	0.00930  	-0.0098  	-0.0049  	-0.0144  	-0.0306  	0.01743  	-0.0377  	-0.0216  	-0.0041  	-0.0118  	0.00720  	0.05811  	0.01915  	-0.0135  	-0.0312  	0.00969  	0.03414  	-0.1284  	0.06579  	-0.0151  	-0.0347  	0.40793  	
-0.2386  	-0.2247  	0.25539  	-1.5227  	-1.0700  	-0.6527  	-0.2119  	-0.3256  	0.21000  	0.76778  	0.78068  	-0.0384  	-0.3384  	-1.2968  	-0.3667  	0.97024  	-0.2464  	-0.2219  	0.29797  	0.72072  	0.40920  	-0.5101  	-0.3940  	0.07242  	-0.5237  	-0.0083  	-0.0964  	0.02675  	-0.4075  	-0.1284  	-0.0496  	0.32192  	0.13995  	0.07217  	0.14989  	0.00891  	0.41708  	0.03994  	-0.2470  	0.70611  	0.13840  	-0.0665  	-0.0373  	0.02992  	-0.0418  	-0.0316  	-0.0163  	0.03382  	-0.0118  	0.01780  	0.00048  	-0.0054  	-0.0302  	0.02460  	-0.0513  	-0.0240  	-0.0115  	-0.0015  	-0.0061  	0.03259  	0.01642  	-0.0254  	-0.0043  	0.00124  	0.03644  	-0.1280  	0.06627  	-0.0155  	-0.0355  	0.41698  	
-0.3541  	-0.2532  	0.22804  	-1.5941  	-1.1844  	-0.7218  	-0.1783  	-0.3516  	0.18934  	0.86077  	0.85028  	-0.0742  	-0.3666  	-1.3509  	-0.5730  	0.98199  	-0.2537  	-0.1491  	0.25749  	0.74036  	0.27799  	-0.5299  	-0.4019  	0.03367  	-0.5046  	-0.0108  	-0.1805  	0.20204  	-0.2449  	-0.1280  	-0.0231  	0.30091  	0.13376  	0.06321  	0.03707  	0.07327  	0.32464  	-0.0089  	-0.1920  	0.72142  	0.20245  	-0.0715  	-0.0262  	0.04882  	-0.0289  	-0.0225  	-0.0044  	0.03764  	0.01036  	-0.0012  	0.00405  	-0.0146  	-0.0201  	0.02118  	-0.0369  	-0.0279  	-0.0116  	-0.0068  	-0.0078  	0.04881  	0.01759  	-0.0299  	-0.0050  	0.01130  	0.03926  	-0.1250  	0.06648  	-0.0154  	-0.0359  	0.40892  	
-0.5804  	-0.2389  	0.13656  	-1.7074  	-1.2188  	-0.9099  	-0.1562  	-0.3595  	0.16754  	0.91656  	0.86307  	-0.1015  	-0.3853  	-1.2946  	-0.5811  	0.86540  	-0.2737  	-0.1518  	0.24862  	0.71704  	0.28823  	-0.5287  	-0.4162  	0.04468  	-0.4978  	-0.0220  	-0.1455  	0.17081  	-0.2130  	-0.0990  	-0.0225  	0.29802  	0.11627  	0.07415  	0.04365  	0.08723  	0.28341  	-0.0178  	-0.2043  	0.72798  	0.20198  	-0.0913  	-0.0359  	0.03033  	-0.0274  	-0.0323  	-0.0033  	0.02432  	0.01380  	-0.0063  	0.00368  	-0.0223  	-0.0249  	0.02041  	-0.0410  	-0.0358  	-0.0142  	-0.0002  	-0.0103  	0.03916  	0.01514  	-0.0157  	0.00938  	0.01051  	0.04260  	-0.1226  	0.06690  	-0.0154  	-0.0361  	0.39313  	
-1.0364  	-0.3875  	-0.1068  	-2.0819  	-1.2539  	-1.2010  	-0.2053  	-0.4096  	0.15563  	0.99675  	1.10220  	-0.1289  	-0.3768  	-1.3219  	-0.6072  	0.67150  	-0.2266  	-0.2589  	0.28005  	0.65574  	0.34481  	-0.5166  	-0.2263  	0.12781  	-0.6167  	0.04388  	-0.1838  	0.04426  	-0.3172  	-0.1657  	0.05493  	0.26826  	0.16578  	0.08382  	-0.0053  	-0.0023  	0.31898  	0.00441  	-0.2227  	0.68320  	0.16180  	-0.0559  	-0.0889  	0.00123  	-0.0210  	-0.0312  	-0.0089  	0.00735  	-0.0013  	0.01429  	-0.0206  	-0.0158  	-0.0287  	0.02645  	-0.0387  	-0.0438  	-0.0201  	-0.0009  	-0.0002  	0.04947  	0.02930  	-0.0014  	-0.0112  	0.00183  	0.04519  	-0.1193  	0.06703  	-0.0152  	-0.0368  	0.39349  	
-1.1200  	-0.4037  	-0.1036  	-2.1872  	-1.2648  	-1.2259  	-0.1915  	-0.3586  	0.19681  	0.98518  	1.22612  	-0.1695  	-0.3975  	-1.3828  	-0.6808  	0.64922  	-0.2497  	-0.2594  	0.21534  	0.72753  	0.42952  	-0.5604  	-0.2548  	0.08096  	-0.7033  	0.04744  	-0.2158  	0.03040  	-0.3813  	-0.1855  	0.05222  	0.25592  	0.19451  	0.08256  	0.06260  	-0.0685  	0.34191  	0.01248  	-0.2198  	0.65460  	0.15696  	-0.0622  	-0.0973  	0.00930  	-0.0305  	-0.0452  	-0.0081  	0.00272  	-0.0037  	-0.0051  	-0.0128  	-0.0139  	-0.0326  	0.02831  	-0.0481  	-0.0349  	-0.0110  	-0.0026  	-0.0204  	0.04531  	0.03389  	0.00542  	-0.0036  	0.00972  	0.04493  	-0.1171  	0.06747  	-0.0154  	-0.0375  	0.40035  	
-1.1161  	-0.3390  	-0.0382  	-2.2237  	-1.3168  	-1.2549  	-0.2314  	-0.2510  	0.21700  	1.01271  	1.27874  	-0.1826  	-0.4250  	-1.3407  	-0.7436  	0.63489  	-0.2234  	-0.3107  	0.27158  	0.67829  	0.51818  	-0.5413  	-0.2322  	0.09772  	-0.7197  	0.05175  	-0.1685  	-0.0082  	-0.3963  	-0.2110  	0.02477  	0.25470  	0.18462  	0.08769  	0.06270  	-0.1005  	0.39357  	0.01759  	-0.2077  	0.64828  	0.18041  	-0.0740  	-0.0891  	0.02302  	-0.0372  	-0.0348  	-0.0144  	0.01491  	-0.0177  	-0.0041  	-0.0206  	-0.0163  	-0.0349  	0.03029  	-0.0516  	-0.0358  	-0.0147  	-0.0015  	-0.0173  	0.04340  	0.03058  	0.00040  	-0.0032  	0.01212  	0.04253  	-0.1147  	0.06798  	-0.0149  	-0.0368  	0.40248  	
-0.7284  	-0.3080  	0.10557  	-1.9076  	-1.2745  	-1.1012  	-0.2417  	-0.2169  	0.26001  	0.93438  	1.10361  	-0.1053  	-0.3524  	-1.2350  	-0.4937  	0.68338  	-0.1821  	-0.2582  	0.27304  	0.70343  	0.48740  	-0.5794  	-0.2986  	0.17904  	-0.6419  	-0.0001  	-0.1562  	0.01623  	-0.3875  	-0.2035  	0.05022  	0.26871  	0.19281  	0.07089  	0.06421  	-0.1098  	0.38352  	-0.0182  	-0.2122  	0.68321  	0.14961  	-0.0732  	-0.0828  	0.01032  	-0.0238  	-0.0149  	-0.0189  	0.01116  	-0.0212  	0.00444  	-0.0145  	-0.0078  	-0.0372  	0.01496  	-0.0495  	-0.0396  	-0.0218  	-0.0043  	-0.0085  	0.03982  	0.02478  	0.00034  	-0.0062  	0.01054  	0.04058  	-0.1139  	0.06852  	-0.0140  	-0.0355  	0.40250  	
-0.2011  	-0.1199  	0.31349  	-1.4879  	-1.0410  	-0.7777  	-0.1918  	-0.1848  	0.32254  	0.85589  	0.70243  	-0.0039  	-0.1589  	-0.9105  	-0.1353  	0.81181  	-0.2376  	-0.2382  	0.25824  	0.67432  	0.43075  	-0.5391  	-0.3347  	0.10472  	-0.6159  	2.10688  	-0.1682  	0.00479  	-0.3800  	-0.1025  	0.04894  	0.25789  	0.21383  	0.07232  	0.10692  	-0.1394  	0.35532  	0.00736  	-0.2391  	0.71754  	0.17568  	-0.0832  	-0.0281  	0.02136  	-0.0370  	-0.0225  	-0.0047  	0.04610  	-0.0027  	0.01798  	-0.0118  	-0.0214  	-0.0433  	0.01692  	-0.0611  	-0.0151  	-0.0139  	-0.0149  	-0.0177  	0.05491  	0.02418  	-0.0156  	-0.0304  	-0.0037  	0.03831  	-0.1134  	0.06899  	-0.0131  	-0.0343  	0.43187  	
0.02465  	-0.0494  	0.44049  	-1.3283  	-1.0663  	-0.5123  	-0.1948  	-0.1029  	0.33589  	0.72027  	0.65693  	-0.0548  	-0.1592  	-0.8801  	0.05529  	0.85867  	-0.2226  	-0.2904  	0.25682  	0.63167  	0.54356  	-0.4386  	-0.2646  	0.06833  	-0.5665  	-0.0087  	-0.1247  	-0.0657  	-0.4293  	-0.0991  	0.01854  	0.29935  	0.20248  	0.05869  	0.13677  	-0.1776  	0.46266  	0.06166  	-0.2608  	0.65714  	0.17221  	-0.1022  	0.03444  	0.04579  	-0.0544  	-0.0230  	-0.0090  	0.05645  	0.01521  	0.00774  	-0.0307  	-0.0116  	-0.0275  	0.02364  	-0.0422  	-0.0145  	-0.0340  	-0.0139  	-0.0166  	0.04986  	0.02169  	-0.0005  	-0.0131  	-0.0063  	0.03738  	-0.1142  	0.06978  	-0.0118  	-0.0331  	0.44367  	
0.08665  	-0.0545  	0.47294  	-1.3149  	-1.1392  	-0.4830  	-0.1795  	-0.0382  	0.33050  	0.66417  	0.82036  	-0.0048  	-0.2550  	-0.8828  	0.06107  	0.94982  	-0.2026  	-0.3257  	0.26537  	0.57036  	0.71966  	-0.4380  	-0.2261  	0.16647  	-0.5787  	-0.0258  	0.00377  	-0.1945  	-0.5503  	-0.1394  	-0.0146  	0.33246  	0.19207  	0.05432  	0.22878  	-0.2004  	0.57670  	0.09508  	-0.3127  	0.61018  	0.12113  	-0.0888  	-0.0049  	0.03128  	-0.0520  	-0.0208  	-0.0089  	0.04259  	0.00436  	0.00997  	-0.0269  	-0.0112  	-0.0234  	0.03027  	-0.0489  	-0.0126  	-0.0312  	-0.0103  	-0.0180  	0.05097  	0.02115  	-0.0072  	-0.0123  	0.00405  	0.03712  	-0.1139  	0.07062  	-0.0104  	-0.0317  	0.45986  	
0.09326  	-0.0491  	0.49054  	-1.2755  	-1.1310  	-0.4408  	-0.1693  	-0.0107  	0.35546  	0.62731  	0.84922  	0.01363  	-0.2568  	-0.8728  	0.06602  	0.99293  	-0.2143  	-0.3354  	0.26207  	0.57100  	0.75668  	-0.4779  	-0.2330  	0.18890  	-0.6004  	-0.0434  	0.02128  	-0.2169  	-0.5986  	-0.1542  	-0.0332  	0.34656  	0.19416  	0.06235  	0.26696  	-0.2050  	0.59599  	0.10975  	-0.3136  	0.60803  	0.09814  	-0.0859  	-0.0267  	0.03127  	-0.0424  	-0.0221  	-0.0119  	0.04373  	0.00237  	0.00780  	-0.0197  	-0.0086  	-0.0208  	0.03068  	-0.0497  	-0.0112  	-0.0290  	-0.0082  	-0.0195  	0.04897  	0.02544  	-0.0136  	-0.0112  	0.00669  	0.03806  	-0.1138  	0.07096  	-0.0093  	-0.0311  	0.48695  	
0.08238  	-0.0630  	0.47606  	-1.2900  	-1.1198  	-0.4685  	-0.1676  	-0.0293  	0.36528  	0.64348  	0.87379  	0.00940  	-0.2600  	-0.8937  	0.03775  	0.98425  	-0.2070  	-0.3343  	0.23830  	0.57051  	0.72110  	-0.4917  	-0.2321  	0.18375  	-0.6246  	-0.0344  	0.00799  	-0.1843  	-0.5988  	-0.1541  	-0.0259  	0.34167  	0.19784  	0.06099  	0.27355  	-0.2077  	0.58870  	0.10688  	-0.3185  	0.60987  	0.10060  	-0.0859  	-0.0266  	0.02567  	-0.0464  	-0.0235  	-0.0115  	0.03147  	0.00091  	0.00572  	-0.0158  	-0.0065  	-0.0221  	0.02891  	-0.0465  	-0.0131  	-0.0264  	-0.0084  	-0.0145  	0.04950  	0.02429  	-0.0111  	-0.0112  	0.00787  	0.04048  	-0.1124  	0.07125  	-0.0083  	-0.0317  	0.50547  	
0.08238  	-0.0630  	0.47606  	-1.2900  	-1.1198  	-0.4685  	-0.1676  	-0.0293  	0.36528  	0.64348  	0.87379  	0.00940  	-0.2600  	-0.8937  	0.03775  	0.98425  	-0.2070  	-0.3343  	0.23830  	0.57051  	0.72110  	-0.4917  	-0.2321  	0.18375  	-0.6246  	-0.0344  	0.00799  	-0.1843  	-0.5988  	-0.1541  	-0.0259  	0.34167  	0.19784  	0.06099  	0.27355  	-0.2077  	0.58870  	0.10688  	-0.3185  	0.60987  	0.10060  	-0.0859  	-0.0266  	0.02567  	-0.0464  	-0.0235  	-0.0115  	0.03147  	0.00091  	0.00572  	-0.0158  	-0.0065  	-0.0221  	0.02891  	-0.0465  	-0.0131  	-0.0264  	-0.0084  	-0.0145  	0.04950  	0.02429  	-0.0111  	-0.0112  	0.00787  	0.04423  	-0.1112  	0.07150  	-0.0075  	-0.0330  	0.52501  	
0.08238  	-0.0630  	0.47606  	-1.2900  	-1.1198  	-0.4685  	-0.1676  	-0.0293  	0.36528  	0.64348  	0.87379  	0.00940  	-0.2600  	-0.8937  	0.03775  	0.98425  	-0.2070  	-0.3343  	0.23830  	0.57051  	0.72110  	-0.4917  	-0.2321  	0.18375  	-0.6246  	-0.0344  	0.00799  	-0.1843  	-0.5988  	-0.1541  	-0.0259  	0.34167  	0.19784  	0.06099  	0.27355  	-0.2077  	0.58870  	0.10688  	-0.3185  	0.60987  	0.10060  	-0.0859  	-0.0266  	0.02567  	-0.0464  	-0.0235  	-0.0115  	0.03147  	0.00091  	0.00572  	-0.0158  	-0.0065  	-0.0221  	0.02891  	-0.0465  	-0.0131  	-0.0264  	-0.0084  	-0.0145  	0.04950  	0.02429  	-0.0111  	-0.0112  	0.00787  	0.04787  	-0.1092  	0.07191  	-0.0068  	-0.0338  	0.51998  	
0.08238  	-0.0630  	0.47606  	-1.2900  	-1.1198  	-0.4685  	-0.1676  	-0.0293  	0.36528  	0.64348  	0.87379  	0.00940  	-0.2600  	-0.8937  	0.03775  	0.98425  	-0.2070  	-0.3343  	0.23830  	0.57051  	0.72110  	-0.4917  	-0.2321  	0.18375  	-0.6246  	-0.0344  	0.00799  	-0.1843  	-0.5988  	-0.1541  	-0.0259  	0.34167  	0.19784  	0.06099  	0.27355  	-0.2077  	0.58870  	0.10688  	-0.3185  	0.60987  	0.10060  	-0.0859  	-0.0266  	0.02567  	-0.0464  	-0.0235  	-0.0115  	0.03147  	0.00091  	0.00572  	-0.0158  	-0.0065  	-0.0221  	0.02891  	-0.0465  	-0.0131  	-0.0264  	-0.0084  	-0.0145  	0.04950  	0.02429  	-0.0111  	-0.0112  	0.00787  	0.05236  	-0.1088  	0.07155  	-0.0067  	-0.0347  	0.51501  	
0.08238  	-0.0630  	0.47606  	-1.2900  	-1.1198  	-0.4685  	-0.1676  	-0.0293  	0.36528  	0.64348  	0.87379  	0.00940  	-0.2600  	-0.8937  	0.03775  	0.98425  	-0.2070  	-0.3343  	0.23830  	0.57051  	0.72110  	-0.4917  	-0.2321  	0.18375  	-0.6246  	-0.0344  	0.00799  	-0.1843  	-0.5988  	-0.1541  	-0.0259  	0.34167  	0.19784  	0.06099  	0.27355  	-0.2077  	0.58870  	0.10688  	-0.3185  	0.60987  	0.10060  	-0.0859  	-0.0266  	0.02567  	-0.0464  	-0.0235  	-0.0115  	0.03147  	0.00091  	0.00572  	-0.0158  	-0.0065  	-0.0221  	0.02891  	-0.0465  	-0.0131  	-0.0264  	-0.0084  	-0.0145  	0.04950  	0.02429  	-0.0111  	-0.0112  	0.00787  	0.05613  	-0.1094  	0.06989  	-0.0069  	-0.0364  	0.52004  	
0.08238  	-0.0630  	0.47606  	-1.2900  	-1.1198  	-0.4685  	-0.1676  	-0.0293  	0.36528  	0.64348  	0.87379  	0.00940  	-0.2600  	-0.8937  	0.03775  	0.98425  	-0.2070  	-0.3343  	0.23830  	0.57051  	0.72110  	-0.4917  	-0.2321  	0.18375  	-0.6246  	-0.0344  	0.00799  	-0.1843  	-0.5988  	-0.1541  	-0.0259  	0.34167  	0.19784  	0.06099  	0.27355  	-0.2077  	0.58870  	0.10688  	-0.3185  	0.60987  	0.10060  	-0.0859  	-0.0266  	0.02567  	-0.0464  	-0.0235  	-0.0115  	0.03147  	0.00091  	0.00572  	-0.0158  	-0.0065  	-0.0221  	0.02891  	-0.0465  	-0.0131  	-0.0264  	-0.0084  	-0.0145  	0.04950  	0.02429  	-0.0111  	-0.0112  	0.00787  	0.05863  	-0.1118  	0.06800  	-0.0073  	-0.0385  	0.51192  	
0.08238  	-0.0630  	0.47606  	-1.2900  	-1.1198  	-0.4685  	-0.1676  	-0.0293  	0.36528  	0.64348  	0.87379  	0.00940  	-0.2600  	-0.8937  	0.03775  	0.98425  	-0.2070  	-0.3343  	0.23830  	0.57051  	0.72110  	-0.4917  	-0.2321  	0.18375  	-0.6246  	-0.0344  	0.00799  	-0.1843  	-0.5988  	-0.1541  	-0.0259  	0.34167  	0.19784  	0.06099  	0.27355  	-0.2077  	0.58870  	0.10688  	-0.3185  	0.60987  	0.10060  	-0.0859  	-0.0266  	0.02567  	-0.0464  	-0.0235  	-0.0115  	0.03147  	0.00091  	0.00572  	-0.0158  	-0.0065  	-0.0221  	0.02891  	-0.0465  	-0.0131  	-0.0264  	-0.0084  	-0.0145  	0.04950  	0.02429  	-0.0111  	-0.0112  	0.00787  	0.06037  	-0.1143  	0.06557  	-0.0074  	-0.0398  	0.50444  	
-0.0375  	-0.0896  	0.42215  	-1.3497  	-1.0755  	-0.5628  	-0.1735  	-0.1389  	0.30091  	0.69848  	0.88716  	-0.0074  	-0.2861  	-0.9976  	-0.1103  	0.95640  	-0.2477  	-0.2581  	0.21855  	0.63532  	0.62164  	-0.5442  	-0.3188  	0.13859  	-0.6097  	-0.0250  	-0.0755  	-0.0248  	-0.4988  	-0.1707  	-0.0269  	0.32300  	0.19561  	0.06411  	0.24625  	-0.1310  	0.50075  	0.06055  	-0.2967  	0.64323  	0.12491  	-0.0572  	-0.0450  	0.01491  	-0.0476  	-0.0226  	-0.0076  	0.03541  	-0.0092  	0.01039  	-0.0047  	-0.0062  	-0.0202  	0.02549  	-0.0440  	-0.0129  	-0.0185  	-0.0085  	-0.0099  	0.04679  	0.02569  	-0.0177  	-0.0144  	0.00827  	0.06240  	-0.1172  	0.06267  	-0.0076  	-0.0408  	0.50352  	
-0.1580  	-0.1713  	0.31934  	-1.3791  	-1.0428  	-0.6205  	-0.1749  	-0.2433  	0.25630  	0.81302  	0.86708  	-0.0277  	-0.3227  	-1.1513  	-0.2363  	0.95482  	-0.2751  	-0.1784  	0.20751  	0.73358  	0.41204  	-0.5591  	-0.3934  	0.04065  	-0.5878  	-0.0207  	-0.2053  	0.16932  	-0.3313  	-0.1483  	-0.0331  	0.30162  	0.18066  	0.07248  	0.16507  	-0.0352  	0.35025  	0.02055  	-0.2520  	0.68492  	0.14338  	-0.0714  	-0.0391  	0.01970  	-0.0444  	-0.0280  	-0.0028  	0.02802  	-0.0016  	0.00067  	0.01260  	-0.0095  	-0.0233  	0.01635  	-0.0412  	-0.0275  	-0.0101  	-0.0088  	-0.0105  	0.04421  	0.01509  	-0.0273  	-0.0050  	0.01184  	0.06422  	-0.1196  	0.05995  	-0.0079  	-0.0424  	0.51517  	
-0.1939  	-0.2202  	0.30076  	-1.3898  	-1.0602  	-0.6678  	-0.1599  	-0.2692  	0.24523  	0.85957  	0.86699  	-0.0645  	-0.3412  	-1.2111  	-0.3043  	0.98300  	-0.2893  	-0.1551  	0.21614  	0.77195  	0.35744  	-0.5578  	-0.4352  	0.02388  	-0.5244  	-0.0296  	-0.1820  	0.20705  	-0.2859  	-0.1259  	-0.0348  	0.31036  	0.15100  	0.07302  	0.15556  	0.00823  	0.33209  	0.02169  	-0.2471  	0.68552  	0.15253  	-0.0742  	-0.0306  	0.02970  	-0.0376  	-0.0296  	-0.0044  	0.02467  	-0.0027  	-0.0004  	0.01441  	-0.0130  	-0.0223  	0.01512  	-0.0387  	-0.0324  	-0.0018  	-0.0043  	-0.0100  	0.04183  	0.01150  	-0.0287  	0.00320  	0.01355  	0.06614  	-0.1224  	0.05735  	-0.0081  	-0.0439  	0.52020  	
-0.2123  	-0.2411  	0.28165  	-1.4052  	-1.0168  	-0.6680  	-0.1577  	-0.3236  	0.22438  	0.90334  	0.86168  	-0.0448  	-0.3461  	-1.2913  	-0.3539  	1.03437  	-0.3047  	-0.1475  	0.23128  	0.75917  	0.29155  	-0.5463  	-0.4857  	0.01998  	-0.4733  	-0.0476  	-0.1677  	0.24784  	-0.2487  	-0.1028  	-0.0436  	0.31846  	0.12862  	0.07905  	0.14041  	0.06891  	0.31907  	0.01165  	-0.2379  	0.71915  	0.15732  	-0.0817  	-0.0305  	0.03467  	-0.0397  	-0.0264  	-0.0158  	0.02302  	-0.0006  	-0.0061  	0.01397  	-0.0122  	-0.0217  	0.01762  	-0.0378  	-0.0280  	-0.0013  	-0.0066  	-0.0079  	0.04412  	0.01375  	-0.0257  	0.00164  	0.01285  	0.06735  	-0.1234  	0.05509  	-0.0083  	-0.0453  	0.53535  	
-0.2185  	-0.2603  	0.28018  	-1.4490  	-0.9972  	-0.6792  	-0.1580  	-0.3737  	0.20273  	0.91033  	0.84858  	-0.0355  	-0.3593  	-1.3341  	-0.4653  	1.07948  	-0.2949  	-0.1455  	0.23874  	0.74744  	0.26293  	-0.5631  	-0.4913  	0.03670  	-0.4655  	-0.0395  	-0.1213  	0.23514  	-0.2542  	-0.1006  	-0.0383  	0.32218  	0.12078  	0.08436  	0.12134  	0.08932  	0.31729  	0.01524  	-0.2255  	0.73606  	0.16174  	-0.0685  	-0.0293  	0.04001  	-0.0311  	-0.0275  	-0.0191  	0.02761  	0.00452  	-0.0029  	0.01181  	-0.0119  	-0.0194  	0.02159  	-0.0366  	-0.0268  	-0.0056  	-0.0112  	-0.0082  	0.04718  	0.01334  	-0.0245  	0.00092  	0.01285  	0.06831  	-0.1229  	0.05305  	-0.0086  	-0.0466  	0.54618  	
-0.3910  	-0.2627  	0.15280  	-1.4281  	-1.0456  	-0.7003  	-0.2081  	-0.3720  	0.17729  	0.79748  	0.75724  	-0.0428  	-0.3930  	-1.3322  	-0.4099  	0.95098  	-0.2228  	-0.1940  	0.25881  	0.72793  	0.29143  	-0.5366  	-0.4640  	0.08604  	-0.4142  	-0.0346  	-0.1022  	0.25041  	-0.2753  	-0.0778  	-0.0671  	0.33733  	0.11096  	0.06094  	0.09556  	0.09858  	0.32566  	0.00394  	-0.2188  	0.71940  	0.14230  	-0.0874  	-0.0323  	0.03626  	-0.0352  	-0.0261  	-0.0133  	0.01268  	-0.0055  	0.00061  	0.01568  	-0.0091  	-0.0235  	0.02033  	-0.0413  	-0.0336  	-0.0040  	-0.0027  	-0.0066  	0.04429  	0.00887  	-0.0328  	-0.0063  	0.00915  	0.06945  	-0.1206  	0.05157  	-0.0086  	-0.0485  	0.55591  	
-0.4109  	-0.2569  	0.12490  	-1.2712  	-0.9685  	-0.6973  	-0.2034  	-0.3473  	0.19995  	0.77527  	0.64006  	-0.0003  	-0.3213  	-1.2032  	-0.2352  	0.81599  	-0.2256  	-0.1867  	0.24244  	0.77096  	0.27807  	-0.5329  	-0.4520  	0.06994  	-0.4489  	-0.0092  	-0.1558  	0.28005  	-0.2114  	-0.0608  	-0.0493  	0.28857  	0.12523  	0.09143  	0.09891  	0.05082  	0.26556  	-0.0047  	-0.2063  	0.70835  	0.13835  	-0.0804  	-0.0311  	0.03191  	-0.0282  	-0.0320  	-0.0130  	0.02104  	0.00017  	-0.0135  	0.01769  	-0.0139  	-0.0219  	0.02198  	-0.0390  	-0.0257  	0.00139  	-0.0053  	0.00211  	0.04486  	0.00963  	-0.0331  	-0.0090  	0.01097  	0.07090  	-0.1186  	0.05080  	-0.0085  	-0.0506  	0.56825  	
-0.2684  	-0.2383  	0.25125  	-1.2837  	-0.9963  	-0.6032  	-0.2113  	-0.2564  	0.19988  	0.74986  	0.75774  	-0.0105  	-0.3365  	-1.1762  	-0.2459  	0.94869  	-0.2483  	-0.2532  	0.25870  	0.74171  	0.36401  	-0.5203  	-0.4447  	0.14018  	-0.4273  	-0.0365  	-0.0524  	0.11765  	-0.3248  	-0.0639  	-0.0641  	0.31583  	0.12736  	0.07919  	0.17537  	0.02038  	0.36497  	0.03748  	-0.2546  	0.69447  	0.08990  	-0.0717  	-0.0527  	0.03136  	-0.0366  	-0.0305  	-0.0209  	0.01469  	-0.0011  	-0.0114  	0.01294  	-0.0186  	-0.0261  	0.01773  	-0.0484  	-0.0147  	-0.0027  	-0.0102  	-0.0027  	0.04892  	0.00847  	-0.0246  	-0.0102  	0.00704  	0.07052  	-0.1164  	0.05103  	-0.0087  	-0.0513  	0.57036  	
-0.2362  	-0.1994  	0.19404  	-1.1459  	-0.8479  	-0.5803  	-0.2017  	-0.2398  	0.23230  	0.73035  	0.62449  	0.07275  	-0.2693  	-1.1088  	-0.0377  	0.90925  	-0.2500  	-0.2455  	0.25107  	0.74510  	0.35317  	-0.5155  	-0.4897  	0.14848  	-0.5074  	-0.0090  	-0.0853  	0.16238  	-0.3072  	-0.0766  	-0.0550  	0.29570  	0.14318  	0.07884  	0.18359  	-0.0349  	0.31635  	-0.0147  	-0.2340  	0.73055  	0.07967  	-0.0457  	-0.0601  	0.01760  	-0.0220  	-0.0265  	-0.0124  	0.03072  	0.00386  	-0.0005  	0.00428  	-0.0101  	-0.0251  	0.01443  	-0.0528  	-0.0278  	-0.0098  	-0.0126  	-0.0050  	0.05039  	0.01033  	-0.0296  	-0.0171  	0.00334  	0.07040  	-0.1158  	0.05145  	-0.0091  	-0.0514  	0.57432  	
0.04652  	-0.1046  	0.36679  	-1.0677  	-0.8385  	-0.4854  	-0.1585  	-0.1293  	0.29094  	0.73448  	0.45969  	-0.0235  	-0.1369  	-0.8066  	0.25700  	0.84206  	-0.2328  	-0.2977  	0.22629  	0.64650  	0.47513  	-0.4272  	-0.3955  	0.18050  	-0.4676  	-0.0270  	0.04437  	-0.0157  	-0.3496  	-0.0576  	-0.0558  	0.31211  	0.16950  	0.06242  	0.22483  	-0.0998  	0.39304  	0.01025  	-0.2281  	0.74500  	0.05831  	-0.0524  	-0.0420  	0.03503  	-0.0431  	-0.0242  	-0.0097  	0.05776  	0.01789  	0.00226  	0.00994  	-0.0125  	-0.0308  	0.01740  	-0.0423  	-0.0093  	-0.0185  	-0.0148  	-0.0100  	0.05246  	0.01403  	-0.0169  	-0.0252  	0.00578  	0.07032  	-0.1164  	0.05163  	-0.0093  	-0.0518  	0.57545  	
0.21479  	-0.0679  	0.50355  	-1.1111  	-0.8747  	-0.4441  	-0.0860  	-0.1393  	0.28358  	0.82909  	0.24159  	-0.2604  	-0.0342  	-0.6221  	0.31806  	0.69022  	-0.2456  	-0.3395  	0.21589  	0.45241  	0.36493  	-0.3124  	-0.3191  	0.07062  	-0.3772  	-0.0631  	0.10880  	-0.1054  	-0.2040  	0.02304  	0.01711  	0.29133  	0.15665  	0.09230  	0.14572  	-0.0645  	0.28331  	-0.0019  	-0.2066  	0.72492  	0.10557  	-0.0722  	0.00407  	0.04695  	-0.0579  	-0.0279  	-0.0300  	0.08632  	0.03315  	-0.0066  	0.00197  	-0.0137  	-0.0231  	0.01325  	-0.0436  	-0.0087  	-0.0214  	-0.0093  	-0.0177  	0.05256  	0.02514  	-0.0204  	-0.0138  	-0.0032  	0.07094  	-0.1186  	0.05197  	-0.0093  	-0.0519  	0.56675  	
-0.2950  	-0.1625  	0.18751  	-1.2256  	-0.9698  	-0.7449  	-0.1200  	-0.1999  	0.21838  	0.76797  	0.62368  	-0.1589  	-0.1753  	-0.7739  	0.08998  	0.71014  	-0.2202  	-0.3103  	0.21695  	0.65991  	0.49700  	-0.4918  	-0.4170  	0.21427  	-0.4071  	-0.0662  	0.15925  	-0.0562  	-0.3690  	-0.0230  	-0.0247  	0.30085  	0.13389  	0.05742  	0.27764  	-0.0663  	0.38041  	-0.0278  	-0.2895  	0.76571  	0.04661  	-0.0380  	-0.0894  	0.02334  	-0.0337  	-0.0346  	-0.0073  	0.03282  	-0.0044  	-0.0016  	-0.0046  	-0.0170  	-0.0414  	0.01944  	-0.0598  	-0.0167  	-0.0241  	-0.0138  	-0.0130  	0.03981  	0.02348  	-0.0243  	-0.0301  	-0.0051  	0.07078  	-0.1198  	0.05288  	-0.0094  	-0.0512  	0.55823  	
-0.5174  	-0.3271  	-0.0255  	-1.1046  	-0.7902  	-0.7565  	-0.1518  	-0.2884  	0.22162  	0.80331  	0.62531  	0.10128  	-0.2419  	-0.9709  	-0.0206  	0.82837  	-0.2720  	-0.2102  	0.15793  	0.74480  	0.34161  	-0.5448  	-0.4862  	0.16402  	-0.5636  	-0.0025  	-0.2065  	0.27889  	-0.2480  	-0.0882  	-0.0252  	0.30404  	0.16589  	0.08667  	0.16275  	-0.1127  	0.20629  	-0.0350  	-0.2204  	0.78121  	0.06429  	-0.0581  	-0.1125  	0.02639  	-0.0133  	-0.0346  	-0.0044  	0.00426  	-0.0262  	0.01524  	0.00550  	-0.0127  	-0.0429  	0.01195  	-0.0444  	-0.0278  	-0.0133  	-0.0047  	-0.0091  	0.04090  	0.01260  	-0.0160  	-0.0151  	0.00099  	0.07137  	-0.1210  	0.05332  	-0.0096  	-0.0500  	0.55475  	
-0.3003  	-0.2042  	0.03897  	-0.9566  	-0.6818  	-0.7414  	-0.1378  	-0.2083  	0.22041  	0.74990  	0.53467  	0.16522  	-0.1669  	-0.8383  	0.12482  	0.85347  	-0.3042  	-0.1958  	0.21406  	0.82489  	0.21861  	-0.5067  	-0.5800  	0.02456  	-0.4167  	-0.0338  	-0.1668  	0.33952  	-0.1291  	-0.0122  	-0.0442  	0.25469  	0.17473  	0.11397  	0.20952  	-0.0538  	0.20272  	-0.0542  	-0.1636  	0.75924  	0.05158  	-0.0517  	-0.0667  	0.03129  	-0.0212  	-0.0291  	-0.0144  	0.02838  	-0.0030  	-0.0013  	0.01286  	-0.0145  	-0.0374  	0.01635  	-0.0495  	-0.0163  	0.00315  	-0.0071  	-0.0030  	0.04628  	0.01319  	-0.0203  	-0.0269  	-0.0040  	0.07297  	-0.1215  	0.05330  	-0.0096  	-0.0496  	0.54869  	
-0.2390  	-0.1747  	0.14875  	-1.0665  	-0.8400  	-0.6424  	-0.1458  	-0.1832  	0.27283  	0.69904  	0.47598  	0.09681  	-0.1885  	-0.8477  	0.15118  	0.82932  	-0.2594  	-0.2071  	0.24313  	0.73245  	0.31033  	-0.4723  	-0.4661  	0.07640  	-0.4819  	-0.0130  	-0.1627  	0.24207  	-0.1732  	-0.0335  	-0.0539  	0.26452  	0.17383  	0.06972  	0.12758  	-0.1006  	0.25376  	-0.0363  	-0.1642  	0.75512  	0.08757  	-0.0735  	-0.0469  	0.02889  	-0.0189  	-0.0293  	-0.0042  	0.04286  	0.00311  	-0.0015  	-0.0099  	-0.0121  	-0.0338  	0.02194  	-0.0468  	-0.0311  	-0.0078  	-0.0107  	-0.0107  	0.04223  	0.00867  	-0.0333  	-0.0156  	0.00217  	0.07483  	-0.1216  	0.05305  	-0.0098  	-0.0490  	0.54209  	
0.07687  	-0.0740  	0.47062  	-1.2116  	-1.0354  	-0.5160  	-0.1434  	-0.0988  	0.32124  	0.73380  	0.65701  	0.01853  	-0.2156  	-0.9054  	0.03279  	0.94052  	-0.2325  	-0.2531  	0.24707  	0.64543  	0.56516  	-0.4886  	-0.3484  	0.12589  	-0.5255  	-0.0626  	-0.0218  	-0.0542  	-0.4156  	-0.1109  	-0.0429  	0.32508  	0.19474  	0.05681  	0.22135  	-0.1328  	0.45165  	0.04776  	-0.2452  	0.67601  	0.12257  	-0.0807  	-0.0334  	0.03242  	-0.0334  	-0.0269  	-0.0150  	0.04583  	0.01127  	0.00397  	-0.0073  	-0.0109  	-0.0230  	0.02355  	-0.0425  	-0.0100  	-0.0216  	-0.0113  	-0.0113  	0.04572  	0.02331  	-0.0126  	-0.0093  	0.00303  	0.07573  	-0.1200  	0.05302  	-0.0098  	-0.0484  	0.53233  	
0.19096  	-0.0648  	0.60400  	-1.2591  	-1.0906  	-0.5307  	-0.1654  	-0.0562  	0.34125  	0.73382  	0.84893  	0.04517  	-0.2630  	-0.9883  	-0.1759  	1.07409  	-0.2612  	-0.2791  	0.26221  	0.66206  	0.62511  	-0.4799  	-0.3584  	0.13226  	-0.5049  	-0.0646  	-0.0492  	-0.1191  	-0.4787  	-0.0958  	-0.0549  	0.33290  	0.18366  	0.06143  	0.23956  	-0.1423  	0.52023  	0.07139  	-0.2686  	0.63605  	0.11177  	-0.0768  	0.00090  	0.02799  	-0.0453  	-0.0190  	-0.0251  	0.05208  	0.01260  	-0.0091  	0.00155  	-0.0106  	-0.0226  	0.01782  	-0.0472  	-0.0071  	-0.0249  	-0.0124  	-0.0127  	0.04176  	0.01265  	-0.0194  	-0.0139  	0.00122  	0.07552  	-0.1173  	0.05360  	-0.0099  	-0.0472  	0.51192  	
0.08571  	-0.0836  	0.55562  	-1.2646  	-1.0285  	-0.5634  	-0.1475  	-0.1050  	0.35465  	0.83040  	0.80203  	0.07572  	-0.2639  	-0.9124  	-0.1823  	1.10783  	-0.2619  	-0.2871  	0.28864  	0.69074  	0.61438  	-0.5120  	-0.4188  	0.09387  	-0.4375  	-0.0876  	0.01220  	-0.1074  	-0.4567  	-0.0899  	-0.0842  	0.35115  	0.17998  	0.06764  	0.20139  	-0.0986  	0.50980  	0.08130  	-0.2286  	0.69065  	0.11723  	-0.0981  	0.01491  	0.04779  	-0.0347  	-0.0326  	-0.0264  	0.06823  	0.02049  	-0.0030  	0.00149  	-0.0173  	-0.0241  	0.02619  	-0.0395  	-0.0075  	-0.0156  	-0.0123  	-0.0127  	0.05654  	0.01036  	-0.0255  	-0.0106  	0.00886  	0.07325  	-0.1137  	0.05389  	-0.0093  	-0.0467  	0.50466  	
-0.1312  	-0.2006  	0.30586  	-1.0934  	-0.8781  	-0.5464  	-0.1618  	-0.2134  	0.24398  	0.77363  	0.69471  	0.10156  	-0.2781  	-1.0412  	-0.0186  	0.98277  	-0.2098  	-0.2835  	0.28562  	0.67685  	0.49610  	-0.4950  	-0.3193  	0.13997  	-0.5480  	-0.0363  	-0.0293  	-0.0222  	-0.4491  	-0.1005  	-0.0235  	0.33241  	0.14522  	0.07010  	0.16016  	-0.1076  	0.45298  	0.04645  	-0.2785  	0.67200  	0.13016  	-0.0858  	-0.0304  	0.04531  	-0.0343  	-0.0212  	-0.0188  	0.03419  	0.01463  	0.00164  	-0.0077  	-0.0148  	-0.0343  	0.01818  	-0.0498  	-0.0222  	-0.0028  	-0.0042  	-0.0059  	0.03786  	0.01622  	-0.0164  	-0.0075  	-0.0011  	0.06826  	-0.1103  	0.05432  	-0.0087  	-0.0476  	0.51541  	
-0.2711  	-0.2478  	0.25088  	-1.4795  	-1.0491  	-0.6603  	-0.2655  	-0.3569  	0.20023  	0.74887  	0.81583  	-0.0474  	-0.3667  	-1.3126  	-0.3233  	0.96752  	-0.2419  	-0.2351  	0.30420  	0.70349  	0.45520  	-0.5099  	-0.3514  	0.13655  	-0.5114  	-0.0109  	-0.0844  	0.01148  	-0.3899  	-0.1101  	-0.0561  	0.33278  	0.11597  	0.06236  	0.15421  	0.01816  	0.46604  	0.04766  	-0.2821  	0.68515  	0.12756  	-0.0662  	-0.0455  	0.02857  	-0.0330  	-0.0255  	-0.0103  	0.02495  	-0.0154  	0.01946  	-0.0070  	-0.0085  	-0.0245  	0.02459  	-0.0430  	-0.0273  	-0.0122  	0.00193  	0.00105  	0.03675  	0.01145  	-0.0229  	-0.0028  	0.00056  	0.06059  	-0.1079  	0.05575  	-0.0081  	-0.0466  	0.51519  	
-0.2406  	-0.2420  	0.29182  	-1.4359  	-1.0636  	-0.6922  	-0.1940  	-0.3384  	0.22901  	0.88503  	0.86355  	-0.0366  	-0.3903  	-1.3431  	-0.4274  	1.01313  	-0.2622  	-0.1659  	0.26959  	0.74332  	0.35203  	-0.5362  	-0.3939  	0.08022  	-0.4791  	-0.0377  	-0.1381  	0.16655  	-0.2940  	-0.1169  	-0.0591  	0.31295  	0.12538  	0.06858  	0.11778  	0.06158  	0.38447  	0.03163  	-0.2326  	0.72008  	0.17415  	-0.0841  	-0.0270  	0.04237  	-0.0334  	-0.0279  	-0.0061  	0.02871  	-0.0013  	0.00346  	0.01392  	-0.0113  	-0.0202  	0.02136  	-0.0390  	-0.0249  	-0.0118  	-0.0073  	-0.0112  	0.04908  	0.01378  	-0.0372  	-0.0090  	0.00478  	0.05386  	-0.1071  	0.05761  	-0.0077  	-0.0445  	0.51409  	
-0.2403  	-0.2447  	0.28830  	-1.4657  	-1.0446  	-0.6736  	-0.1759  	-0.3305  	0.21689  	0.91322  	0.90399  	-0.0327  	-0.3803  	-1.3461  	-0.4608  	1.06447  	-0.2953  	-0.1654  	0.24962  	0.73147  	0.32391  	-0.5424  	-0.4616  	0.03377  	-0.4816  	-0.0466  	-0.1495  	0.20236  	-0.2661  	-0.1109  	-0.0606  	0.31859  	0.12664  	0.07295  	0.12589  	0.08542  	0.36382  	0.02502  	-0.2272  	0.71506  	0.15928  	-0.0791  	-0.0277  	0.02596  	-0.0372  	-0.0246  	-0.0168  	0.02521  	0.00083  	-0.0023  	0.01278  	-0.0131  	-0.0200  	0.02090  	-0.0362  	-0.0235  	-0.0101  	-0.0088  	-0.0099  	0.04682  	0.01176  	-0.0304  	-0.0063  	0.00838  	0.04775  	-0.1065  	0.05949  	-0.0073  	-0.0425  	0.52052  	
-0.3074  	-0.2691  	0.28970  	-1.5789  	-1.1348  	-0.6934  	-0.1815  	-0.3312  	0.22458  	0.89189  	0.91718  	-0.0384  	-0.3611  	-1.3337  	-0.6066  	1.02847  	-0.2823  	-0.1505  	0.25032  	0.76162  	0.26709  	-0.5787  	-0.4447  	0.01270  	-0.5111  	-0.0204  	-0.2110  	0.23937  	-0.2725  	-0.1359  	-0.0272  	0.30796  	0.14731  	0.07285  	0.09181  	0.07358  	0.31197  	0.01582  	-0.2136  	0.72541  	0.18254  	-0.0689  	-0.0122  	0.02183  	-0.0360  	-0.0256  	-0.0101  	0.02830  	0.00988  	0.00531  	0.01378  	-0.0124  	-0.0236  	0.02089  	-0.0361  	-0.0294  	-0.0113  	-0.0047  	-0.0119  	0.04596  	0.01037  	-0.0202  	-0.0055  	0.00704  	0.04348  	-0.1071  	0.06203  	-0.0069  	-0.0401  	0.51369  	
-0.4501  	-0.2885  	0.15406  	-1.6121  	-1.1766  	-0.7885  	-0.1983  	-0.3318  	0.19696  	0.91555  	0.85940  	-0.0576  	-0.3607  	-1.3340  	-0.5330  	0.92459  	-0.2605  	-0.1657  	0.26652  	0.73907  	0.29181  	-0.5593  	-0.4086  	0.03252  	-0.4783  	-0.0116  	-0.1766  	0.22706  	-0.2555  	-0.1380  	-0.0265  	0.30033  	0.11972  	0.05721  	0.06631  	0.07815  	0.31131  	0.00829  	-0.2231  	0.72765  	0.17385  	-0.0777  	-0.0244  	0.03860  	-0.0296  	-0.0295  	-0.0052  	0.01571  	-0.0025  	0.00613  	0.01051  	-0.0107  	-0.0225  	0.02715  	-0.0397  	-0.0347  	-0.0087  	-0.0049  	-0.0011  	0.05151  	0.01217  	-0.0238  	-0.0075  	0.00951  	0.03975  	-0.1074  	0.06502  	-0.0065  	-0.0375  	0.51175  	
-0.5289  	-0.2900  	0.13072  	-1.6894  	-1.2687  	-0.8055  	-0.2254  	-0.3971  	0.18007  	0.80260  	0.88811  	-0.1385  	-0.4217  	-1.4344  	-0.4980  	0.84381  	-0.1954  	-0.2081  	0.26698  	0.67680  	0.37731  	-0.5776  	-0.2806  	0.07245  	-0.5374  	0.00547  	-0.1513  	0.16219  	-0.2936  	-0.1532  	-0.0212  	0.30271  	0.09906  	0.06596  	0.07051  	0.02618  	0.39738  	0.01589  	-0.2667  	0.66823  	0.19855  	-0.0854  	-0.0272  	0.04684  	-0.0240  	-0.0220  	-0.0053  	-0.0027  	-0.0155  	0.01388  	0.00550  	-0.0120  	-0.0217  	0.02427  	-0.0413  	-0.0290  	-0.0113  	-0.0002  	0.00245  	0.04216  	0.01104  	-0.0225  	-0.0061  	0.00524  	0.03781  	-0.1085  	0.06732  	-0.0065  	-0.0352  	0.51143  	
-0.3511  	-0.2811  	0.18545  	-1.4168  	-1.0390  	-0.7476  	-0.2118  	-0.3666  	0.16867  	0.88448  	0.84578  	-0.0396  	-0.3742  	-1.3947  	-0.4648  	1.00010  	-0.2401  	-0.1984  	0.25092  	0.70792  	0.28981  	-0.5688  	-0.4228  	0.06380  	-0.4448  	-0.0403  	-0.0862  	0.18486  	-0.3248  	-0.0823  	-0.0404  	0.33098  	0.08813  	0.04639  	0.07537  	0.08079  	0.35731  	0.01286  	-0.2463  	0.70139  	0.13906  	-0.0756  	-0.0389  	0.02560  	-0.0320  	-0.0221  	-0.0089  	0.01805  	0.00044  	0.00054  	0.00940  	-0.0105  	-0.0193  	0.02471  	-0.0392  	-0.0293  	-0.0049  	-0.0060  	-0.0073  	0.04414  	0.00709  	-0.0335  	-0.0025  	0.00721  	0.03747  	-0.1093  	0.06939  	-0.0068  	-0.0337  	0.50295  	
-0.2734  	-0.2464  	0.26354  	-1.2774  	-0.9263  	-0.7287  	-0.1788  	-0.3364  	0.17466  	0.92976  	0.80973  	0.02156  	-0.3410  	-1.3479  	-0.4629  	1.09908  	-0.2940  	-0.1842  	0.26269  	0.73273  	0.20848  	-0.5294  	-0.5244  	0.06030  	-0.3806  	-0.0466  	-0.0950  	0.23659  	-0.2422  	-0.0689  	-0.0672  	0.32843  	0.09573  	0.05559  	0.06828  	0.12570  	0.28755  	0.02531  	-0.1940  	0.71995  	0.13609  	-0.0625  	-0.0273  	0.03994  	-0.0316  	-0.0288  	-0.0149  	0.04255  	0.01540  	-0.0109  	0.01282  	-0.0116  	-0.0186  	0.02076  	-0.0343  	-0.0332  	-0.0070  	-0.0086  	-0.0045  	0.04426  	0.01104  	-0.0357  	0.00203  	0.00865  	0.03846  	-0.1105  	0.07120  	-0.0074  	-0.0331  	0.50016  	
-0.3154  	-0.3100  	0.19366  	-1.4252  	-1.0104  	-0.7152  	-0.1809  	-0.3527  	0.16232  	0.89389  	0.87724  	-0.0125  	-0.3553  	-1.4284  	-0.5338  	1.08576  	-0.2767  	-0.1960  	0.27838  	0.74411  	0.26048  	-0.5578  	-0.5250  	0.08945  	-0.3619  	-0.0474  	-0.0657  	0.21221  	-0.3233  	-0.0737  	-0.0519  	0.35626  	0.09455  	0.04784  	0.09552  	0.12512  	0.35327  	0.02639  	-0.2205  	0.70340  	0.11308  	-0.0711  	-0.0361  	0.04490  	-0.0179  	-0.0268  	-0.0184  	0.02649  	0.00761  	-0.0017  	0.01548  	-0.0134  	-0.0198  	0.02560  	-0.0339  	-0.0290  	-0.0033  	-0.0078  	-0.0054  	0.04980  	0.01160  	-0.0405  	-0.0017  	0.00545  	0.03895  	-0.1111  	0.07277  	-0.0079  	-0.0323  	0.48318  	
-0.1532  	-0.2464  	0.17498  	-1.2513  	-0.9771  	-0.6191  	-0.1753  	-0.2780  	0.21470  	0.73763  	0.69166  	-0.0154  	-0.3273  	-1.1981  	-0.0929  	0.88059  	-0.2183  	-0.2733  	0.25275  	0.71585  	0.42297  	-0.5349  	-0.4873  	0.19454  	-0.4892  	-0.0217  	-0.0208  	0.05423  	-0.3981  	-0.0840  	-0.0658  	0.34719  	0.12703  	0.06632  	0.22482  	-0.0059  	0.41157  	0.02293  	-0.2766  	0.71687  	0.09733  	-0.0764  	-0.0482  	0.03733  	-0.0336  	-0.0350  	-0.0144  	0.00014  	0.00463  	-0.0081  	0.01479  	-0.0116  	-0.0253  	0.01685  	-0.0494  	-0.0231  	-0.0144  	-0.0131  	-0.0110  	0.05182  	0.00870  	-0.0252  	-0.0231  	0.00679  	0.04027  	-0.1125  	0.07345  	-0.0084  	-0.0318  	0.46756  	
0.03318  	-0.0707  	0.39581  	-0.9633  	-0.8218  	-0.5231  	-0.1449  	-0.0765  	0.23452  	0.75701  	0.38789  	0.02143  	-0.0312  	-0.8412  	0.29768  	0.69510  	-0.1660  	-0.4638  	0.33125  	0.34657  	0.43370  	-0.6331  	-0.6730  	0.10412  	-0.5342  	0.04737  	0.04334  	-0.0335  	-0.1706  	-0.0717  	0.05509  	0.24286  	0.06989  	-0.0879  	0.12640  	-0.1031  	0.22030  	-0.0274  	-0.2969  	0.67942  	0.14722  	0.07372  	-0.1532  	0.14007  	-0.0987  	-0.0207  	-0.0338  	0.08398  	0.00672  	-0.0273  	0.01801  	-0.0097  	-0.0255  	0.03375  	-0.0379  	-0.0200  	-0.0086  	-0.0267  	-0.0102  	0.05519  	0.03213  	-0.0166  	-0.0360  	0.00878  	0.04097  	-0.1138  	0.07207  	-0.0086  	-0.0329  	0.46882  	
-0.0803  	-0.0585  	0.30164  	-0.7913  	-0.7298  	-0.6446  	-0.2730  	-0.0617  	0.21248  	0.67784  	0.48430  	-0.0196  	-0.0285  	-0.8473  	0.31001  	0.70533  	-0.0728  	-0.5857  	0.39546  	0.09822  	0.48970  	-0.8775  	-0.8848  	0.09330  	-0.5661  	0.13900  	-0.0035  	-0.1136  	-0.1095  	-0.0410  	0.19487  	0.20879  	0.01033  	-0.2219  	0.14875  	-0.1230  	0.16337  	-0.0240  	-0.4286  	0.55647  	0.20522  	0.16874  	-0.2567  	0.17443  	-0.1538  	0.01426  	-0.0581  	0.07149  	-0.0285  	-0.0270  	0.01402  	-0.0028  	-0.0253  	0.04748  	-0.0316  	-0.0148  	-0.0234  	-0.0342  	-0.0002  	0.06660  	0.03005  	-0.0151  	-0.0568  	0.00048  	0.04197  	-0.1155  	0.06998  	-0.0089  	-0.0355  	0.47278  	
-0.4450  	-0.2142  	0.11094  	-1.4445  	-1.0135  	-0.9219  	-0.2365  	-0.1983  	0.19716  	0.75469  	0.83365  	0.07224  	-0.2046  	-1.2804  	-0.0316  	0.66388  	-0.1018  	-0.5013  	0.38994  	0.21658  	0.57287  	-1.0168  	-0.9327  	0.12437  	-0.7461  	0.17250  	-0.2024  	-0.0740  	-0.2096  	-0.1805  	0.23170  	0.20783  	-0.0225  	-0.2584  	0.02571  	-0.1670  	0.17588  	0.00455  	-0.4683  	0.53602  	0.30024  	0.17937  	-0.3147  	0.14892  	-0.1603  	0.02435  	-0.0606  	0.05753  	-0.0429  	-0.0245  	0.01615  	-0.0009  	-0.0274  	0.04709  	-0.0431  	-0.0278  	-0.0174  	-0.0258  	-0.0026  	0.05617  	0.02640  	-0.0326  	-0.0612  	-0.0039  	0.04267  	-0.1172  	0.06770  	-0.0093  	-0.0366  	0.46806  	
-0.5204  	-0.2937  	0.27022  	-1.6283  	-1.1340  	-0.8721  	-0.2669  	-0.2746  	0.18084  	0.78596  	0.94291  	-0.0660  	-0.3067  	-1.4935  	-0.3380  	0.75495  	-0.0716  	-0.4802  	0.41133  	0.20923  	0.56001  	-0.9645  	-0.7991  	0.09808  	-0.6738  	0.15782  	-0.1207  	-0.0829  	-0.2067  	-0.1723  	0.18405  	0.21686  	-0.0246  	-0.2368  	-0.0399  	-0.0175  	0.23036  	0.00148  	-0.4955  	0.52943  	0.30298  	0.15902  	-0.2768  	0.16355  	-0.1285  	0.01305  	-0.0489  	0.02272  	-0.0356  	-0.0258  	0.00653  	-0.0110  	-0.0220  	0.06087  	-0.0328  	-0.0279  	-0.0144  	-0.0270  	0.00684  	0.06230  	0.01834  	-0.0190  	-0.0421  	0.01334  	0.04465  	-0.1187  	0.06499  	-0.0098  	-0.0375  	0.47122  	
-0.3390  	-0.3088  	0.18487  	-1.3995  	-1.0576  	-0.7977  	-0.2468  	-0.3656  	0.13482  	0.81966  	0.83048  	-0.0007  	-0.3444  	-1.5036  	-0.4222  	0.90467  	-0.1342  	-0.3246  	0.31405  	0.45873  	0.33402  	-0.7883  	-0.6492  	0.09401  	-0.5474  	0.09845  	-0.1466  	0.10167  	-0.2342  	-0.1042  	0.07468  	0.24657  	-0.0026  	-0.0994  	-0.0212  	0.01688  	0.26240  	0.00721  	-0.3404  	0.63621  	0.23722  	0.04695  	-0.1615  	0.12390  	-0.0916  	0.00209  	-0.0305  	0.03687  	-0.0252  	-0.0060  	0.00322  	-0.0019  	-0.0238  	0.03576  	-0.0302  	-0.0379  	-0.0144  	-0.0100  	-0.0106  	0.03846  	0.00871  	-0.0323  	-0.0144  	0.00609  	0.04648  	-0.1190  	0.06244  	-0.0104  	-0.0390  	0.48509  	
-0.3139  	-0.2553  	0.22075  	-1.3365  	-0.9696  	-0.7723  	-0.1883  	-0.3614  	0.17902  	0.92870  	0.80991  	0.00671  	-0.3720  	-1.3814  	-0.5124  	1.03237  	-0.2628  	-0.1358  	0.25576  	0.75614  	0.22509  	-0.5399  	-0.4777  	0.03471  	-0.4250  	-0.0366  	-0.1406  	0.25903  	-0.2340  	-0.0778  	-0.0576  	0.30693  	0.09712  	0.05340  	0.06827  	0.11496  	0.29713  	0.00456  	-0.2072  	0.71647  	0.15403  	-0.0809  	-0.0297  	0.03657  	-0.0283  	-0.0251  	-0.0124  	0.03436  	0.00404  	-0.0017  	0.01183  	-0.0127  	-0.0184  	0.02056  	-0.0380  	-0.0286  	-0.0053  	-0.0064  	-0.0061  	0.04525  	0.01068  	-0.0325  	-0.0055  	0.00478  	0.04879  	-0.1199  	0.06051  	-0.0109  	-0.0406  	0.49682  	
-0.2931  	-0.2821  	0.25576  	-1.3733  	-0.9358  	-0.7158  	-0.1580  	-0.3897  	0.17332  	0.95226  	0.86393  	-0.0051  	-0.3643  	-1.4108  	-0.5918  	1.12540  	-0.3082  	-0.1588  	0.25028  	0.73717  	0.19664  	-0.5384  	-0.5307  	0.05209  	-0.3979  	-0.0325  	-0.0900  	0.25501  	-0.2184  	-0.0628  	-0.0661  	0.33361  	0.09288  	0.07971  	0.09343  	0.12833  	0.29060  	0.02358  	-0.2025  	0.71801  	0.14699  	-0.0677  	-0.0275  	0.04638  	-0.0196  	-0.0288  	-0.0290  	0.03546  	0.01636  	-0.0112  	0.02074  	-0.0131  	-0.0181  	0.02597  	-0.0367  	-0.0249  	-0.0131  	-0.0108  	-0.0048  	0.04678  	0.00887  	-0.0356  	-0.0014  	0.00580  	0.05066  	-0.1196  	0.05897  	-0.0113  	-0.0420  	0.51348  	
-0.3267  	-0.2710  	0.22217  	-1.4290  	-0.9899  	-0.6788  	-0.1748  	-0.3811  	0.17352  	0.89513  	0.81091  	-0.0740  	-0.3714  	-1.3788  	-0.4778  	1.02968  	-0.2655  	-0.1810  	0.25665  	0.72035  	0.27071  	-0.5296  	-0.4800  	0.05046  	-0.3768  	-0.0468  	-0.0619  	0.23984  	-0.2660  	-0.0631  	-0.0568  	0.34713  	0.08723  	0.07235  	0.08311  	0.11320  	0.32851  	0.02442  	-0.2031  	0.70241  	0.13331  	-0.0674  	-0.0315  	0.04586  	-0.0216  	-0.0300  	-0.0254  	0.02695  	0.00924  	-0.0024  	0.01871  	-0.0087  	-0.0125  	0.02897  	-0.0363  	-0.0265  	-0.0084  	-0.0090  	-0.0048  	0.04780  	0.01349  	-0.0344  	-0.0009  	0.00311  	0.05172  	-0.1192  	0.05810  	-0.0118  	-0.0430  	0.52122  	
-0.4370  	-0.2778  	0.17387  	-1.4390  	-1.0615  	-0.6879  	-0.2140  	-0.3779  	0.15527  	0.77348  	0.71943  	-0.1334  	-0.4077  	-1.3536  	-0.3860  	0.89780  	-0.1838  	-0.2240  	0.26973  	0.64905  	0.30126  	-0.5516  	-0.3915  	0.11236  	-0.3818  	-0.0409  	-0.0506  	0.15684  	-0.2964  	-0.0580  	-0.0654  	0.35088  	0.07696  	0.05439  	0.08628  	0.08674  	0.37300  	0.02608  	-0.2162  	0.70079  	0.13833  	-0.0807  	-0.0382  	0.04505  	-0.0376  	-0.0235  	-0.0184  	0.01164  	-0.0092  	0.00095  	0.01607  	-0.0064  	-0.0221  	0.02378  	-0.0385  	-0.0256  	-0.0051  	0.00110  	-0.0036  	0.03896  	0.01261  	-0.0364  	-0.0039  	0.00748  	0.05180  	-0.1180  	0.05828  	-0.0121  	-0.0442  	0.52807  	
-0.4116  	-0.2621  	0.17789  	-1.4828  	-1.0966  	-0.6930  	-0.2467  	-0.3516  	0.19047  	0.77631  	0.75815  	-0.1274  	-0.3759  	-1.3048  	-0.2944  	0.84466  	-0.1930  	-0.2441  	0.26644  	0.62465  	0.38524  	-0.5242  	-0.3365  	0.08330  	-0.4777  	-0.0130  	-0.0909  	0.07553  	-0.3477  	-0.0871  	-0.0263  	0.33485  	0.10732  	0.06809  	0.11127  	0.01579  	0.40400  	0.02699  	-0.2575  	0.66445  	0.16043  	-0.0817  	-0.0257  	0.02630  	-0.0364  	-0.0312  	-0.0146  	-0.0042  	-0.0090  	-0.0060  	-0.0020  	-0.0113  	-0.0198  	0.02713  	-0.0397  	-0.0278  	-0.0075  	-0.0033  	-0.0038  	0.03963  	0.01224  	-0.0244  	-0.0055  	0.01376  	0.05119  	-0.1174  	0.05897  	-0.0123  	-0.0455  	0.53738  	
-0.3548  	-0.2285  	0.21325  	-1.4509  	-1.0617  	-0.6667  	-0.2386  	-0.2898  	0.21181  	0.79582  	0.79807  	-0.0276  	-0.3559  	-1.1916  	-0.2591  	0.83936  	-0.2368  	-0.2021  	0.27080  	0.65361  	0.42086  	-0.5157  	-0.3427  	0.04451  	-0.5503  	-0.0168  	-0.1232  	0.07107  	-0.3348  	-0.1223  	-0.0131  	0.30261  	0.14964  	0.07328  	0.13316  	-0.0156  	0.38792  	0.02977  	-0.2499  	0.67218  	0.16674  	-0.0768  	-0.0231  	0.03058  	-0.0362  	-0.0324  	-0.0096  	0.00694  	-0.0051  	-0.0082  	-0.0018  	-0.0100  	-0.0259  	0.02296  	-0.0436  	-0.0268  	-0.0121  	-0.0067  	-0.0027  	0.03963  	0.01364  	-0.0193  	-0.0061  	0.00830  	0.04850  	-0.1165  	0.06000  	-0.0124  	-0.0453  	0.53115  	
-0.2920  	-0.2190  	0.23863  	-1.4272  	-1.0028  	-0.6999  	-0.1740  	-0.2838  	0.23064  	0.84599  	0.80883  	-0.0188  	-0.3304  	-1.1975  	-0.3213  	0.91903  	-0.2875  	-0.1651  	0.23122  	0.74920  	0.33699  	-0.5506  	-0.4108  	0.01517  	-0.5547  	-0.0171  	-0.2059  	0.20660  	-0.2475  	-0.1279  	-0.0234  	0.28856  	0.16541  	0.07362  	0.10402  	0.03121  	0.33216  	-0.0001  	-0.2381  	0.70561  	0.16125  	-0.0858  	-0.0263  	0.02716  	-0.0329  	-0.0341  	-0.0052  	0.01904  	0.00049  	-0.0044  	0.00477  	-0.0162  	-0.0205  	0.01717  	-0.0419  	-0.0262  	-0.0071  	-0.0038  	-0.0037  	0.04626  	0.01262  	-0.0238  	-0.0031  	0.00814  	0.04592  	-0.1171  	0.06107  	-0.0126  	-0.0444  	0.52235  	
-0.2835  	-0.2349  	0.26646  	-1.3909  	-1.0049  	-0.6856  	-0.1583  	-0.3018  	0.22506  	0.87402  	0.83237  	-0.0262  	-0.3358  	-1.2327  	-0.3584  	0.97642  	-0.2958  	-0.1635  	0.24194  	0.78662  	0.31136  	-0.5415  	-0.4834  	0.04150  	-0.4895  	-0.0320  	-0.1718  	0.22848  	-0.2412  	-0.1251  	-0.0484  	0.30311  	0.13542  	0.07456  	0.12553  	0.06175  	0.32278  	0.00325  	-0.2303  	0.71067  	0.15738  	-0.0863  	-0.0364  	0.01836  	-0.0299  	-0.0325  	-0.0062  	0.02300  	0.00117  	-0.0023  	0.01925  	-0.0145  	-0.0219  	0.01417  	-0.0366  	-0.0255  	-0.0030  	-0.0050  	-0.0078  	0.04416  	0.01019  	-0.0343  	-0.0064  	0.00943  	0.04294  	-0.1186  	0.06135  	-0.0128  	-0.0441  	0.51931  	
-0.2084  	-0.2386  	0.27171  	-1.3794  	-0.9820  	-0.6449  	-0.1342  	-0.3082  	0.23705  	0.88905  	0.78875  	-0.0227  	-0.3193  	-1.2691  	-0.3735  	1.01783  	-0.3082  	-0.1605  	0.24253  	0.78469  	0.26462  	-0.5384  	-0.5191  	0.01609  	-0.4534  	-0.0397  	-0.1649  	0.26775  	-0.2049  	-0.1059  	-0.0464  	0.30331  	0.12401  	0.08454  	0.10373  	0.08503  	0.29136  	0.00727  	-0.2075  	0.74281  	0.16250  	-0.0803  	-0.0315  	0.03321  	-0.0367  	-0.0274  	-0.0100  	0.02748  	-0.0019  	-0.0039  	0.01588  	-0.0132  	-0.0220  	0.01443  	-0.0348  	-0.0277  	-0.0044  	-0.0068  	-0.0047  	0.04376  	0.00974  	-0.0314  	-0.0046  	0.00902  	0.04126  	-0.1210  	0.06154  	-0.0129  	-0.0438  	0.50331  	
-0.2005  	-0.2299  	0.28012  	-1.3701  	-1.0078  	-0.6302  	-0.1623  	-0.3105  	0.21785  	0.84478  	0.75876  	-0.0513  	-0.3419  	-1.2538  	-0.3484  	0.99753  	-0.2780  	-0.1982  	0.25093  	0.77552  	0.33351  	-0.5380  	-0.4750  	0.06142  	-0.4537  	-0.0447  	-0.0964  	0.19108  	-0.2906  	-0.1179  	-0.0557  	0.32868  	0.12381  	0.07372  	0.14201  	0.06457  	0.34285  	0.01967  	-0.2231  	0.73124  	0.15472  	-0.0723  	-0.0237  	0.03973  	-0.0328  	-0.0300  	-0.0109  	0.02891  	0.00219  	-0.0007  	0.01817  	-0.0146  	-0.0190  	0.02000  	-0.0366  	-0.0248  	-0.0024  	-0.0068  	-0.0058  	0.04819  	0.01070  	-0.0303  	-0.0041  	0.00961  	0.03933  	-0.1227  	0.06185  	-0.0128  	-0.0432  	0.48997  	
-0.1353  	-0.2087  	0.32475  	-1.3271  	-1.0000  	-0.5810  	-0.1648  	-0.2775  	0.21507  	0.75738  	0.70494  	-0.0927  	-0.3277  	-1.1443  	-0.2039  	0.94535  	-0.2559  	-0.2450  	0.23944  	0.72228  	0.42955  	-0.5238  	-0.4089  	0.11001  	-0.5046  	-0.0383  	-0.0648  	0.09029  	-0.3442  	-0.1082  	-0.0647  	0.32840  	0.14153  	0.06927  	0.19685  	-0.0112  	0.39321  	0.02902  	-0.2624  	0.70913  	0.14669  	-0.0727  	-0.0293  	0.03293  	-0.0346  	-0.0229  	-0.0130  	0.02766  	-0.0020  	-0.0056  	0.01130  	-0.0081  	-0.0262  	0.01638  	-0.0428  	-0.0288  	-0.0026  	-0.0083  	-0.0111  	0.03925  	0.00522  	-0.0275  	-0.0101  	0.00708  	0.03808  	-0.1248  	0.06155  	-0.0130  	-0.0423  	0.48855  	
-0.0694  	-0.1442  	0.35909  	-1.2841  	-1.0327  	-0.5865  	-0.1673  	-0.1856  	0.26244  	0.70767  	0.73163  	-0.0571  	-0.2931  	-1.0329  	-0.0012  	0.91616  	-0.2413  	-0.2680  	0.24264  	0.64981  	0.55187  	-0.4992  	-0.3636  	0.14862  	-0.5119  	-0.0421  	-0.0325  	-0.0465  	-0.4469  	-0.1309  	-0.0404  	0.33744  	0.16553  	0.07468  	0.24146  	-0.0874  	0.47547  	0.06450  	-0.2836  	0.68274  	0.12866  	-0.0771  	-0.0440  	0.03459  	-0.0446  	-0.0263  	-0.0135  	0.01783  	-0.0065  	0.00116  	-0.0025  	-0.0083  	-0.0200  	0.02436  	-0.0412  	-0.0268  	-0.0133  	-0.0100  	-0.0072  	0.04524  	0.02251  	-0.0194  	-0.0069  	0.00702  	0.03760  	-0.1262  	0.06094  	-0.0130  	-0.0427  	0.49212  	
0.00300  	-0.1084  	0.36792  	-1.2790  	-1.0688  	-0.5323  	-0.1698  	-0.1076  	0.31014  	0.65241  	0.77673  	-0.0580  	-0.2593  	-0.9700  	0.06983  	0.89153  	-0.2163  	-0.2918  	0.23340  	0.59866  	0.62856  	-0.5013  	-0.3132  	0.15352  	-0.5669  	-0.0312  	-0.0201  	-0.1102  	-0.4992  	-0.1467  	-0.0315  	0.33342  	0.18640  	0.06396  	0.26670  	-0.1489  	0.51590  	0.07861  	-0.3157  	0.64242  	0.12185  	-0.0868  	-0.0451  	0.03222  	-0.0428  	-0.0227  	-0.0069  	0.00793  	-0.0047  	0.00241  	-0.0105  	-0.0105  	-0.0236  	0.02229  	-0.0429  	-0.0231  	-0.0203  	-0.0068  	-0.0106  	0.04179  	0.02415  	-0.0134  	-0.0105  	0.00483  	0.03827  	-0.1270  	0.06047  	-0.0133  	-0.0430  	0.50026  	
0.05283  	-0.0647  	0.43673  	-1.2694  	-1.1106  	-0.4888  	-0.1721  	-0.0462  	0.35954  	0.61588  	0.81322  	-0.0312  	-0.2536  	-0.8993  	0.09261  	0.94203  	-0.2122  	-0.3267  	0.24987  	0.56976  	0.72197  	-0.4757  	-0.2548  	0.17159  	-0.5948  	-0.0392  	0.01831  	-0.1895  	-0.5792  	-0.1488  	-0.0288  	0.34183  	0.18980  	0.05533  	0.28250  	-0.2049  	0.58458  	0.09733  	-0.3339  	0.62946  	0.10131  	-0.0862  	-0.0336  	0.02483  	-0.0432  	-0.0245  	-0.0095  	0.02754  	-0.0019  	0.00736  	-0.0186  	-0.0102  	-0.0260  	0.02424  	-0.0463  	-0.0125  	-0.0215  	-0.0106  	-0.0162  	0.04822  	0.02357  	-0.0130  	-0.0161  	0.00443  	0.03878  	-0.1256  	0.06037  	-0.0134  	-0.0429  	0.49855  	
0.10527  	-0.0542  	0.47386  	-1.2652  	-1.1025  	-0.4602  	-0.1606  	-0.0368  	0.36019  	0.62685  	0.82946  	-0.0087  	-0.2393  	-0.8763  	0.05059  	0.98688  	-0.2101  	-0.3289  	0.24318  	0.56938  	0.70913  	-0.4741  	-0.2459  	0.19850  	-0.5984  	-0.0343  	0.02536  	-0.1869  	-0.5741  	-0.1466  	-0.0284  	0.33299  	0.19521  	0.05868  	0.28408  	-0.1989  	0.56476  	0.08901  	-0.3096  	0.62164  	0.08790  	-0.0818  	-0.0310  	0.02406  	-0.0466  	-0.0241  	-0.0121  	0.03523  	0.00426  	0.00790  	-0.0088  	-0.0078  	-0.0230  	0.02526  	-0.0469  	-0.0123  	-0.0275  	-0.0075  	-0.0152  	0.04806  	0.02166  	-0.0098  	-0.0081  	0.00567  	0.03860  	-0.1237  	0.06130  	-0.0135  	-0.0421  	0.48294  	
0.12150  	-0.0778  	0.43695  	-1.0272  	-0.8867  	-0.4181  	-0.1392  	-0.0802  	0.28990  	0.68318  	0.55498  	-0.0365  	-0.1443  	-0.7281  	0.15708  	0.89017  	-0.2262  	-0.3033  	0.23178  	0.59399  	0.50684  	-0.4476  	-0.3908  	0.14472  	-0.4261  	-0.0630  	0.02385  	-0.0164  	-0.3681  	-0.0559  	-0.0583  	0.30268  	0.16568  	0.06472  	0.24676  	-0.1205  	0.40116  	0.00809  	-0.2436  	0.67984  	0.05501  	-0.0513  	-0.0486  	0.02858  	-0.0407  	-0.0190  	-0.0249  	0.05505  	0.01096  	0.00319  	0.01330  	-0.0115  	-0.0236  	0.01693  	-0.0474  	-0.0044  	-0.0208  	-0.0094  	-0.0106  	0.04294  	0.01788  	-0.0120  	-0.0102  	-0.0004  	0.03665  	-0.1213  	0.06218  	-0.0131  	-0.0419  	0.48339  	
0.12515  	-0.0429  	0.29900  	-0.6915  	-0.6694  	-0.4056  	-0.0840  	-0.0962  	0.31098  	0.73421  	0.20862  	-0.1176  	-0.0096  	-0.5618  	0.41680  	0.76945  	-0.2671  	-0.2928  	0.20550  	0.58374  	0.27926  	-0.3654  	-0.4445  	0.05472  	-0.3092  	-0.0737  	0.06669  	0.09733  	-0.0619  	0.08852  	-0.0726  	0.26319  	0.15843  	0.07975  	0.18184  	-0.0998  	0.24353  	-0.0560  	-0.1379  	0.73618  	0.03337  	-0.0430  	-0.0323  	0.03640  	-0.0323  	-0.0170  	-0.0296  	0.06592  	0.03552  	-0.0037  	0.01055  	-0.0095  	-0.0199  	0.01846  	-0.0399  	0.00436  	-0.0235  	-0.0182  	-0.0059  	0.05777  	0.01920  	-0.0052  	-0.0236  	0.00068  	0.03348  	-0.1202  	0.06365  	-0.0126  	-0.0427  	0.49625  	
-0.0532  	-0.0973  	0.14984  	-0.6301  	-0.6160  	-0.6633  	-0.1753  	-0.0881  	0.29769  	0.81489  	0.38792  	-0.0710  	-0.0488  	-0.4543  	0.39827  	0.78215  	-0.3229  	-0.2956  	0.19510  	0.63917  	0.31042  	-0.3757  	-0.5590  	0.16189  	-0.3395  	-0.0768  	0.01509  	0.05479  	-0.1490  	0.06564  	-0.0112  	0.27839  	0.14912  	0.08661  	0.28802  	-0.1215  	0.21808  	-0.0813  	-0.2068  	0.75450  	0.01030  	-0.0410  	-0.0698  	-0.0030  	-0.0361  	-0.0241  	-0.0042  	0.03314  	0.01560  	-0.0077  	-0.0007  	-0.0110  	-0.0278  	0.01954  	-0.0489  	-0.0096  	-0.0218  	-0.0133  	-0.0145  	0.06058  	0.02228  	-0.0132  	-0.0375  	0.00549  	0.02940  	-0.1185  	0.06519  	-0.0117  	-0.0419  	0.49467  	
-0.3924  	-0.2576  	0.00910  	-1.0757  	-0.7893  	-0.9544  	-0.0909  	-0.1605  	0.20068  	0.82716  	0.72671  	0.11531  	-0.1871  	-0.8731  	0.08943  	0.74075  	-0.2729  	-0.2289  	0.25644  	0.82814  	0.35518  	-0.4377  	-0.5204  	0.16857  	-0.5158  	-0.0313  	-0.1404  	0.11764  	-0.2786  	-0.0985  	-0.0327  	0.26244  	0.19757  	0.04285  	0.25496  	-0.0617  	0.30690  	-0.0300  	-0.2196  	0.77011  	0.00903  	-0.0206  	-0.0958  	0.01362  	-0.0233  	-0.0349  	-0.0122  	0.02411  	-0.0059  	0.00303  	-0.0165  	0.00067  	-0.0331  	0.00740  	-0.0383  	-0.0352  	-0.0086  	-0.0094  	-0.0158  	0.04962  	0.01523  	0.00272  	-0.0399  	0.00197  	0.02730  	-0.1170  	0.06660  	-0.0109  	-0.0402  	0.49046  	
-0.6864  	-0.3476  	0.04806  	-1.7215  	-1.0748  	-1.0438  	-0.1805  	-0.4082  	0.20874  	0.93592  	0.91370  	-0.0746  	-0.3451  	-1.2850  	-0.3663  	0.75751  	-0.2337  	-0.1700  	0.20982  	0.77603  	0.35283  	-0.5797  	-0.4333  	0.10604  	-0.6357  	0.01733  	-0.2403  	0.10786  	-0.4034  	-0.1787  	0.01508  	0.27150  	0.16994  	0.08196  	0.16129  	-0.0107  	0.33924  	0.01545  	-0.2635  	0.68669  	0.11038  	-0.0549  	-0.0755  	-0.0216  	-0.0335  	-0.0157  	-0.0156  	0.01707  	-0.0104  	0.00818  	-0.0025  	-0.0042  	-0.0388  	0.02626  	-0.0575  	-0.0302  	-0.0192  	-0.0150  	-0.0095  	0.04216  	0.02000  	-0.0103  	-0.0191  	0.01009  	0.02682  	-0.1150  	0.06729  	-0.0101  	-0.0386  	0.49514  	
-0.8810  	-0.3454  	0.02220  	-1.9754  	-1.2298  	-1.0672  	-0.1665  	-0.4192  	0.18066  	0.96531  	1.06384  	-0.1595  	-0.4005  	-1.3401  	-0.6428  	0.73667  	-0.2552  	-0.1515  	0.23494  	0.70392  	0.30936  	-0.5350  	-0.3331  	0.04432  	-0.6122  	0.02562  	-0.2234  	0.15257  	-0.3398  	-0.1795  	0.02014  	0.26466  	0.16341  	0.08267  	0.01373  	0.00878  	0.28638  	0.01096  	-0.2010  	0.67880  	0.19276  	-0.0574  	-0.0497  	7.50286  	-0.0349  	-0.0264  	-0.0147  	0.01462  	-0.0120  	0.01298  	-0.0114  	-0.0135  	-0.0322  	0.02131  	-0.0518  	-0.0353  	-0.0141  	-0.0028  	-0.0038  	0.04371  	0.02450  	-0.0139  	0.00048  	0.00517  	0.02877  	-0.1136  	0.06831  	-0.0091  	-0.0369  	0.48160  	
-0.9600  	-0.3859  	-0.0494  	-2.0007  	-1.2454  	-1.1245  	-0.1543  	-0.4035  	0.19144  	0.93197  	1.09994  	-0.1477  	-0.3962  	-1.4118  	-0.6296  	0.72830  	-0.2292  	-0.1873  	0.22655  	0.74472  	0.33708  	-0.5574  	-0.2932  	0.05447  	-0.6742  	0.03374  	-0.2447  	0.12501  	-0.3321  	-0.2097  	0.01162  	0.26775  	0.17178  	0.07848  	-0.0151  	-0.0298  	0.31704  	-0.0050  	-0.2195  	0.65250  	0.21366  	-0.0675  	-0.0469  	0.00901  	-0.0340  	-0.0275  	-0.0074  	0.01030  	0.00305  	0.01344  	-0.0127  	-0.0236  	-0.0332  	0.02477  	-0.0450  	-0.0384  	-0.0206  	-0.0025  	-0.0082  	0.04236  	0.02873  	-0.0112  	-0.0009  	0.00936  	0.03106  	-0.1117  	0.06936  	-0.0080  	-0.0350  	0.47740  	
-0.8690  	-0.3295  	0.01576  	-1.9254  	-1.2176  	-1.0703  	-0.1800  	-0.3014  	0.23414  	0.90613  	1.07056  	-0.1377  	-0.3696  	-1.3432  	-0.6043  	0.71381  	-0.2224  	-0.2217  	0.25083  	0.77667  	0.42024  	-0.5936  	-0.3099  	0.08142  	-0.6780  	0.01896  	-0.2344  	0.13321  	-0.3096  	-0.1831  	0.00775  	0.25720  	0.15983  	0.08910  	0.03611  	-0.0686  	0.34397  	-0.0193  	-0.1997  	0.63692  	0.20137  	-0.0751  	-0.0591  	0.01141  	-0.0339  	-0.0306  	-0.0158  	0.01254  	0.00183  	0.00073  	-0.0020  	-0.0182  	-0.0364  	0.02745  	-0.0475  	-0.0275  	-0.0170  	-0.0076  	-0.0091  	0.04432  	0.02601  	-0.0100  	-0.0050  	0.01109  	0.03381  	-0.1107  	0.06976  	-0.0073  	-0.0334  	0.47928  	
-0.6144  	-0.2581  	0.06645  	-1.7757  	-1.2201  	-0.9530  	-0.2363  	-0.1709  	0.25294  	0.86842  	0.99189  	-0.0653  	-0.3087  	-1.2004  	-0.3581  	0.71488  	-0.2301  	-0.2105  	0.27268  	0.76002  	0.47443  	-0.5615  	-0.2784  	0.10385  	-0.6007  	-0.0004  	-0.1839  	0.08242  	-0.3116  	-0.1671  	0.02243  	0.24924  	0.17495  	0.06866  	0.07091  	-0.0865  	0.35611  	-0.0239  	-0.1895  	0.66274  	0.17498  	-0.0940  	-0.0482  	0.01469  	-0.0354  	-0.0282  	-0.0129  	0.00879  	0.00139  	-0.0086  	0.00327  	-0.0129  	-0.0354  	0.01620  	-0.0493  	-0.0302  	-0.0141  	-0.0119  	-0.0104  	0.04255  	0.01936  	-0.0130  	-0.0120  	0.00996  	0.03670  	-0.1094  	0.07029  	-0.0069  	-0.0327  	0.47768  	
-0.3122  	-0.1398  	0.25270  	-1.5076  	-1.0553  	-0.7224  	-0.2029  	-0.1741  	0.31002  	0.79597  	0.72341  	0.01386  	-0.2182  	-1.0006  	-0.1907  	0.79678  	-0.2511  	-0.1969  	0.23223  	0.70917  	0.45935  	-0.5463  	-0.3175  	0.12181  	-0.6585  	0.01635  	-0.1804  	0.05903  	-0.3687  	-0.1479  	0.02767  	0.26095  	0.20206  	0.07209  	0.09289  	-0.1263  	0.33399  	-0.0053  	-0.2104  	0.71786  	0.18372  	-0.0990  	-0.0375  	0.03137  	-0.0507  	-0.0174  	-0.0008  	0.02655  	-0.0057  	0.00354  	0.00391  	-0.0164  	-0.0393  	0.01697  	-0.0561  	-0.0196  	-0.0209  	-0.0033  	-0.0077  	0.04029  	0.02626  	-0.0140  	-0.0196  	0.00032  	0.03954  	-0.1083  	0.07093  	-0.0073  	-0.0326  	0.48520  	
-0.0421  	-0.0821  	0.39180  	-1.3032  	-0.9928  	-0.5499  	-0.1884  	-0.1006  	0.32676  	0.76088  	0.55731  	0.02417  	-0.1411  	-0.8636  	0.08047  	0.86169  	-0.2305  	-0.2573  	0.24360  	0.64982  	0.45461  	-0.4674  	-0.2666  	0.06249  	-0.6056  	-0.0107  	-0.1301  	0.03655  	-0.3761  	-0.1073  	0.03447  	0.27555  	0.20837  	0.06026  	0.11307  	-0.1735  	0.40372  	0.01612  	-0.2340  	0.69488  	0.16110  	-0.1057  	0.00546  	0.04794  	-0.0477  	-0.0276  	-0.0054  	0.04883  	0.00944  	0.00025  	-0.0201  	-0.0125  	-0.0279  	0.01924  	-0.0439  	-0.0193  	-0.0274  	-0.0161  	-0.0132  	0.04777  	0.02760  	-0.0082  	-0.0197  	0.00331  	0.04079  	-0.1069  	0.07169  	-0.0076  	-0.0319  	0.47454  	
0.07500  	-0.0580  	0.49100  	-1.3215  	-1.1237  	-0.4840  	-0.1852  	-0.0514  	0.32304  	0.69775  	0.78151  	-0.0269  	-0.2418  	-0.8950  	0.04723  	0.93569  	-0.2207  	-0.2960  	0.26142  	0.58967  	0.67972  	-0.4478  	-0.2455  	0.13472  	-0.5643  	-0.0293  	-0.0235  	-0.1641  	-0.5109  	-0.1374  	-0.0171  	0.32580  	0.18692  	0.05239  	0.21047  	-0.1708  	0.55281  	0.08604  	-0.2860  	0.62589  	0.11830  	-0.0894  	0.01220  	0.03273  	-0.0500  	-0.0265  	-0.0074  	0.04250  	0.00596  	0.00875  	-0.0189  	-0.0143  	-0.0210  	0.02660  	-0.0441  	-0.0091  	-0.0208  	-0.0120  	-0.0206  	0.05332  	0.01890  	-0.0103  	-0.0151  	0.00761  	0.04185  	-0.1075  	0.07224  	-0.0081  	-0.0314  	0.46463  	
0.09561  	-0.0527  	0.49744  	-1.2891  	-1.1539  	-0.4495  	-0.1751  	-0.0045  	0.36108  	0.62243  	0.87135  	0.01623  	-0.2652  	-0.8845  	0.05273  	1.00239  	-0.2151  	-0.3351  	0.26441  	0.56866  	0.78111  	-0.4751  	-0.2216  	0.18976  	-0.6126  	-0.0424  	0.02356  	-0.2290  	-0.6187  	-0.1594  	-0.0330  	0.35068  	0.19506  	0.06361  	0.26723  	-0.2135  	0.61817  	0.11906  	-0.3213  	0.59977  	0.10348  	-0.0865  	-0.0220  	0.03002  	-0.0433  	-0.0242  	-0.0098  	0.04075  	0.00412  	0.00766  	-0.0223  	-0.0097  	-0.0208  	0.03308  	-0.0494  	-0.0116  	-0.0296  	-0.0085  	-0.0182  	0.04950  	0.02580  	-0.0131  	-0.0119  	0.00659  	0.04115  	-0.1092  	0.07169  	-0.0086  	-0.0321  	0.47577  	
0.08238  	-0.0630  	0.47606  	-1.2900  	-1.1198  	-0.4685  	-0.1676  	-0.0293  	0.36528  	0.64349  	0.87379  	0.00941  	-0.2600  	-0.8937  	0.03774  	0.98424  	-0.2070  	-0.3343  	0.23830  	0.57051  	0.72109  	-0.4917  	-0.2321  	0.18374  	-0.6246  	-0.0344  	0.00797  	-0.1843  	-0.5988  	-0.1541  	-0.0259  	0.34167  	0.19784  	0.06099  	0.27355  	-0.2077  	0.58869  	0.10688  	-0.3185  	0.60987  	0.10061  	-0.0859  	-0.0266  	0.02566  	-0.0464  	-0.0235  	-0.0115  	0.03148  	0.00091  	0.00572  	-0.0158  	-0.0065  	-0.0221  	0.02891  	-0.0465  	-0.0131  	-0.0264  	-0.0084  	-0.0145  	0.04950  	0.02429  	-0.0111  	-0.0112  	0.00787  	0.04070  	-0.1124  	0.07136  	-0.0092  	-0.0340  	0.48348  	
0.08238  	-0.0630  	0.47606  	-1.2900  	-1.1198  	-0.4685  	-0.1676  	-0.0293  	0.36528  	0.64348  	0.87379  	0.00940  	-0.2600  	-0.8937  	0.03775  	0.98425  	-0.2070  	-0.3343  	0.23830  	0.57051  	0.72110  	-0.4917  	-0.2321  	0.18375  	-0.6246  	-0.0344  	0.00799  	-0.1843  	-0.5988  	-0.1541  	-0.0259  	0.34167  	0.19784  	0.06099  	0.27355  	-0.2077  	0.58870  	0.10688  	-0.3185  	0.60987  	0.10060  	-0.0859  	-0.0266  	0.02567  	-0.0464  	-0.0235  	-0.0115  	0.03147  	0.00091  	0.00572  	-0.0158  	-0.0065  	-0.0221  	0.02891  	-0.0465  	-0.0131  	-0.0264  	-0.0084  	-0.0145  	0.04950  	0.02429  	-0.0111  	-0.0112  	0.00787  	0.04008  	-0.1146  	0.07023  	-0.0098  	-0.0346  	0.48452  	
0.08238  	-0.0630  	0.47606  	-1.2900  	-1.1198  	-0.4685  	-0.1676  	-0.0293  	0.36528  	0.64348  	0.87379  	0.00940  	-0.2600  	-0.8937  	0.03775  	0.98425  	-0.2070  	-0.3343  	0.23830  	0.57051  	0.72110  	-0.4917  	-0.2321  	0.18375  	-0.6246  	-0.0344  	0.00799  	-0.1843  	-0.5988  	-0.1541  	-0.0259  	0.34167  	0.19784  	0.06099  	0.27355  	-0.2077  	0.58870  	0.10688  	-0.3185  	0.60987  	0.10060  	-0.0859  	-0.0266  	0.02567  	-0.0464  	-0.0235  	-0.0115  	0.03147  	0.00091  	0.00572  	-0.0158  	-0.0065  	-0.0221  	0.02891  	-0.0465  	-0.0131  	-0.0264  	-0.0084  	-0.0145  	0.04950  	0.02429  	-0.0111  	-0.0112  	0.00787  	0.04110  	-0.1169  	0.06879  	-0.0106  	-0.0350  	0.48833  	
0.08238  	-0.0630  	0.47606  	-1.2900  	-1.1198  	-0.4685  	-0.1676  	-0.0293  	0.36528  	0.64348  	0.87379  	0.00940  	-0.2600  	-0.8937  	0.03775  	0.98425  	-0.2070  	-0.3343  	0.23830  	0.57051  	0.72110  	-0.4917  	-0.2321  	0.18375  	-0.6246  	-0.0344  	0.00799  	-0.1843  	-0.5988  	-0.1541  	-0.0259  	0.34167  	0.19784  	0.06099  	0.27355  	-0.2077  	0.58870  	0.10688  	-0.3185  	0.60987  	0.10060  	-0.0859  	-0.0266  	0.02567  	-0.0464  	-0.0235  	-0.0115  	0.03147  	0.00091  	0.00572  	-0.0158  	-0.0065  	-0.0221  	0.02891  	-0.0465  	-0.0131  	-0.0264  	-0.0084  	-0.0145  	0.04950  	0.02429  	-0.0111  	-0.0112  	0.00787  	0.04244  	-0.1187  	0.06721  	-0.0114  	-0.0360  	0.49923  	
0.08238  	-0.0630  	0.47606  	-1.2900  	-1.1198  	-0.4685  	-0.1676  	-0.0293  	0.36528  	0.64348  	0.87379  	0.00940  	-0.2600  	-0.8937  	0.03775  	0.98425  	-0.2070  	-0.3343  	0.23830  	0.57051  	0.72110  	-0.4917  	-0.2321  	0.18375  	-0.6246  	-0.0344  	0.00799  	-0.1843  	-0.5988  	-0.1541  	-0.0259  	0.34167  	0.19784  	0.06099  	0.27355  	-0.2077  	0.58870  	0.10688  	-0.3185  	0.60987  	0.10060  	-0.0859  	-0.0266  	0.02567  	-0.0464  	-0.0235  	-0.0115  	0.03147  	0.00091  	0.00572  	-0.0158  	-0.0065  	-0.0221  	0.02891  	-0.0465  	-0.0131  	-0.0264  	-0.0084  	-0.0145  	0.04950  	0.02429  	-0.0111  	-0.0112  	0.00787  	0.04456  	-0.1213  	0.06598  	-0.0121  	-0.0370  	0.50595  	
0.08238  	-0.0630  	0.47606  	-1.2900  	-1.1198  	-0.4685  	-0.1676  	-0.0293  	0.36528  	0.64348  	0.87379  	0.00940  	-0.2600  	-0.8937  	0.03775  	0.98425  	-0.2070  	-0.3343  	0.23830  	0.57051  	0.72110  	-0.4917  	-0.2321  	0.18375  	-0.6246  	-0.0344  	0.00799  	-0.1843  	-0.5988  	-0.1541  	-0.0259  	0.34167  	0.19784  	0.06099  	0.27355  	-0.2077  	0.58870  	0.10688  	-0.3185  	0.60987  	0.10060  	-0.0859  	-0.0266  	0.02567  	-0.0464  	-0.0235  	-0.0115  	0.03147  	0.00091  	0.00572  	-0.0158  	-0.0065  	-0.0221  	0.02891  	-0.0465  	-0.0131  	-0.0264  	-0.0084  	-0.0145  	0.04950  	0.02429  	-0.0111  	-0.0112  	0.00787  	0.04668  	-0.1222  	0.06472  	-0.0127  	-0.0378  	0.51261  	
0.08238  	-0.0630  	0.47606  	-1.2900  	-1.1198  	-0.4685  	-0.1676  	-0.0293  	0.36528  	0.64348  	0.87379  	0.00940  	-0.2600  	-0.8937  	0.03775  	0.98425  	-0.2070  	-0.3343  	0.23830  	0.57051  	0.72110  	-0.4917  	-0.2321  	0.18375  	-0.6246  	-0.0344  	0.00799  	-0.1843  	-0.5988  	-0.1541  	-0.0259  	0.34167  	0.19784  	0.06099  	0.27355  	-0.2077  	0.58870  	0.10688  	-0.3185  	0.60987  	0.10060  	-0.0859  	-0.0266  	0.02567  	-0.0464  	-0.0235  	-0.0115  	0.03147  	0.00091  	0.00572  	-0.0158  	-0.0065  	-0.0221  	0.02891  	-0.0465  	-0.0131  	-0.0264  	-0.0084  	-0.0145  	0.04950  	0.02429  	-0.0111  	-0.0112  	0.00787  	0.04828  	-0.1232  	0.06382  	-0.0132  	-0.0382  	0.50933  	
0.08238  	-0.0630  	0.47606  	-1.2900  	-1.1198  	-0.4685  	-0.1676  	-0.0293  	0.36528  	0.64348  	0.87379  	0.00940  	-0.2600  	-0.8937  	0.03775  	0.98425  	-0.2070  	-0.3343  	0.23830  	0.57051  	0.72110  	-0.4917  	-0.2321  	0.18375  	-0.6246  	-0.0344  	0.00799  	-0.1843  	-0.5988  	-0.1541  	-0.0259  	0.34167  	0.19784  	0.06099  	0.27355  	-0.2077  	0.58870  	0.10688  	-0.3185  	0.60987  	0.10060  	-0.0859  	-0.0266  	0.02567  	-0.0464  	-0.0235  	-0.0115  	0.03147  	0.00091  	0.00572  	-0.0158  	-0.0065  	-0.0221  	0.02891  	-0.0465  	-0.0131  	-0.0264  	-0.0084  	-0.0145  	0.04950  	0.02429  	-0.0111  	-0.0112  	0.00787  	0.04846  	-0.1232  	0.06353  	-0.0137  	-0.0390  	0.50923  	
0.08238  	-0.0630  	0.47606  	-1.2900  	-1.1198  	-0.4685  	-0.1676  	-0.0293  	0.36528  	0.64348  	0.87379  	0.00940  	-0.2600  	-0.8937  	0.03775  	0.98425  	-0.2070  	-0.3343  	0.23830  	0.57051  	0.72110  	-0.4917  	-0.2321  	0.18375  	-0.6246  	-0.0344  	0.00799  	-0.1843  	-0.5988  	-0.1541  	-0.0259  	0.34167  	0.19784  	0.06099  	0.27355  	-0.2077  	0.58870  	0.10688  	-0.3185  	0.60987  	0.10060  	-0.0859  	-0.0266  	0.02567  	-0.0464  	-0.0235  	-0.0115  	0.03147  	0.00091  	0.00572  	-0.0158  	-0.0065  	-0.0221  	0.02891  	-0.0465  	-0.0131  	-0.0264  	-0.0084  	-0.0145  	0.04950  	0.02429  	-0.0111  	-0.0112  	0.00787  	0.04749  	-0.1236  	0.06339  	-0.0141  	-0.0401  	0.51391  	
0.08664  	-0.0714  	0.49549  	-1.2612  	-1.0785  	-0.4447  	-0.1473  	-0.0653  	0.35100  	0.68822  	0.81977  	-0.0232  	-0.2317  	-0.8813  	-0.0415  	1.00426  	-0.2256  	-0.3166  	0.22901  	0.59787  	0.66529  	-0.4982  	-0.2981  	0.16970  	-0.5690  	-0.0351  	0.02412  	-0.1421  	-0.5338  	-0.1397  	-0.0268  	0.34041  	0.20296  	0.06298  	0.26796  	-0.1575  	0.53722  	0.07910  	-0.2995  	0.62839  	0.09856  	-0.0831  	-0.0161  	0.02821  	-0.0446  	-0.0242  	-0.0120  	0.03912  	0.00895  	0.00555  	-0.0082  	-0.0099  	-0.0209  	0.02722  	-0.0418  	-0.0127  	-0.0278  	-0.0126  	-0.0123  	0.04972  	0.02703  	-0.0144  	-0.0040  	0.00806  	0.04464  	-0.1235  	0.06321  	-0.0142  	-0.0400  	0.50542  	
-0.1159  	-0.1326  	0.33982  	-1.4632  	-1.1340  	-0.6457  	-0.2308  	-0.1887  	0.31530  	0.85925  	0.79523  	-0.0250  	-0.1611  	-1.0074  	-0.3783  	0.98744  	-0.2122  	-0.1950  	0.23803  	0.74608  	0.37543  	-0.6052  	-0.3749  	0.04410  	-0.6095  	0.01971  	-0.1943  	0.11106  	-0.4030  	-0.1587  	0.04276  	0.30641  	0.23626  	0.05390  	0.08749  	-0.1060  	0.34412  	0.01684  	-0.1805  	0.66887  	0.21177  	-0.0910  	0.03772  	0.03138  	-0.0442  	-0.0149  	-0.0063  	0.05682  	0.01007  	0.02567  	-0.0033  	-0.0121  	-0.0259  	0.02191  	-0.0321  	-0.0252  	-0.0179  	-0.0116  	0.00116  	0.04389  	0.02479  	-0.0162  	-0.0049  	0.00540  	0.04202  	-0.1245  	0.06310  	-0.0142  	-0.0392  	0.49527  	
-0.5169  	-0.2798  	0.11712  	-1.8441  	-1.2065  	-0.9641  	-0.1680  	-0.3110  	0.21575  	0.98582  	0.94789  	-0.0809  	-0.3068  	-1.1353  	-0.5689  	0.83077  	-0.1942  	-0.1825  	0.27290  	0.69367  	0.29731  	-0.6288  	-0.3968  	0.05067  	-0.5152  	0.00123  	-0.1207  	0.18132  	-0.3034  	-0.1695  	0.01930  	0.29916  	0.18251  	0.04472  	0.06463  	0.00490  	0.34095  	-0.0195  	-0.2071  	0.66739  	0.24361  	-0.0910  	0.00761  	0.02754  	-0.0036  	-0.0270  	0.00108  	0.04243  	-0.0006  	0.02991  	-0.0143  	-0.0299  	-0.0361  	0.01258  	-0.0368  	-0.0450  	-0.0042  	-0.0134  	-0.0133  	0.03639  	0.02013  	-0.0145  	0.00327  	0.01757  	0.03848  	-0.1255  	0.06255  	-0.0144  	-0.0389  	0.49505  	
-0.9174  	-0.3461  	-0.0582  	-2.0456  	-1.2982  	-1.1885  	-0.1845  	-0.3920  	0.16153  	1.05851  	1.14775  	-0.0864  	-0.3465  	-1.1897  	-0.6240  	0.62651  	-0.2225  	-0.2691  	0.25180  	0.70224  	0.37013  	-0.4677  	-0.3056  	0.16559  	-0.5759  	0.04631  	-0.1663  	-0.0299  	-0.3700  	-0.1757  	0.03661  	0.26226  	0.20500  	0.06897  	-0.0012  	-0.0079  	0.33352  	0.01842  	-0.2201  	0.71151  	0.16578  	-0.0460  	-0.0502  	0.00782  	-0.0220  	-0.0375  	-0.0038  	0.02436  	-0.0014  	0.00515  	-0.0173  	-0.0142  	-0.0285  	0.02575  	-0.0458  	-0.0432  	-0.0189  	-0.0101  	-0.0063  	0.04862  	0.02282  	-0.0114  	-0.0110  	0.00191  	0.03609  	-0.1271  	0.06208  	-0.0143  	-0.0388  	0.48456  	
-1.1279  	-0.3619  	-0.1109  	-2.1545  	-1.2925  	-1.2468  	-0.2256  	-0.3434  	0.15533  	1.03848  	1.18726  	-0.2151  	-0.4159  	-1.2958  	-0.7430  	0.62267  	-0.2332  	-0.2810  	0.23915  	0.63017  	0.43808  	-0.5291  	-0.2299  	0.11156  	-0.7078  	0.08032  	-0.1744  	-0.0510  	-0.3732  	-0.1786  	0.03423  	0.26980  	0.18438  	0.09450  	0.01973  	-0.0713  	0.30838  	0.02122  	-0.2054  	0.72361  	0.16697  	-0.0723  	-0.1026  	0.04014  	-0.0426  	-0.0530  	-0.0022  	0.00212  	-0.0161  	-0.0083  	-0.0134  	-0.0162  	-0.0321  	0.03339  	-0.0532  	-0.0416  	-0.0136  	-0.0027  	-0.0283  	0.05604  	0.03299  	0.01341  	-0.0086  	0.00783  	0.03416  	-0.1277  	0.06182  	-0.0142  	-0.0383  	0.47660  	
-1.0074  	-0.2457  	0.01816  	-2.1595  	-1.3317  	-1.2222  	-0.2251  	-0.2853  	0.18147  	1.07330  	1.14198  	-0.2327  	-0.4011  	-1.2351  	-0.7275  	0.56048  	-0.1998  	-0.3120  	0.27411  	0.59764  	0.47460  	-0.4833  	-0.2350  	0.14862  	-0.6455  	0.05916  	-0.1057  	-0.0793  	-0.3767  	-0.1921  	0.00910  	0.24538  	0.16060  	0.08543  	-0.0206  	-0.0454  	0.37460  	0.02066  	-0.2042  	0.71980  	0.18263  	-0.0695  	-0.0942  	0.02066  	-0.0512  	-0.0424  	-0.0007  	0.02507  	-0.0252  	-0.0148  	-0.0296  	-0.0117  	-0.0353  	0.02874  	-0.0555  	-0.0484  	-0.0053  	-0.0034  	-0.0160  	0.04460  	0.02902  	-0.0037  	-0.0075  	0.00404  	0.03380  	-0.1288  	0.06153  	-0.0144  	-0.0379  	0.47871  	
-0.8404  	-0.2691  	0.07706  	-2.1626  	-1.3769  	-1.1042  	-0.2467  	-0.3397  	0.22250  	1.01462  	0.94371  	-0.2097  	-0.3714  	-1.3296  	-0.8143  	0.62206  	-0.2229  	-0.2282  	0.32673  	0.59713  	0.39170  	-0.5252  	-0.1689  	0.06747  	-0.6191  	0.04256  	-0.1287  	0.06788  	-0.3488  	-0.1639  	0.03900  	0.26167  	0.13182  	0.07298  	-0.0703  	-0.0348  	0.30822  	0.00282  	-0.2011  	0.70283  	0.18739  	-0.0888  	-0.0139  	0.05459  	-0.0433  	-0.0354  	-0.0139  	0.03039  	-0.0003  	-0.0059  	-0.0048  	-0.0157  	-0.0438  	0.02550  	-0.0554  	-0.0420  	-0.0141  	-0.0016  	-0.0086  	0.03833  	0.01955  	-0.0155  	-0.0036  	0.01058  	0.03452  	-0.1294  	0.06117  	-0.0144  	-0.0387  	0.48630  	
-0.7414  	-0.2482  	0.15088  	-2.0589  	-1.2962  	-1.0352  	-0.2156  	-0.3348  	0.20023  	0.94981  	0.90053  	-0.1479  	-0.3514  	-1.3747  	-0.6785  	0.71333  	-0.1966  	-0.2056  	0.30426  	0.64554  	0.35866  	-0.5386  	-0.1878  	0.02877  	-0.6015  	0.03881  	-0.1612  	0.08543  	-0.2875  	-0.1652  	0.05464  	0.23714  	0.13547  	0.04833  	-0.0647  	-0.0456  	0.32607  	-0.0101  	-0.2055  	0.67149  	0.22507  	-0.0814  	-0.0086  	0.05889  	-0.0271  	-0.0378  	-0.0026  	0.03356  	-0.0067  	0.00248  	-0.0078  	-0.0138  	-0.0417  	0.02240  	-0.0543  	-0.0402  	-0.0140  	-0.0089  	-0.0104  	0.03707  	0.01806  	-0.0057  	-0.0050  	0.00482  	0.03666  	-0.1293  	0.06117  	-0.0149  	-0.0394  	0.49506  	
-0.5409  	-0.2259  	0.12984  	-1.7461  	-1.2132  	-0.9399  	-0.2421  	-0.2994  	0.23644  	0.88694  	0.86030  	-0.0783  	-0.3824  	-1.3613  	-0.4953  	0.77370  	-0.1971  	-0.2157  	0.29975  	0.68592  	0.40738  	-0.5213  	-0.2249  	0.05985  	-0.5987  	0.01261  	-0.1680  	0.12146  	-0.2793  	-0.1267  	-0.0032  	0.27519  	0.13808  	0.06854  	-0.0330  	-0.0361  	0.34201  	0.00764  	-0.2162  	0.68575  	0.24546  	-0.1063  	-0.0167  	0.05392  	-0.0357  	-0.0304  	-0.0055  	0.03799  	-0.0013  	-0.0057  	-0.0083  	-0.0122  	-0.0274  	0.02790  	-0.0531  	-0.0459  	-0.0111  	-0.0078  	-0.0099  	0.04291  	0.02204  	-0.0186  	-0.0142  	0.01222  	0.03894  	-0.1269  	0.06141  	-0.0151  	-0.0394  	0.49026  	
-0.3830  	-0.2051  	0.25800  	-1.6623  	-1.1577  	-0.8007  	-0.2465  	-0.3105  	0.23432  	0.90209  	0.86990  	-0.0403  	-0.3747  	-1.3071  	-0.5923  	0.97247  	-0.2526  	-0.1919  	0.28811  	0.71315  	0.34690  	-0.5547  	-0.3076  	0.01130  	-0.5952  	0.00616  	-0.2123  	0.14509  	-0.3044  	-0.1223  	-0.0267  	0.30650  	0.16408  	0.05655  	0.04422  	-0.0129  	0.38133  	0.00431  	-0.2236  	0.69903  	0.20348  	-0.0832  	-0.0100  	0.04201  	-0.0260  	-0.0177  	-0.0158  	0.02696  	0.00421  	-0.0061  	-0.0039  	-0.0169  	-0.0273  	0.02199  	-0.0440  	-0.0306  	-0.0185  	-0.0037  	-0.0095  	0.03362  	0.01109  	-0.0231  	-0.0083  	0.00809  	0.04053  	-0.1248  	0.06239  	-0.0153  	-0.0388  	0.47394  	
-0.4796  	-0.2094  	0.25127  	-1.6829  	-1.1636  	-0.9107  	-0.2217  	-0.2792  	0.17186  	0.91869  	0.91097  	-0.0568  	-0.3516  	-1.3554  	-0.5249  	0.85579  	-0.1833  	-0.3085  	0.31140  	0.50627  	0.37005  	-0.7716  	-0.6685  	0.02828  	-0.5821  	0.09354  	-0.2224  	0.09532  	-0.1573  	-0.1485  	0.08824  	0.23338  	0.04363  	-0.1007  	-0.0332  	-0.0039  	0.23912  	-0.0160  	-0.3297  	0.62896  	0.28847  	0.05594  	-0.1437  	0.11960  	-0.0889  	-0.0113  	-0.0354  	0.04270  	-0.0084  	-0.0275  	0.00627  	-0.0174  	-0.0298  	0.03774  	-0.0329  	-0.0410  	-0.0124  	-0.0111  	-0.0194  	0.03952  	0.01225  	-0.0239  	-0.0081  	0.01383  	0.04019  	-0.1222  	0.06322  	-0.0151  	-0.0388  	0.47300  	
-0.8125  	-0.3100  	0.08671  	-1.7716  	-1.2228  	-1.0915  	-0.2396  	-0.2759  	0.10323  	0.93657  	1.05394  	-0.0964  	-0.2925  	-1.4081  	-0.4259  	0.61343  	-0.0867  	-0.5087  	0.40648  	0.20629  	0.49300  	-0.9451  	-0.8246  	0.10511  	-0.5788  	0.16776  	-0.1127  	-0.1143  	-0.1588  	-0.1480  	0.22432  	0.18048  	-0.0291  	-0.2347  	-0.0634  	-0.0303  	0.17934  	-0.0141  	-0.4485  	0.53521  	0.30384  	0.18259  	-0.2526  	0.16247  	-0.1187  	0.01070  	-0.0585  	0.02878  	-0.0427  	-0.0037  	0.01916  	-0.0080  	-0.0281  	0.05445  	-0.0327  	-0.0346  	-0.0157  	-0.0249  	-0.0020  	0.06728  	0.02929  	-0.0259  	-0.0357  	0.00863  	0.03781  	-0.1204  	0.06408  	-0.0149  	-0.0395  	0.48367  	
-0.6918  	-0.2381  	0.15960  	-1.8099  	-1.2362  	-1.0849  	-0.2865  	-0.2482  	0.13798  	0.82271  	0.99660  	-0.0860  	-0.2732  	-1.3117  	-0.2613  	0.55615  	-0.0232  	-0.5637  	0.42366  	0.07424  	0.56026  	-0.9672  	-0.7646  	0.05334  	-0.7079  	0.24072  	-0.0994  	-0.1742  	-0.1929  	-0.1586  	0.27695  	0.16483  	-0.0499  	-0.2637  	-0.0723  	-0.0723  	0.18794  	-0.0057  	-0.4926  	0.49753  	0.35553  	0.19371  	-0.2609  	0.19217  	-0.1392  	-0.0003  	-0.0566  	0.04841  	-0.0530  	-0.0203  	0.00342  	-0.0040  	-0.0284  	0.06032  	-0.0350  	-0.0291  	-0.0238  	-0.0352  	-0.0032  	0.06626  	0.03249  	-0.0122  	-0.0479  	-0.0006  	0.03410  	-0.1186  	0.06494  	-0.0142  	-0.0387  	0.48152  	
-0.3524  	-0.2162  	0.32619  	-1.5849  	-1.1312  	-0.7695  	-0.2934  	-0.1599  	0.18197  	0.78782  	0.83593  	-0.0156  	-0.2654  	-1.3686  	-0.3881  	0.81273  	-0.0650  	-0.4862  	0.40591  	0.22932  	0.45361  	-0.9758  	-0.7786  	0.03364  	-0.6733  	0.19068  	-0.2060  	0.00482  	-0.1380  	-0.1787  	0.18605  	0.18768  	-0.0032  	-0.2392  	-0.0713  	-0.0495  	0.18943  	-0.0058  	-0.4172  	0.55045  	0.33410  	0.15622  	-0.2218  	0.18361  	-0.1307  	0.00711  	-0.0475  	0.06910  	-0.0264  	-0.0145  	0.01070  	-0.0095  	-0.0285  	0.05060  	-0.0264  	-0.0384  	-0.0102  	-0.0241  	-0.0122  	0.04808  	0.02019  	-0.0270  	-0.0309  	0.01912  	0.03167  	-0.1175  	0.06571  	-0.0133  	-0.0371  	0.47597  	
-0.3299  	-0.2315  	0.33030  	-1.3991  	-1.0578  	-0.7202  	-0.2632  	-0.2375  	0.20446  	0.86475  	0.85262  	0.04431  	-0.3035  	-1.3177  	-0.2941  	0.89356  	-0.1677  	-0.3652  	0.34716  	0.49021  	0.43803  	-0.7678  	-0.6689  	0.04227  	-0.5832  	0.07488  	-0.1842  	0.10220  	-0.1728  	-0.1488  	0.07947  	0.24595  	0.03930  	-0.1107  	0.01700  	0.00411  	0.24835  	0.01210  	-0.3519  	0.62894  	0.24350  	0.04345  	-0.1492  	0.10672  	-0.1032  	-0.0038  	-0.0312  	0.05303  	-0.0181  	-0.0096  	0.02301  	-0.0084  	-0.0229  	0.03064  	-0.0363  	-0.0259  	-0.0060  	-0.0167  	-0.0036  	0.05707  	0.02288  	-0.0395  	-0.0185  	0.01092  	0.03020  	-0.1160  	0.06592  	-0.0123  	-0.0359  	0.48099  	
-0.3478  	-0.2649  	0.21918  	-1.3644  	-1.0439  	-0.6756  	-0.2034  	-0.3418  	0.17114  	0.84096  	0.79729  	-0.0626  	-0.3885  	-1.2866  	-0.3094  	0.96173  	-0.2498  	-0.2105  	0.27196  	0.72314  	0.34761  	-0.5014  	-0.4292  	0.09637  	-0.4506  	-0.0592  	-0.0956  	0.17803  	-0.2877  	-0.0810  	-0.0607  	0.32935  	0.11371  	0.05682  	0.13959  	0.08918  	0.36635  	-0.0004  	-0.2494  	0.70504  	0.12435  	-0.0808  	-0.0370  	0.01369  	-0.0386  	-0.0261  	-0.0158  	0.01419  	0.00308  	0.00223  	0.02117  	-0.0164  	-0.0180  	0.01895  	-0.0411  	-0.0154  	-0.0034  	-0.0028  	-0.0055  	0.05221  	0.01426  	-0.0345  	-0.0030  	0.00746  	0.03109  	-0.1149  	0.06642  	-0.0110  	-0.0346  	0.46695  	
-0.2626  	-0.2565  	0.26774  	-1.2930  	-0.9298  	-0.6824  	-0.1543  	-0.3231  	0.17837  	0.87342  	0.81066  	-0.0404  	-0.3517  	-1.2908  	-0.3545  	1.03475  	-0.2917  	-0.2005  	0.24148  	0.76185  	0.28069  	-0.5029  	-0.4958  	0.10162  	-0.4167  	-0.0541  	-0.0631  	0.22864  	-0.3000  	-0.0744  	-0.0658  	0.33804  	0.11401  	0.06091  	0.14477  	0.10028  	0.35075  	0.01053  	-0.2382  	0.69398  	0.11831  	-0.0692  	-0.0439  	0.02245  	-0.0274  	-0.0327  	-0.0149  	0.02303  	0.01159  	-0.0104  	0.01939  	-0.0158  	-0.0155  	0.01967  	-0.0363  	-0.0236  	0.00176  	-0.0066  	-0.0098  	0.04735  	0.00945  	-0.0312  	-0.0009  	0.00942  	0.03320  	-0.1125  	0.06713  	-0.0095  	-0.0333  	0.45794  	
-0.2424  	-0.2449  	0.27023  	-1.2960  	-0.9311  	-0.7047  	-0.1487  	-0.3225  	0.20458  	0.91141  	0.78322  	-0.0284  	-0.3368  	-1.2843  	-0.3852  	1.06363  	-0.3131  	-0.1817  	0.25946  	0.78657  	0.23550  	-0.4908  	-0.5356  	0.05522  	-0.3724  	-0.0474  	-0.1001  	0.25976  	-0.2363  	-0.0699  	-0.0616  	0.32383  	0.10376  	0.07650  	0.11304  	0.11796  	0.30768  	0.01740  	-0.2111  	0.72405  	0.12570  	-0.0636  	-0.0252  	0.03453  	-0.0301  	-0.0279  	-0.0153  	0.03693  	0.00481  	-0.0103  	0.02146  	-0.0134  	-0.0193  	0.01583  	-0.0343  	-0.0267  	-0.0003  	-0.0044  	-0.0041  	0.04814  	0.00879  	-0.0361  	-0.0051  	0.00707  	0.03632  	-0.1106  	0.06761  	-0.0085  	-0.0323  	0.45499  	
-0.2509  	-0.2681  	0.20956  	-1.2997  	-0.9053  	-0.7448  	-0.1375  	-0.3882  	0.19289  	0.92817  	0.77067  	0.02542  	-0.3293  	-1.3236  	-0.4566  	1.06115  	-0.3079  	-0.1529  	0.24076  	0.77907  	0.16000  	-0.5165  	-0.5565  	0.02358  	-0.3902  	-0.0426  	-0.1220  	0.29288  	-0.1588  	-0.0589  	-0.0668  	0.32497  	0.09759  	0.09496  	0.07649  	0.13875  	0.25172  	0.01135  	-0.1831  	0.73845  	0.15641  	-0.0672  	-0.0111  	0.04471  	-0.0234  	-0.0323  	-0.0219  	0.04301  	0.01895  	-0.0143  	0.02459  	-0.0122  	-0.0176  	0.02633  	-0.0351  	-0.0236  	-0.0077  	-0.0087  	0.00223  	0.05039  	0.00845  	-0.0316  	-0.0066  	0.00348  	0.04001  	-0.1080  	0.06849  	-0.0077  	-0.0323  	0.44825  	
-0.5521  	-0.2860  	0.05121  	-1.5610  	-1.0987  	-0.8917  	-0.1545  	-0.3401  	0.17722  	0.87175  	0.86552  	-0.0293  	-0.3626  	-1.3230  	-0.5718  	0.88671  	-0.2736  	-0.1469  	0.22759  	0.81742  	0.18798  	-0.5200  	-0.4432  	0.04950  	-0.4776  	-0.0244  	-0.2189  	0.31931  	-0.1923  	-0.1086  	-0.0354  	0.29320  	0.10333  	0.09861  	0.03792  	0.09510  	0.23287  	-0.0169  	-0.1785  	0.69960  	0.17286  	-0.0969  	-0.0517  	0.02763  	-0.0299  	-0.0371  	-0.0225  	0.03422  	0.01294  	0.00651  	0.01805  	-0.0136  	-0.0270  	0.01790  	-0.0405  	-0.0312  	-0.0079  	0.00319  	0.00101  	0.03895  	0.01281  	-0.0246  	-0.0021  	0.00541  	0.04368  	-0.1058  	0.06972  	-0.0076  	-0.0324  	0.44916  	
-0.8388  	-0.3462  	-0.0395  	-1.7467  	-1.1612  	-1.0383  	-0.1988  	-0.3554  	0.15705  	0.93658  	0.94379  	-0.0990  	-0.3657  	-1.2686  	-0.5002  	0.73441  	-0.2858  	-0.1713  	0.24670  	0.75629  	0.33058  	-0.5393  	-0.3800  	0.04012  	-0.5594  	0.00319  	-0.2146  	0.20807  	-0.2371  	-0.1428  	0.01100  	0.25856  	0.14714  	0.08607  	0.03962  	0.02715  	0.26128  	-0.0145  	-0.2057  	0.67313  	0.13794  	-0.0795  	-0.0639  	0.00403  	-0.0219  	-0.0233  	-0.0169  	0.01215  	-0.0086  	0.00219  	0.00193  	-0.0188  	-0.0256  	0.02122  	-0.0451  	-0.0331  	-0.0079  	-0.0035  	0.00249  	0.05254  	0.01563  	-0.0251  	-0.0122  	0.00744  	0.04604  	-0.1031  	0.07102  	-0.0075  	-0.0319  	0.42904  	
-0.8555  	-0.3096  	-0.0361  	-1.8932  	-1.2501  	-1.0491  	-0.1775  	-0.3904  	0.16631  	0.95187  	1.01643  	-0.1313  	-0.3856  	-1.3591  	-0.5990  	0.73152  	-0.2864  	-0.1452  	0.24097  	0.74260  	0.32376  	-0.5473  	-0.3305  	0.01444  	-0.6236  	0.02924  	-0.2547  	0.20811  	-0.2744  	-0.1673  	0.01183  	0.27574  	0.15836  	0.08549  	-0.0032  	0.03073  	0.26822  	-0.0106  	-0.1954  	0.68307  	0.19222  	-0.0886  	-0.0524  	0.02973  	-0.0331  	-0.0269  	-0.0131  	0.01911  	-0.0126  	0.01380  	0.00094  	-0.0169  	-0.0292  	0.02656  	-0.0427  	-0.0369  	-0.0047  	0.00124  	-0.0041  	0.05123  	0.01860  	-0.0137  	-0.0120  	0.00974  	0.04792  	-0.1028  	0.07204  	-0.0077  	-0.0313  	0.40920  	
-0.7958  	-0.2702  	0.05442  	-1.9168  	-1.2422  	-1.0749  	-0.1666  	-0.3632  	0.17806  	0.96316  	0.97925  	-0.1497  	-0.3636  	-1.3524  	-0.6228  	0.73636  	-0.2838  	-0.1632  	0.24353  	0.70755  	0.31568  	-0.5175  	-0.2938  	0.03374  	-0.5885  	0.01739  	-0.2167  	0.14544  	-0.2764  	-0.1461  	0.00619  	0.25227  	0.15701  	0.06974  	-0.0108  	0.03963  	0.30175  	-0.0143  	-0.2116  	0.68059  	0.20359  	-0.0727  	-0.0446  	0.04120  	-0.0245  	-0.0317  	-0.0038  	0.02851  	-0.0167  	0.01670  	-0.0055  	-0.0114  	-0.0263  	0.02491  	-0.0441  	-0.0413  	-0.0034  	-0.0009  	-0.0031  	0.04473  	0.01752  	-0.0138  	-0.0069  	0.00802  	0.04779  	-0.1034  	0.07201  	-0.0081  	-0.0318  	0.41336  	
-0.6813  	-0.2749  	0.13409  	-1.8160  	-1.2367  	-0.9820  	-0.1912  	-0.3710  	0.21350  	0.88328  	0.88782  	-0.1161  	-0.4288  	-1.3894  	-0.5924  	0.80326  	-0.2199  	-0.1872  	0.27488  	0.68748  	0.32966  	-0.5304  	-0.2511  	0.04288  	-0.5729  	0.02796  	-0.1772  	0.15132  	-0.2408  	-0.1230  	0.01977  	0.25716  	0.13477  	0.06232  	-0.0206  	0.01486  	0.33320  	-0.0182  	-0.2370  	0.69987  	0.22575  	-0.0912  	-0.0402  	0.06675  	-0.0210  	-0.0258  	-0.0039  	0.02272  	-0.0108  	0.00444  	-0.0030  	-0.0157  	-0.0275  	0.02416  	-0.0494  	-0.0368  	-0.0095  	-0.0062  	-0.0117  	0.03985  	0.01876  	-0.0159  	-0.0055  	0.01187  	0.04669  	-0.1058  	0.07197  	-0.0089  	-0.0331  	0.41920  	
-0.3826  	-0.2638  	0.21033  	-1.4968  	-1.0739  	-0.7219  	-0.2007  	-0.3096  	0.18691  	0.86028  	0.75563  	0.00123  	-0.3683  	-1.3514  	-0.4808  	0.97526  	-0.2409  	-0.1523  	0.24697  	0.74798  	0.25136  	-0.5666  	-0.4002  	0.04113  	-0.5338  	0.00119  	-0.1852  	0.25448  	-0.2376  	-0.1247  	-0.0156  	0.28199  	0.14028  	0.06191  	0.05124  	0.05768  	0.27332  	-0.0277  	-0.2083  	0.74213  	0.15959  	-0.0928  	-0.0260  	0.04640  	-0.0315  	-0.0225  	-0.0090  	0.01839  	-0.0024  	-0.0026  	0.00858  	-0.0131  	-0.0220  	0.01470  	-0.0395  	-0.0312  	-0.0055  	-0.0082  	-0.0091  	0.03891  	0.01470  	-0.0204  	-0.0089  	0.01320  	0.04496  	-0.1085  	0.07152  	-0.0095  	-0.0332  	0.42182  	
-0.1400  	-0.2059  	0.30701  	-1.2958  	-0.9766  	-0.5764  	-0.2358  	-0.2408  	0.20581  	0.80844  	0.78941  	0.06366  	-0.3083  	-1.2351  	-0.3585  	1.04993  	-0.2667  	-0.2010  	0.27206  	0.80228  	0.42819  	-0.5582  	-0.4628  	0.11322  	-0.5538  	-0.0222  	-0.0943  	0.14262  	-0.3407  	-0.1355  	-0.0372  	0.32278  	0.14817  	0.05225  	0.17638  	0.04762  	0.34888  	0.02673  	-0.2646  	0.71848  	0.12260  	-0.0827  	-0.0312  	0.04509  	-0.0228  	-0.0236  	-0.0092  	0.03257  	8.69806  	-0.0074  	0.01777  	-0.0185  	-0.0166  	0.01133  	-0.0449  	-0.0236  	-0.0029  	-0.0051  	-0.0029  	0.04822  	0.00864  	-0.0293  	-0.0059  	0.00467  	0.04429  	-0.1121  	0.07078  	-0.0104  	-0.0332  	0.42460  	
0.09518  	-0.1263  	0.50365  	-1.2136  	-0.9421  	-0.5406  	-0.1475  	-0.1156  	0.25422  	0.80511  	0.77089  	0.01222  	-0.2605  	-1.0167  	-0.1080  	1.02655  	-0.2738  	-0.3015  	0.27058  	0.67882  	0.54942  	-0.5211  	-0.3891  	0.20694  	-0.5631  	-0.0570  	-0.0069  	-0.0622  	-0.4863  	-0.1295  	-0.0502  	0.34906  	0.15633  	0.06651  	0.26550  	-0.0656  	0.49602  	0.04585  	-0.2917  	0.69565  	0.09226  	-0.0660  	-0.0500  	0.05022  	-0.0395  	-0.0246  	-0.0104  	0.04033  	0.01520  	-0.0142  	0.00581  	-0.0075  	-0.0144  	0.01896  	-0.0532  	-0.0099  	-0.0128  	-0.0116  	-0.0107  	0.04725  	0.02659  	-0.0153  	-0.0030  	0.01060  	0.04384  	-0.1158  	0.06974  	-0.0113  	-0.0339  	0.43629  	
0.18352  	-0.0645  	0.54329  	-1.2869  	-1.0302  	-0.5051  	-0.1440  	-0.0705  	0.32018  	0.71231  	0.84584  	0.07491  	-0.2545  	-0.9649  	-0.1441  	1.11282  	-0.2539  	-0.2999  	0.28805  	0.68128  	0.59216  	-0.4946  	-0.4310  	0.15569  	-0.4975  	-0.0449  	-0.0180  	-0.0831  	-0.5071  	-0.1377  	-0.0514  	0.32263  	0.17009  	0.06826  	0.23104  	-0.0985  	0.49519  	0.07217  	-0.2638  	0.65812  	0.12275  	-0.0684  	0.00385  	0.03543  	-0.0443  	-0.0263  	-0.0206  	0.06057  	0.01814  	0.00600  	0.00689  	-0.0145  	-0.0232  	0.02118  	-0.0421  	-0.0141  	-0.0104  	-0.0083  	-0.0114  	0.04386  	0.00638  	-0.0177  	-0.0073  	0.00286  	0.04408  	-0.1207  	0.06864  	-0.0120  	-0.0346  	0.44404  	
0.11100  	-0.0388  	0.50069  	-1.1938  	-0.9607  	-0.5466  	-0.0913  	-0.1011  	0.35629  	0.79640  	0.75024  	0.11683  	-0.2067  	-0.9055  	-0.1126  	1.07739  	-0.2450  	-0.2772  	0.26335  	0.72806  	0.51963  	-0.4893  	-0.4875  	0.04491  	-0.4218  	-0.0872  	-0.0175  	0.00310  	-0.3505  	-0.0697  	-0.1040  	0.32267  	0.19996  	0.08200  	0.19596  	-0.0540  	0.42802  	0.06480  	-0.1925  	0.71739  	0.14045  	-0.0750  	0.01401  	0.03988  	-0.0422  	-0.0316  	-0.0302  	0.07781  	0.01896  	-0.0141  	0.00432  	-0.0142  	-0.0254  	0.02566  	-0.0403  	-0.0099  	-0.0102  	-0.0154  	-0.0102  	0.04553  	0.01684  	-0.0229  	-0.0077  	0.00222  	0.04473  	-0.1234  	0.06717  	-0.0126  	-0.0350  	0.44980  	
-0.1513  	-0.2425  	0.22386  	-1.0596  	-0.8220  	-0.6552  	-0.0892  	-0.2468  	0.28001  	0.83690  	0.66178  	0.12785  	-0.2196  	-0.9537  	-0.0284  	0.94939  	-0.2854  	-0.2260  	0.22972  	0.74792  	0.38040  	-0.5278  	-0.4145  	0.07940  	-0.5240  	-0.0317  	-0.1808  	0.10440  	-0.3502  	-0.0782  	-0.0329  	0.29306  	0.18907  	0.07817  	0.16956  	-0.0972  	0.37065  	0.01294  	-0.2192  	0.70688  	0.13589  	-0.0593  	6.10235  	0.03104  	-0.0288  	-0.0140  	-0.0158  	0.02924  	0.00625  	-0.0075  	-0.0163  	-0.0221  	-0.0332  	0.01750  	-0.0521  	-0.0219  	0.00608  	-0.0128  	-0.0136  	0.03660  	0.01222  	-0.0175  	-0.0098  	0.00905  	0.04527  	-0.1262  	0.06580  	-0.0133  	-0.0351  	0.44832  	
-0.5374  	-0.2559  	0.12956  	-1.7276  	-1.1373  	-0.8425  	-0.2001  	-0.3739  	0.19197  	0.93304  	0.83111  	-0.0956  	-0.3864  	-1.3187  	-0.3792  	0.78874  	-0.2480  	-0.1441  	0.25494  	0.70534  	0.38135  	-0.5736  	-0.3447  	0.06868  	-0.5542  	-0.0031  	-0.1776  	0.10267  	-0.3212  	-0.1657  	-0.0123  	0.27934  	0.12247  	0.07962  	0.04467  	0.01190  	0.33968  	0.00463  	-0.2419  	0.69564  	0.15147  	-0.0997  	-0.0291  	0.02064  	-0.0216  	-0.0203  	-0.0154  	0.01222  	-0.0181  	0.01874  	-0.0015  	-0.0155  	-0.0263  	0.02854  	-0.0456  	-0.0352  	-0.0097  	-0.0135  	0.00409  	0.03838  	0.01163  	-0.0239  	-0.0121  	0.00421  	0.04522  	-0.1274  	0.06480  	-0.0137  	-0.0357  	0.45016  	
-0.5170  	-0.2879  	0.12217  	-1.6511  	-1.1352  	-0.7182  	-0.2132  	-0.3233  	0.21043  	0.80248  	0.85142  	-0.0918  	-0.3837  	-1.3336  	-0.4170  	0.82197  	-0.2304  	-0.1881  	0.27142  	0.72200  	0.32649  	-0.5255  	-0.3042  	0.06664  	-0.5386  	0.01311  	-0.1791  	0.20436  	-0.2599  	-0.1358  	0.00917  	0.27203  	0.12304  	0.06642  	0.00679  	0.00150  	0.31695  	-0.0023  	-0.2052  	0.70599  	0.20278  	-0.0792  	-0.0364  	0.03079  	-0.0382  	-0.0287  	-0.0039  	0.02549  	-0.0164  	0.00714  	0.00219  	-0.0082  	-0.0299  	0.01826  	-0.0460  	-0.0337  	-0.0043  	-0.0094  	-0.0025  	0.04416  	0.02056  	-0.0278  	-0.0152  	0.01089  	0.04431  	-0.1289  	0.06396  	-0.0141  	-0.0366  	0.45746  	
-0.2681  	-0.1797  	0.23149  	-1.1134  	-0.8645  	-0.6461  	-0.2431  	-0.0981  	0.26580  	0.71462  	0.61459  	0.13053  	-0.1772  	-1.0532  	0.02045  	0.85364  	-0.1729  	-0.3178  	0.29646  	0.52768  	0.34849  	-0.7398  	-0.7128  	0.04163  	-0.6290  	0.11088  	-0.2566  	0.17770  	-0.1158  	-0.1186  	0.10980  	0.20967  	0.09581  	-0.0627  	0.02001  	-0.0979  	0.13815  	-0.0422  	-0.2870  	0.66816  	0.19841  	0.05459  	-0.1468  	0.10780  	-0.1010  	-0.0102  	-0.0289  	0.05663  	-0.0181  	-0.0086  	0.02419  	-0.0122  	-0.0312  	0.03694  	-0.0404  	-0.0287  	-0.0108  	-0.0183  	-0.0023  	0.05615  	0.02251  	-0.0204  	-0.0312  	0.00770  	0.04177  	-0.1290  	0.06330  	-0.0143  	-0.0364  	0.45030  	
0.01303  	-0.0625  	0.39386  	-0.9678  	-0.7774  	-0.5103  	-0.2645  	-0.0420  	0.23459  	0.69138  	0.53711  	0.12404  	-0.0724  	-0.9468  	0.25036  	0.85852  	-0.0578  	-0.5406  	0.37567  	0.23242  	0.51986  	-0.8869  	-0.8883  	0.09055  	-0.5959  	0.14885  	-0.1477  	-0.0480  	-0.1320  	-0.0892  	0.14728  	0.22243  	0.00620  	-0.2230  	0.07525  	-0.1457  	0.14165  	0.00568  	-0.4022  	0.57282  	0.25956  	0.15077  	-0.2402  	0.16142  	-0.1434  	0.01968  	-0.0602  	0.09009  	-0.0192  	-0.0373  	0.01909  	-0.0034  	-0.0178  	0.04175  	-0.0370  	-0.0174  	-0.0276  	-0.0326  	-0.0117  	0.05835  	0.02757  	-0.0279  	-0.0442  	0.00733  	0.03948  	-0.1299  	0.06302  	-0.0144  	-0.0357  	0.43665  	
-0.2394  	-0.1773  	0.26563  	-0.9947  	-0.7722  	-0.6847  	-0.2299  	-0.1202  	0.21107  	0.69340  	0.56336  	0.14811  	-0.1381  	-1.0347  	0.17940  	0.77653  	-0.0362  	-0.5826  	0.40049  	0.14773  	0.52643  	-0.9391  	-0.9319  	0.14057  	-0.6048  	0.16625  	-0.0774  	-0.0347  	-0.1244  	-0.0962  	0.18332  	0.20231  	-0.0355  	-0.2619  	0.04782  	-0.1453  	0.16663  	-0.0092  	-0.4562  	0.56691  	0.23996  	0.19883  	-0.3055  	0.19069  	-0.1566  	0.01880  	-0.0525  	0.06468  	-0.0233  	-0.0306  	0.01253  	-0.0100  	-0.0296  	0.04910  	-0.0357  	-0.0265  	-0.0117  	-0.0283  	0.00167  	0.07015  	0.02151  	-0.0299  	-0.0474  	0.00644  	0.03636  	-0.1303  	0.06275  	-0.0148  	-0.0354  	0.43974  	
-0.2491  	-0.1497  	0.28777  	-1.2205  	-0.9327  	-0.6513  	-0.2290  	-0.1376  	0.21668  	0.67432  	0.72460  	0.07787  	-0.2248  	-1.2162  	-0.0057  	0.78834  	-0.0779  	-0.5345  	0.41084  	0.22717  	0.57117  	-0.8779  	-0.8171  	0.13201  	-0.6671  	0.18168  	-0.1412  	-0.0858  	-0.2390  	-0.1437  	0.18204  	0.20523  	-0.0080  	-0.2228  	0.02084  	-0.1191  	0.24792  	0.02655  	-0.4403  	0.52958  	0.27295  	0.16463  	-0.2508  	0.18081  	-0.1393  	0.01508  	-0.0486  	0.05984  	-0.0334  	-0.0052  	0.00545  	-0.0014  	-0.0251  	0.05083  	-0.0333  	-0.0338  	-0.0151  	-0.0238  	-0.0053  	0.05570  	0.01738  	-0.0310  	-0.0470  	0.00062  	0.03384  	-0.1316  	0.06300  	-0.0150  	-0.0352  	0.43640  	
-0.4140  	-0.1983  	0.24737  	-1.4886  	-1.0569  	-0.7617  	-0.1781  	-0.2183  	0.21579  	0.78599  	0.81615  	-0.0306  	-0.3035  	-1.2469  	-0.3241  	0.79922  	-0.2056  	-0.3382  	0.33320  	0.49947  	0.39799  	-0.7605  	-0.6572  	0.07215  	-0.5635  	0.09605  	-0.1742  	0.07594  	-0.1754  	-0.1497  	0.11057  	0.21846  	0.04982  	-0.0922  	0.01180  	-0.0307  	0.23811  	0.00825  	-0.3153  	0.64331  	0.25064  	0.03575  	-0.1445  	0.10628  	-0.0891  	-0.0102  	-0.0313  	0.03369  	-0.0187  	-0.0061  	0.01575  	-0.0076  	-0.0210  	0.03896  	-0.0371  	-0.0376  	-0.0104  	-0.0150  	-0.0093  	0.06157  	0.01794  	-0.0249  	-0.0195  	0.00959  	0.03173  	-0.1311  	0.06353  	-0.0151  	-0.0346  	0.43008  	
-0.5445  	-0.2892  	0.09110  	-1.6162  	-1.1171  	-0.8847  	-0.1302  	-0.3168  	0.24031  	0.86531  	0.90582  	-0.0966  	-0.3400  	-1.2158  	-0.4299  	0.80910  	-0.2511  	-0.1359  	0.25093  	0.77652  	0.35038  	-0.5734  	-0.4344  	0.06074  	-0.4603  	-0.0236  	-0.1877  	0.15549  	-0.3023  	-0.1378  	0.00105  	0.27786  	0.16449  	0.06948  	0.10044  	-0.0003  	0.33738  	0.00018  	-0.2148  	0.70170  	0.16207  	-0.0936  	-0.0414  	0.02509  	-0.0291  	-0.0330  	-0.0059  	0.01237  	-0.0088  	0.01091  	0.00848  	-0.0197  	-0.0283  	0.02507  	-0.0379  	-0.0284  	-0.0041  	-0.0065  	-0.0080  	0.05429  	0.01176  	-0.0150  	0.00232  	0.01127  	0.03143  	-0.1312  	0.06400  	-0.0153  	-0.0342  	0.42894  	
-0.7257  	-0.3130  	0.04874  	-1.8519  	-1.2789  	-0.9648  	-0.2327  	-0.3479  	0.19545  	0.95389  	0.92124  	-0.1430  	-0.3711  	-1.3171  	-0.4705  	0.66353  	-0.1936  	-0.1579  	0.26182  	0.68863  	0.40018  	-0.5670  	-0.3437  	-0.0074  	-0.5153  	0.01280  	-0.1817  	0.12710  	-0.3128  	-0.1494  	0.01597  	0.28022  	0.13697  	0.06193  	0.01179  	-0.0023  	0.31317  	0.01350  	-0.1952  	0.67141  	0.18836  	-0.1007  	-0.0374  	0.00996  	-0.0247  	-0.0247  	-0.0035  	0.00719  	-0.0256  	0.01389  	-0.0095  	-0.0120  	-0.0230  	0.02578  	-0.0498  	-0.0384  	-0.0124  	-0.0042  	-0.0144  	0.04594  	0.01771  	-0.0198  	-0.0106  	0.00974  	0.03290  	-0.1307  	0.06429  	-0.0154  	-0.0351  	0.43578  	
-0.6232  	-0.2561  	0.13245  	-1.8449  	-1.2421  	-0.9028  	-0.1961  	-0.3186  	0.23232  	0.85750  	0.89346  	-0.1456  	-0.3896  	-1.3279  	-0.4577  	0.78098  	-0.2209  	-0.1945  	0.27867  	0.68205  	0.37655  	-0.5340  	-0.2418  	0.05296  	-0.5764  	0.02380  	-0.1617  	0.10444  	-0.2915  	-0.1518  	0.00872  	0.26676  	0.14894  	0.05774  	0.00848  	-0.0449  	0.34683  	0.00936  	-0.2322  	0.71139  	0.23829  	-0.0908  	-0.0193  	0.05783  	-0.0287  	-0.0263  	-0.0067  	0.00959  	-0.0173  	0.00229  	-0.0154  	-0.0096  	-0.0266  	0.02613  	-0.0509  	-0.0355  	-0.0142  	-0.0070  	-0.0091  	0.04284  	0.02108  	-0.0144  	-0.0131  	0.00497  	0.03578  	-0.1299  	0.06465  	-0.0158  	-0.0360  	0.44445  	
-0.5201  	-0.2038  	0.17900  	-1.6056  	-1.1175  	-0.8165  	-0.1937  	-0.2741  	0.24614  	0.83926  	0.77135  	-0.0367  	-0.3383  	-1.2161  	-0.3414  	0.82951  	-0.2346  	-0.1894  	0.24648  	0.71569  	0.34496  	-0.5267  	-0.2634  	0.02481  	-0.6344  	0.02721  	-0.2439  	0.15076  	-0.2610  	-0.1549  	0.02186  	0.26652  	0.16776  	0.07822  	-0.0157  	-0.0587  	0.31364  	0.00751  	-0.1924  	0.69210  	0.22851  	-0.1014  	-0.0153  	0.05131  	-0.0438  	-0.0216  	-0.0018  	0.02859  	-0.0155  	-0.0014  	-0.0166  	-0.0137  	-0.0278  	0.02094  	-0.0466  	-0.0395  	-0.0192  	-0.0093  	-0.0112  	0.03959  	0.02471  	-0.0156  	-0.0103  	0.00952  	0.03902  	-0.1268  	0.06488  	-0.0158  	-0.0364  	0.43829  	
-0.3488  	-0.1454  	0.29490  	-1.5460  	-1.1443  	-0.7721  	-0.2155  	-0.1956  	0.28718  	0.83283  	0.79734  	-0.0199  	-0.2762  	-1.0845  	-0.2891  	0.87352  	-0.2443  	-0.2284  	0.25534  	0.70449  	0.40449  	-0.5374  	-0.2697  	-0.0108  	-0.6364  	0.01558  	-0.2418  	0.09155  	-0.3217  	-0.1652  	0.03622  	0.25818  	0.21134  	0.07592  	0.07221  	-0.1081  	0.35806  	0.02406  	-0.2489  	0.67878  	0.21288  	-0.1183  	-0.0116  	0.04573  	-0.0510  	-0.0269  	0.00443  	0.02819  	-0.0147  	0.00065  	-0.0129  	-0.0155  	-0.0269  	0.02218  	-0.0487  	-0.0305  	-0.0242  	-0.0147  	-0.0200  	0.04081  	0.02664  	-0.0056  	-0.0043  	0.01158  	0.04221  	-0.1242  	0.06537  	-0.0158  	-0.0365  	0.42325  	
-0.1018  	-0.0945  	0.36049  	-1.3676  	-1.0949  	-0.6003  	-0.1955  	-0.1240  	0.30897  	0.70556  	0.84108  	-0.0159  	-0.2643  	-0.9629  	-0.0902  	0.90290  	-0.2283  	-0.2688  	0.23895  	0.62126  	0.61613  	-0.5233  	-0.2914  	0.07275  	-0.6402  	-0.0219  	-0.1090  	-0.0487  	-0.4544  	-0.1517  	-0.0160  	0.31565  	0.19823  	0.06796  	0.20189  	-0.1671  	0.45989  	0.07909  	-0.2985  	0.64076  	0.16949  	-0.1056  	-0.0240  	0.02273  	-0.0463  	-0.0206  	-0.0017  	0.02435  	-0.0067  	0.01041  	-0.0098  	-0.0086  	-0.0239  	0.02183  	-0.0456  	-0.0224  	-0.0279  	-0.0097  	-0.0125  	0.03719  	0.02380  	-0.0070  	-0.0148  	-0.0010  	0.04412  	-0.1211  	0.06547  	-0.0156  	-0.0370  	0.42408  	
0.05480  	-0.0530  	0.46478  	-1.3062  	-1.1372  	-0.4949  	-0.1721  	-0.0361  	0.36066  	0.64145  	0.86815  	0.00776  	-0.2647  	-0.8921  	0.03041  	0.97396  	-0.2211  	-0.3259  	0.24220  	0.57451  	0.72601  	-0.4918  	-0.2348  	0.16983  	-0.6304  	-0.0307  	-0.0134  	-0.1773  	-0.5907  	-0.1605  	-0.0208  	0.33678  	0.19769  	0.05837  	0.26881  	-0.2114  	0.58045  	0.10056  	-0.3239  	0.60759  	0.11472  	-0.0891  	-0.0268  	0.02466  	-0.0461  	-0.0242  	-0.0102  	0.03023  	-0.0004  	0.01130  	-0.0181  	-0.0083  	-0.0228  	0.02886  	-0.0477  	-0.0135  	-0.0273  	-0.0090  	-0.0143  	0.04709  	0.02428  	-0.0086  	-0.0148  	0.00476  	0.04313  	-0.1193  	0.06566  	-0.0155  	-0.0378  	0.43604  	
0.08238  	-0.0630  	0.47606  	-1.2900  	-1.1198  	-0.4685  	-0.1676  	-0.0293  	0.36528  	0.64348  	0.87379  	0.00940  	-0.2600  	-0.8937  	0.03775  	0.98425  	-0.2070  	-0.3343  	0.23830  	0.57051  	0.72110  	-0.4917  	-0.2321  	0.18375  	-0.6246  	-0.0344  	0.00799  	-0.1843  	-0.5988  	-0.1541  	-0.0259  	0.34167  	0.19784  	0.06099  	0.27355  	-0.2077  	0.58870  	0.10688  	-0.3185  	0.60987  	0.10060  	-0.0859  	-0.0266  	0.02567  	-0.0464  	-0.0235  	-0.0115  	0.03147  	0.00091  	0.00572  	-0.0158  	-0.0065  	-0.0221  	0.02891  	-0.0465  	-0.0131  	-0.0264  	-0.0084  	-0.0145  	0.04950  	0.02429  	-0.0111  	-0.0112  	0.00787  	0.04016  	-0.1173  	0.06600  	-0.0148  	-0.0371  	0.43593  	
0.08238  	-0.0630  	0.47606  	-1.2900  	-1.1198  	-0.4685  	-0.1676  	-0.0293  	0.36528  	0.64348  	0.87379  	0.00940  	-0.2600  	-0.8937  	0.03775  	0.98425  	-0.2070  	-0.3343  	0.23830  	0.57051  	0.72110  	-0.4917  	-0.2321  	0.18375  	-0.6246  	-0.0344  	0.00799  	-0.1843  	-0.5988  	-0.1541  	-0.0259  	0.34167  	0.19784  	0.06099  	0.27355  	-0.2077  	0.58870  	0.10688  	-0.3185  	0.60987  	0.10060  	-0.0859  	-0.0266  	0.02567  	-0.0464  	-0.0235  	-0.0115  	0.03147  	0.00091  	0.00572  	-0.0158  	-0.0065  	-0.0221  	0.02891  	-0.0465  	-0.0131  	-0.0264  	-0.0084  	-0.0145  	0.04950  	0.02429  	-0.0111  	-0.0112  	0.00787  	0.03793  	-0.1161  	0.06634  	-0.0139  	-0.0357  	0.43249  	
0.08238  	-0.0630  	0.47606  	-1.2900  	-1.1198  	-0.4685  	-0.1676  	-0.0293  	0.36528  	0.64348  	0.87379  	0.00940  	-0.2600  	-0.8937  	0.03775  	0.98425  	-0.2070  	-0.3343  	0.23830  	0.57051  	0.72110  	-0.4917  	-0.2321  	0.18375  	-0.6246  	-0.0344  	0.00799  	-0.1843  	-0.5988  	-0.1541  	-0.0259  	0.34167  	0.19784  	0.06099  	0.27355  	-0.2077  	0.58870  	0.10688  	-0.3185  	0.60987  	0.10060  	-0.0859  	-0.0266  	0.02567  	-0.0464  	-0.0235  	-0.0115  	0.03147  	0.00091  	0.00572  	-0.0158  	-0.0065  	-0.0221  	0.02891  	-0.0465  	-0.0131  	-0.0264  	-0.0084  	-0.0145  	0.04950  	0.02429  	-0.0111  	-0.0112  	0.00787  	0.03584  	-0.1145  	0.06635  	-0.0129  	-0.0345  	0.44645  	
0.08238  	-0.0630  	0.47606  	-1.2900  	-1.1198  	-0.4685  	-0.1676  	-0.0293  	0.36528  	0.64348  	0.87379  	0.00940  	-0.2600  	-0.8937  	0.03775  	0.98425  	-0.2070  	-0.3343  	0.23830  	0.57051  	0.72110  	-0.4917  	-0.2321  	0.18375  	-0.6246  	-0.0344  	0.00799  	-0.1843  	-0.5988  	-0.1541  	-0.0259  	0.34167  	0.19784  	0.06099  	0.27355  	-0.2077  	0.58870  	0.10688  	-0.3185  	0.60987  	0.10060  	-0.0859  	-0.0266  	0.02567  	-0.0464  	-0.0235  	-0.0115  	0.03147  	0.00091  	0.00572  	-0.0158  	-0.0065  	-0.0221  	0.02891  	-0.0465  	-0.0131  	-0.0264  	-0.0084  	-0.0145  	0.04950  	0.02429  	-0.0111  	-0.0112  	0.00787  	0.03528  	-0.1138  	0.06681  	-0.0116  	-0.0333  	0.44362  	
0.08238  	-0.0630  	0.47606  	-1.2900  	-1.1198  	-0.4685  	-0.1676  	-0.0293  	0.36528  	0.64348  	0.87379  	0.00940  	-0.2600  	-0.8937  	0.03775  	0.98425  	-0.2070  	-0.3343  	0.23830  	0.57051  	0.72110  	-0.4917  	-0.2321  	0.18375  	-0.6246  	-0.0344  	0.00799  	-0.1843  	-0.5988  	-0.1541  	-0.0259  	0.34167  	0.19784  	0.06099  	0.27355  	-0.2077  	0.58870  	0.10688  	-0.3185  	0.60987  	0.10060  	-0.0859  	-0.0266  	0.02567  	-0.0464  	-0.0235  	-0.0115  	0.03147  	0.00091  	0.00572  	-0.0158  	-0.0065  	-0.0221  	0.02891  	-0.0465  	-0.0131  	-0.0264  	-0.0084  	-0.0145  	0.04950  	0.02429  	-0.0111  	-0.0112  	0.00787  	0.03562  	-0.1116  	0.06728  	-0.0099  	-0.0320  	0.44398  	
0.08238  	-0.0630  	0.47606  	-1.2900  	-1.1198  	-0.4685  	-0.1676  	-0.0293  	0.36528  	0.64348  	0.87379  	0.00940  	-0.2600  	-0.8937  	0.03775  	0.98425  	-0.2070  	-0.3343  	0.23830  	0.57051  	0.72110  	-0.4917  	-0.2321  	0.18375  	-0.6246  	-0.0344  	0.00799  	-0.1843  	-0.5988  	-0.1541  	-0.0259  	0.34167  	0.19784  	0.06099  	0.27355  	-0.2077  	0.58870  	0.10688  	-0.3185  	0.60987  	0.10060  	-0.0859  	-0.0266  	0.02567  	-0.0464  	-0.0235  	-0.0115  	0.03147  	0.00091  	0.00572  	-0.0158  	-0.0065  	-0.0221  	0.02891  	-0.0465  	-0.0131  	-0.0264  	-0.0084  	-0.0145  	0.04950  	0.02429  	-0.0111  	-0.0112  	0.00787  	0.03721  	-0.1101  	0.06768  	-0.0087  	-0.0312  	0.44944  	
0.08238  	-0.0630  	0.47606  	-1.2900  	-1.1198  	-0.4685  	-0.1676  	-0.0293  	0.36528  	0.64348  	0.87379  	0.00940  	-0.2600  	-0.8937  	0.03775  	0.98425  	-0.2070  	-0.3343  	0.23830  	0.57051  	0.72110  	-0.4917  	-0.2321  	0.18375  	-0.6246  	-0.0344  	0.00799  	-0.1843  	-0.5988  	-0.1541  	-0.0259  	0.34167  	0.19784  	0.06099  	0.27355  	-0.2077  	0.58870  	0.10688  	-0.3185  	0.60987  	0.10060  	-0.0859  	-0.0266  	0.02567  	-0.0464  	-0.0235  	-0.0115  	0.03147  	0.00091  	0.00572  	-0.0158  	-0.0065  	-0.0221  	0.02891  	-0.0465  	-0.0131  	-0.0264  	-0.0084  	-0.0145  	0.04950  	0.02429  	-0.0111  	-0.0112  	0.00787  	0.03974  	-0.1079  	0.06872  	-0.0078  	-0.0315  	0.45176  	
0.08238  	-0.0630  	0.47606  	-1.2900  	-1.1198  	-0.4685  	-0.1676  	-0.0293  	0.36528  	0.64348  	0.87379  	0.00940  	-0.2600  	-0.8937  	0.03775  	0.98425  	-0.2070  	-0.3343  	0.23830  	0.57051  	0.72110  	-0.4917  	-0.2321  	0.18375  	-0.6246  	-0.0344  	0.00799  	-0.1843  	-0.5988  	-0.1541  	-0.0259  	0.34167  	0.19784  	0.06099  	0.27355  	-0.2077  	0.58870  	0.10688  	-0.3185  	0.60987  	0.10060  	-0.0859  	-0.0266  	0.02567  	-0.0464  	-0.0235  	-0.0115  	0.03147  	0.00091  	0.00572  	-0.0158  	-0.0065  	-0.0221  	0.02891  	-0.0465  	-0.0131  	-0.0264  	-0.0084  	-0.0145  	0.04950  	0.02429  	-0.0111  	-0.0112  	0.00787  	0.04256  	-0.1063  	0.07012  	-0.0076  	-0.0321  	0.46139  	
0.11426  	-0.0757  	0.52155  	-1.2440  	-1.0494  	-0.4190  	-0.1539  	-0.0535  	0.35638  	0.69902  	0.77127  	-0.0184  	-0.2222  	-0.8618  	0.00049  	1.00291  	-0.2136  	-0.3043  	0.23912  	0.60421  	0.64752  	-0.5006  	-0.2940  	0.16046  	-0.5638  	-0.0338  	0.01621  	-0.1222  	-0.5290  	-0.1368  	-0.0334  	0.33602  	0.19508  	0.05884  	0.24701  	-0.1724  	0.52816  	0.07480  	-0.3015  	0.63805  	0.08540  	-0.0833  	-0.0067  	0.03919  	-0.0396  	-0.0251  	-0.0125  	0.04350  	0.00785  	0.00509  	-0.0099  	-0.0107  	-0.0235  	0.02417  	-0.0431  	-0.0118  	-0.0265  	-0.0121  	-0.0158  	0.04954  	0.02585  	-0.0142  	-0.0061  	0.00960  	0.04473  	-0.1043  	0.07139  	-0.0073  	-0.0322  	0.44984  	
0.16753  	-0.0794  	0.51511  	-1.1406  	-0.9865  	-0.4363  	-0.1180  	-0.1021  	0.33842  	0.78208  	0.55935  	-0.1307  	-0.1182  	-0.7853  	0.04407  	0.85973  	-0.2114  	-0.3044  	0.23551  	0.57023  	0.44722  	-0.4157  	-0.3371  	0.12115  	-0.3970  	-0.0535  	0.00455  	-0.0605  	-0.3637  	-0.0606  	-0.0445  	0.30110  	0.16887  	0.06892  	0.16048  	-0.0978  	0.39386  	0.02661  	-0.1988  	0.70476  	0.11774  	-0.0724  	0.00547  	0.05119  	-0.0488  	-0.0261  	-0.0311  	0.07548  	0.02590  	-0.0015  	0.00356  	-0.0146  	-0.0233  	0.02381  	-0.0409  	-0.0003  	-0.0219  	-0.0175  	-0.0102  	0.05499  	0.02362  	-0.0135  	-0.0118  	0.00765  	0.04739  	-0.1045  	0.07225  	-0.0076  	-0.0321  	0.43786  	
0.04114  	-0.0888  	0.36188  	-1.1166  	-0.9078  	-0.5814  	-0.1201  	-0.1411  	0.29475  	0.80539  	0.53713  	-0.0867  	-0.1215  	-0.6894  	0.09855  	0.82203  	-0.2395  	-0.3107  	0.24151  	0.63637  	0.42853  	-0.4263  	-0.4112  	0.12357  	-0.4582  	-0.0718  	0.00372  	-0.0339  	-0.3248  	-0.0488  	-0.0106  	0.30516  	0.20134  	0.06241  	0.22768  	-0.1013  	0.37926  	-0.0063  	-0.2299  	0.72706  	0.11690  	-0.0685  	-0.0350  	0.05817  	-0.0374  	-0.0183  	-0.0090  	0.05420  	0.01337  	-0.0029  	0.00586  	-0.0084  	-0.0296  	0.01556  	-0.0461  	-0.0113  	-0.0258  	-0.0174  	-0.0093  	0.05918  	0.02443  	-0.0116  	-0.0206  	0.00648  	0.04834  	-0.1053  	0.07219  	-0.0082  	-0.0327  	0.44673  	
-0.2219  	-0.1553  	0.21915  	-1.3036  	-0.9743  	-0.7177  	-0.1491  	-0.2504  	0.25874  	0.79213  	0.70473  	-0.0625  	-0.2487  	-1.0456  	-0.1026  	0.86165  	-0.2416  	-0.2458  	0.23263  	0.68905  	0.49048  	-0.5433  	-0.3998  	0.11282  	-0.5235  	-0.0123  	-0.0754  	0.03033  	-0.3665  	-0.1087  	-0.0249  	0.28894  	0.16208  	0.07550  	0.17638  	-0.0869  	0.41253  	0.01876  	-0.2620  	0.70498  	0.13000  	-0.0657  	-0.0458  	0.04157  	-0.0382  	-0.0181  	-0.0126  	0.02594  	-0.0014  	0.00198  	-0.0129  	-0.0209  	-0.0294  	0.01912  	-0.0556  	-0.0256  	-0.0085  	-0.0051  	-0.0086  	0.04654  	0.01157  	-0.0148  	-0.0065  	0.01176  	0.04785  	-0.1078  	0.07210  	-0.0091  	-0.0339  	0.45343  	
-0.4834  	-0.2807  	0.20066  	-1.6790  	-1.1634  	-0.7995  	-0.1748  	-0.2956  	0.22973  	0.84725  	0.91515  	-0.1495  	-0.3678  	-1.3017  	-0.3509  	0.85245  	-0.2167  	-0.2289  	0.27316  	0.71026  	0.49297  	-0.5814  	-0.3873  	0.13214  	-0.5319  	-0.0280  	-0.0832  	0.02531  	-0.3305  	-0.1451  	-0.0453  	0.30476  	0.12371  	0.05548  	0.13180  	-0.0460  	0.39162  	0.02836  	-0.2959  	0.74143  	0.09995  	-0.0907  	-0.0684  	0.02106  	-0.0260  	-0.0321  	-0.0073  	0.01756  	-0.0071  	0.00371  	-0.0032  	-0.0109  	-0.0379  	0.02404  	-0.0495  	-0.0415  	-0.0275  	-0.0170  	-0.0073  	0.04185  	0.01530  	-0.0297  	-0.0041  	0.00170  	0.04686  	-0.1099  	0.07160  	-0.0099  	-0.0341  	0.45659  	
-0.4985  	-0.2458  	0.08646  	-1.2300  	-0.9081  	-0.8044  	-0.1881  	-0.2813  	0.20804  	0.80412  	0.77136  	0.02107  	-0.3066  	-1.2015  	-0.2088  	0.85018  	-0.2521  	-0.2403  	0.24293  	0.78851  	0.34364  	-0.5748  	-0.4822  	0.09639  	-0.4446  	-0.0345  	-0.0698  	0.22221  	-0.2685  	-0.0281  	-0.0298  	0.28567  	0.14381  	0.09268  	0.15825  	-0.0100  	0.24598  	-0.0134  	-0.2102  	0.72916  	0.04592  	-0.0285  	-0.0950  	-0.0019  	-0.0185  	-0.0324  	-0.0124  	0.01552  	0.00054  	0.00039  	0.03032  	-0.0048  	-0.0351  	0.02736  	-0.0542  	-0.0165  	-0.0015  	-0.0069  	-0.0024  	0.04870  	0.01114  	-0.0173  	-0.0163  	-0.0035  	0.04705  	-0.1129  	0.07074  	-0.0108  	-0.0341  	0.46038  	
-0.2844  	-0.1838  	0.05566  	-1.0094  	-0.7511  	-0.6794  	-0.1588  	-0.1663  	0.21993  	0.72636  	0.52878  	0.07663  	-0.2147  	-0.9495  	0.05461  	0.86505  	-0.2641  	-0.2145  	0.24698  	0.78107  	0.30282  	-0.5173  	-0.5136  	0.01424  	-0.4061  	-0.0195  	-0.1394  	0.29024  	-0.1710  	-0.0010  	-0.0499  	0.25370  	0.13447  	0.09281  	0.17162  	-0.0398  	0.21378  	-0.0315  	-0.1673  	0.74323  	0.04029  	-0.0510  	-0.0550  	0.02827  	-0.0303  	-0.0247  	-0.0190  	0.03155  	0.00758  	-0.0038  	0.00658  	-0.0159  	-0.0367  	0.02402  	-0.0459  	-0.0219  	0.00080  	-0.0063  	0.00168  	0.04538  	0.00249  	-0.0261  	-0.0210  	0.00342  	0.04740  	-0.1160  	0.06958  	-0.0117  	-0.0348  	0.47161  	
-0.2036  	-0.1698  	0.27027  	-1.2055  	-0.9673  	-0.5811  	-0.2111  	-0.2782  	0.23811  	0.79422  	0.63062  	0.00632  	-0.2845  	-1.1472  	-0.1425  	0.93811  	-0.2380  	-0.2155  	0.28064  	0.73834  	0.35020  	-0.5114  	-0.4240  	0.05721  	-0.4385  	-0.0389  	-0.1426  	0.13622  	-0.2603  	-0.0723  	-0.0650  	0.31908  	0.16047  	0.07985  	0.12363  	-0.0055  	0.32702  	0.02177  	-0.1970  	0.72306  	0.14268  	-0.0807  	-0.0407  	0.03899  	-0.0390  	-0.0254  	-0.0153  	0.03534  	-0.0012  	-0.0080  	0.00124  	-0.0150  	-0.0294  	0.01912  	-0.0452  	-0.0157  	-0.0175  	-0.0097  	-0.0036  	0.04577  	0.01735  	-0.0290  	-0.0224  	-0.0002  	0.04815  	-0.1203  	0.06846  	-0.0125  	-0.0355  	0.47881  	
-0.2418  	-0.2129  	0.26727  	-1.3913  	-1.0228  	-0.7020  	-0.1885  	-0.2950  	0.20758  	0.89232  	0.81219  	0.00283  	-0.3238  	-1.2253  	-0.4476  	1.02302  	-0.2984  	-0.1393  	0.26652  	0.78426  	0.31599  	-0.5335  	-0.4736  	0.04993  	-0.4697  	-0.0440  	-0.1960  	0.21024  	-0.2501  	-0.1045  	-0.0607  	0.29868  	0.15121  	0.05837  	0.11267  	0.06369  	0.32716  	-0.0087  	-0.2092  	0.72005  	0.14593  	-0.0793  	-0.0397  	0.03367  	-0.0243  	-0.0236  	-0.0117  	0.03854  	0.00962  	-0.0012  	0.01938  	-0.0138  	-0.0169  	0.01693  	-0.0418  	-0.0210  	-0.0076  	-0.0020  	-0.0060  	0.05257  	0.01107  	-0.0399  	-0.0059  	0.00269  	0.04877  	-0.1226  	0.06690  	-0.0129  	-0.0359  	0.48132  	
-0.5363  	-0.2818  	0.11467  	-1.6000  	-1.1723  	-0.9062  	-0.1780  	-0.3181  	0.19311  	0.88820  	0.94616  	-0.0762  	-0.3809  	-1.2977  	-0.5799  	0.90420  	-0.2706  	-0.1733  	0.26287  	0.76044  	0.31076  	-0.5463  	-0.4395  	0.07517  	-0.5077  	-0.0079  	-0.1838  	0.18554  	-0.2450  	-0.1121  	-0.0332  	0.28657  	0.11477  	0.07728  	0.08817  	0.08366  	0.30993  	-0.0263  	-0.2042  	0.71612  	0.17034  	-0.0865  	-0.0570  	0.00975  	-0.0230  	-0.0282  	-0.0104  	0.03181  	0.00272  	0.00369  	0.01064  	-0.0148  	-0.0265  	0.01579  	-0.0430  	-0.0289  	-0.0061  	-0.0040  	-0.0093  	0.04099  	0.01641  	-0.0303  	-0.0029  	0.00926  	0.04879  	-0.1250  	0.06555  	-0.0134  	-0.0360  	0.47320  	
-0.9710  	-0.3840  	-0.1178  	-1.9450  	-1.1925  	-1.1278  	-0.1948  	-0.3721  	0.18338  	0.97981  	1.07429  	-0.0550  	-0.3691  	-1.2841  	-0.5994  	0.70826  	-0.2690  	-0.2106  	0.27404  	0.75484  	0.31834  	-0.5289  	-0.3109  	0.10151  	-0.6532  	0.03417  	-0.2625  	0.16934  	-0.2881  	-0.1795  	0.03394  	0.25308  	0.18716  	0.08725  	0.02595  	-0.0275  	0.25205  	-0.0212  	-0.2174  	0.68000  	0.13393  	-0.0488  	-0.0682  	-0.0072  	-0.0243  	-0.0245  	-0.0122  	0.02081  	-0.0123  	0.00894  	-0.0135  	-0.0113  	-0.0260  	0.02102  	-0.0463  	-0.0409  	-0.0169  	-0.0061  	-0.0016  	0.05228  	0.02571  	-0.0175  	-0.0151  	-0.0012  	0.04787  	-0.1258  	0.06489  	-0.0138  	-0.0366  	0.46948  	
-0.9977  	-0.4051  	-0.0447  	-1.9905  	-1.1906  	-1.1716  	-0.2114  	-0.3382  	0.17758  	1.00661  	1.13366  	-0.0831  	-0.4000  	-1.2595  	-0.5685  	0.62733  	-0.2424  	-0.2619  	0.25252  	0.73809  	0.42051  	-0.5583  	-0.2852  	0.11316  	-0.6787  	0.04855  	-0.2226  	0.09090  	-0.3449  	-0.1856  	0.03589  	0.24494  	0.17532  	0.08083  	0.06896  	-0.0921  	0.33238  	-0.0005  	-0.2300  	0.67753  	0.14448  	-0.0708  	-0.0822  	0.01464  	-0.0230  	-0.0348  	-0.0088  	0.00443  	-0.0248  	0.00052  	-0.0171  	-0.0078  	-0.0292  	0.01996  	-0.0550  	-0.0383  	-0.0133  	-0.0094  	-0.0147  	0.04687  	0.02898  	-0.0098  	-0.0135  	-0.0030  	0.04583  	-0.1269  	0.06432  	-0.0141  	-0.0376  	0.47332  	
-0.5956  	-0.2816  	0.16915  	-1.8422  	-1.2225  	-1.0271  	-0.2406  	-0.1722  	0.29916  	0.94657  	1.02806  	-0.1105  	-0.3565  	-1.1313  	-0.4280  	0.67450  	-0.1972  	-0.2456  	0.29072  	0.68877  	0.52345  	-0.5875  	-0.3433  	0.14671  	-0.6103  	0.00660  	-0.0713  	0.00189  	-0.3894  	-0.1657  	0.00878  	0.24982  	0.16146  	0.05481  	0.09128  	-0.1112  	0.36825  	-0.0007  	-0.2556  	0.73575  	0.13789  	-0.0772  	-0.0753  	0.02472  	-0.0289  	-0.0272  	-0.0168  	0.00603  	-0.0209  	-0.0127  	-0.0105  	-0.0108  	-0.0432  	0.02285  	-0.0596  	-0.0264  	-0.0130  	-0.0172  	-0.0127  	0.04970  	0.02573  	-0.0093  	-0.0197  	-0.0023  	0.04204  	-0.1270  	0.06374  	-0.0141  	-0.0375  	0.46569  	
-0.1099  	-0.0480  	0.40311  	-1.5602  	-1.0696  	-0.5639  	-0.1670  	-0.0510  	0.31980  	0.86054  	0.47681  	-0.1108  	-0.1379  	-0.7885  	0.02396  	0.72848  	-0.2075  	-0.3391  	0.27404  	0.54524  	0.51313  	-0.4288  	-0.1811  	0.16086  	-0.5211  	-0.0054  	0.03048  	-0.0833  	-0.3815  	-0.0936  	0.05238  	0.23283  	0.17577  	0.05714  	0.08065  	-0.1899  	0.39768  	0.00916  	-0.2105  	0.69457  	0.11837  	-0.1033  	0.01254  	0.08051  	-0.0528  	-0.0408  	-0.0162  	0.03732  	-0.0005  	0.01459  	-0.0266  	-0.0127  	-0.0327  	0.02751  	-0.0512  	-0.0109  	-0.0336  	-0.0171  	-0.0152  	0.04797  	0.03418  	0.01109  	-0.0053  	0.01143  	0.03866  	-0.1281  	0.06346  	-0.0141  	-0.0369  	0.45271  	
-0.1423  	-0.1497  	0.28556  	-1.5495  	-1.0579  	-0.6641  	-0.1042  	-0.1120  	0.29648  	0.80311  	0.49864  	-0.2162  	-0.1338  	-0.8323  	-0.0146  	0.66681  	-0.2393  	-0.2921  	0.27333  	0.48095  	0.45682  	-0.4612  	-0.2280  	0.05151  	-0.4923  	0.00591  	0.03360  	-0.0865  	-0.3387  	-0.0785  	0.05739  	0.22400  	0.19544  	0.07342  	0.13403  	-0.1568  	0.34665  	0.00220  	-0.2060  	0.67560  	0.17246  	-0.0839  	0.00577  	0.06976  	-0.0189  	-0.0380  	-0.0375  	0.05790  	0.00731  	0.02606  	-0.0172  	-0.0167  	-0.0361  	0.03214  	-0.0455  	-0.0049  	-0.0235  	-0.0148  	-0.0143  	0.02920  	0.02613  	0.01364  	-0.0125  	0.00578  	0.03465  	-0.1288  	0.06305  	-0.0143  	-0.0367  	0.45566  	
-0.7050  	-0.3302  	0.04847  	-1.7662  	-1.1068  	-0.9563  	-0.2207  	-0.3015  	0.18981  	0.91046  	0.92800  	-0.1572  	-0.3113  	-1.2054  	-0.3369  	0.69142  	-0.1920  	-0.2562  	0.26692  	0.64812  	0.56910  	-0.6511  	-0.3242  	0.15286  	-0.6630  	0.05198  	-0.0353  	-0.0521  	-0.4424  	-0.1332  	0.03934  	0.30031  	0.14669  	0.05811  	0.16285  	-0.0579  	0.37029  	-0.0058  	-0.2676  	0.69057  	0.11753  	-0.0638  	-0.0804  	0.04222  	0.01049  	-0.0280  	-0.0002  	-0.0083  	-0.0315  	0.00643  	-0.0159  	-0.0126  	-0.0382  	0.01888  	-0.0557  	-0.0437  	-0.0040  	3.85323  	-0.0195  	0.03839  	0.02320  	-0.0150  	-0.0103  	0.00037  	0.03176  	-0.1302  	0.06304  	-0.0145  	-0.0366  	0.45070  	
-0.9047  	-0.3042  	0.06407  	-2.0934  	-1.3210  	-1.1127  	-0.1861  	-0.3442  	0.20375  	0.98628  	1.07819  	-0.2102  	-0.3937  	-1.3067  	-0.5722  	0.61192  	-0.1739  	-0.2553  	0.26837  	0.58468  	0.42833  	-0.5021  	-0.2918  	0.12606  	-0.6286  	0.03793  	-0.1006  	-0.0494  	-0.3549  	-0.1755  	0.02429  	0.26388  	0.15841  	0.05535  	-0.0199  	-0.0359  	0.37769  	0.01899  	-0.2180  	0.70333  	0.20984  	-0.0858  	-0.0711  	0.02169  	-0.0263  	-0.0292  	-0.0101  	0.00662  	-0.0176  	0.00988  	-0.0220  	-0.0081  	-0.0329  	0.02575  	-0.0483  	-0.0470  	-0.0208  	-0.0056  	-0.0093  	0.04728  	0.02536  	-0.0035  	-0.0045  	0.00460  	0.02957  	-0.1301  	0.06331  	-0.0145  	-0.0360  	0.44458  	
-0.6702  	-0.2883  	0.10466  	-1.9308  	-1.2246  	-0.9995  	-0.2194  	-0.3496  	0.22235  	0.93178  	0.92340  	-0.0725  	-0.3381  	-1.3017  	-0.5974  	0.69479  	-0.2011  	-0.2042  	0.28660  	0.66020  	0.37212  	-0.5783  	-0.2576  	0.07365  	-0.5979  	0.02439  	-0.1163  	0.06081  	-0.3100  	-0.1662  	0.02915  	0.24723  	0.16022  	0.05446  	-0.0088  	-0.0380  	0.30334  	-0.0161  	-0.2160  	0.73985  	0.18099  	-0.0668  	-0.0275  	0.03279  	-0.0231  	-0.0355  	-0.0041  	0.02756  	-0.0186  	0.01349  	0.00481  	-0.0151  	-0.0421  	0.02418  	-0.0524  	-0.0363  	-0.0180  	-0.0109  	-0.0093  	0.04924  	0.01714  	-0.0147  	-0.0090  	0.00171  	0.02942  	-0.1308  	0.06339  	-0.0149  	-0.0356  	0.44487  	
-0.5060  	-0.2502  	0.15185  	-1.6806  	-1.1822  	-0.8790  	-0.2152  	-0.2818  	0.24178  	0.84822  	0.85620  	-0.0884  	-0.3775  	-1.3194  	-0.4432  	0.79294  	-0.2085  	-0.1819  	0.29000  	0.73212  	0.41083  	-0.5392  	-0.2863  	0.06993  	-0.5718  	0.00326  	-0.1516  	0.13031  	-0.2868  	-0.1330  	0.00480  	0.27848  	0.14961  	0.06688  	0.00190  	-0.0333  	0.32864  	0.00249  	-0.2258  	0.68706  	0.22294  	-0.1152  	-0.0232  	0.04479  	-0.0361  	-0.0289  	-0.0042  	0.03294  	-0.0067  	-0.0065  	-0.0003  	-0.0134  	-0.0250  	0.01865  	-0.0492  	-0.0396  	-0.0119  	-0.0110  	-0.0079  	0.04037  	0.01982  	-0.0115  	-0.0109  	0.01194  	0.03111  	-0.1308  	0.06331  	-0.0151  	-0.0365  	0.45087  	
-0.3272  	-0.1990  	0.25417  	-1.4546  	-1.0589  	-0.7326  	-0.2276  	-0.2761  	0.21944  	0.85536  	0.76669  	-0.0433  	-0.3550  	-1.3330  	-0.4520  	0.98200  	-0.2440  	-0.1864  	0.25989  	0.77673  	0.31397  	-0.5711  	-0.3620  	0.03921  	-0.5505  	-0.0103  	-0.1886  	0.17584  	-0.2716  	-0.1143  	-0.0411  	0.29059  	0.15801  	0.05815  	0.03939  	0.01396  	0.33314  	0.00212  	-0.2117  	0.72860  	0.15197  	-0.0917  	-0.0118  	0.04595  	-0.0301  	-0.0226  	-0.0050  	0.02554  	0.01065  	-0.0090  	0.00182  	-0.0148  	-0.0282  	0.02188  	-0.0413  	-0.0296  	-0.0163  	-0.0073  	-0.0070  	0.04256  	0.00684  	-0.0281  	-0.0078  	0.00815  	0.03435  	-0.1302  	0.06343  	-0.0156  	-0.0373  	0.45841  	
-0.3765  	-0.2262  	0.22440  	-1.4898  	-1.0856  	-0.7644  	-0.1796  	-0.3210  	0.20747  	0.90779  	0.83245  	-0.0181  	-0.3477  	-1.3365  	-0.5181  	0.96864  	-0.2609  	-0.1184  	0.22450  	0.78782  	0.24754  	-0.5556  	-0.4217  	0.00518  	-0.5103  	-0.0061  	-0.2396  	0.26048  	-0.1984  	-0.1241  	-0.0125  	0.28275  	0.13244  	0.06664  	0.01585  	0.06275  	0.27565  	-0.0018  	-0.1796  	0.72740  	0.18978  	-0.0907  	-0.0095  	0.04085  	-0.0329  	-0.0221  	-0.0018  	0.03974  	0.00812  	-0.0029  	0.00573  	-0.0158  	-0.0219  	0.01881  	-0.0335  	-0.0374  	-0.0104  	-0.0087  	-0.0066  	0.04655  	0.00888  	-0.0266  	-0.0012  	0.01406  	0.03785  	-0.1269  	0.06364  	-0.0157  	-0.0376  	0.45020  	
-0.4932  	-0.2852  	0.10987  	-1.5443  	-1.1480  	-0.7759  	-0.2061  	-0.3891  	0.17452  	0.83845  	0.83183  	-0.0705  	-0.3907  	-1.4380  	-0.4614  	0.93698  	-0.2297  	-0.1425  	0.25311  	0.74372  	0.25602  	-0.5809  	-0.4145  	0.03720  	-0.4598  	0.00055  	-0.1858  	0.24814  	-0.2381  	-0.1096  	-0.0260  	0.31153  	0.10214  	0.06521  	0.03592  	0.07416  	0.31613  	0.00465  	-0.2089  	0.70478  	0.18914  	-0.0864  	-0.0182  	0.04719  	-0.0297  	-0.0228  	-0.0113  	0.01325  	-0.0118  	0.00253  	0.00364  	-0.0096  	-0.0177  	0.02490  	-0.0359  	-0.0304  	-0.0075  	-0.0029  	-0.0064  	0.04705  	0.01395  	-0.0248  	0.00205  	0.01156  	0.04098  	-0.1241  	0.06439  	-0.0157  	-0.0375  	0.43269  	
-0.6988  	-0.3315  	-0.0051  	-1.7637  	-1.2071  	-0.9413  	-0.1921  	-0.4088  	0.16740  	0.90804  	0.91350  	-0.1317  	-0.4061  	-1.4598  	-0.5615  	0.84654  	-0.2821  	-0.1242  	0.25647  	0.74052  	0.22583  	-0.5866  	-0.3396  	-0.0451  	-0.5785  	0.01773  	-0.3153  	0.27404  	-0.2001  	-0.1531  	0.02988  	0.27825  	0.14104  	0.08916  	-0.0200  	0.06914  	0.24369  	-0.0166  	-0.1972  	0.68558  	0.23188  	-0.0994  	-0.0212  	0.07226  	-0.0273  	-0.0291  	-0.0137  	0.01284  	-0.0145  	0.00175  	0.01027  	-0.0070  	-0.0286  	0.01052  	-0.0393  	-0.0310  	-0.0096  	0.00230  	-0.0037  	0.03847  	0.02503  	-0.0165  	-0.0041  	0.01251  	0.04251  	-0.1207  	0.06502  	-0.0155  	-0.0380  	0.43175  	
-0.6108  	-0.3184  	0.08181  	-1.6943  	-1.2006  	-0.9256  	-0.1989  	-0.3968  	0.17135  	0.84775  	0.91688  	-0.1035  	-0.4250  	-1.4574  	-0.5610  	0.84335  	-0.2380  	-0.1655  	0.24049  	0.71807  	0.28711  	-0.5487  	-0.3106  	0.01837  	-0.5618  	0.01542  	-0.2330  	0.24232  	-0.2295  	-0.1279  	0.01407  	0.28141  	0.11695  	0.06962  	-0.0012  	0.02867  	0.30651  	-0.0112  	-0.2408  	0.67679  	0.21388  	-0.0882  	-0.0412  	0.05544  	-0.0274  	-0.0272  	-0.0025  	0.01063  	-0.0097  	0.00851  	0.00728  	-0.0116  	-0.0267  	0.02024  	-0.0441  	-0.0338  	-0.0031  	-0.0028  	-0.0106  	0.03022  	0.01581  	-0.0168  	-0.0042  	0.01020  	0.04096  	-0.1185  	0.06578  	-0.0153  	-0.0387  	0.44396  	
-0.4011  	-0.2854  	0.15326  	-1.4875  	-1.0897  	-0.7833  	-0.1965  	-0.3819  	0.16317  	0.85344  	0.80332  	-0.0260  	-0.3764  	-1.4213  	-0.5240  	0.93744  	-0.2391  	-0.1799  	0.23045  	0.72815  	0.25246  	-0.5495  	-0.3914  	0.04941  	-0.4994  	0.00571  	-0.1387  	0.23430  	-0.2722  	-0.0979  	-0.0347  	0.30206  	0.10045  	0.07030  	0.03427  	0.05227  	0.31870  	-0.0031  	-0.2331  	0.70187  	0.16493  	-0.0838  	-0.0411  	0.04090  	-0.0316  	-0.0247  	-0.0077  	0.01245  	-0.0034  	0.00651  	-0.0004  	-0.0114  	-0.0276  	0.02156  	-0.0370  	-0.0338  	-0.0056  	-0.0010  	-0.0094  	0.02587  	0.00684  	-0.0249  	-0.0051  	0.00524  	0.03738  	-0.1165  	0.06652  	-0.0146  	-0.0380  	0.44540  	
-0.3210  	-0.2315  	0.24914  	-1.3483  	-0.9753  	-0.7619  	-0.1700  	-0.3564  	0.18007  	0.92759  	0.79518  	-0.0018  	-0.3607  	-1.3464  	-0.4978  	1.02514  	-0.2659  	-0.1409  	0.26180  	0.75167  	0.22479  	-0.5462  	-0.4782  	0.03496  	-0.4297  	-0.0323  	-0.1336  	0.23782  	-0.2227  	-0.0887  	-0.0542  	0.30778  	0.10133  	0.05852  	0.05213  	0.11092  	0.28998  	0.01301  	-0.2036  	0.72027  	0.15649  	-0.0756  	-0.0240  	0.03582  	-0.0261  	-0.0267  	-0.0084  	0.03502  	0.00552  	-0.0037  	0.00735  	-0.0143  	-0.0188  	0.01974  	-0.0359  	-0.0343  	-0.0048  	-0.0059  	-0.0053  	0.04383  	0.00942  	-0.0341  	-0.0020  	0.00738  	0.03480  	-0.1155  	0.06715  	-0.0137  	-0.0366  	0.44137  	
-0.3212  	-0.2604  	0.23062  	-1.3462  	-0.9541  	-0.7075  	-0.1694  	-0.3663  	0.17477  	0.91208  	0.78085  	-0.0645  	-0.3669  	-1.3626  	-0.4449  	1.03570  	-0.2811  	-0.1747  	0.26802  	0.73652  	0.21164  	-0.5105  	-0.4869  	0.04549  	-0.3421  	-0.0493  	-0.0847  	0.26936  	-0.2148  	-0.0521  	-0.0659  	0.32227  	0.09067  	0.06773  	0.07945  	0.13841  	0.29727  	0.01145  	-0.2008  	0.70377  	0.11817  	-0.0647  	-0.0305  	0.03302  	-0.0303  	-0.0254  	-0.0206  	0.03135  	0.00648  	-0.0047  	0.02623  	-0.0101  	-0.0151  	0.02433  	-0.0372  	-0.0256  	-0.0053  	-0.0071  	-0.0010  	0.04680  	0.00981  	-0.0334  	-0.0030  	0.00343  	0.03290  	-0.1142  	0.06726  	-0.0127  	-0.0355  	0.45260  	
-0.3519  	-0.2416  	0.21897  	-1.4517  	-1.0489  	-0.6724  	-0.1546  	-0.3580  	0.18403  	0.79342  	0.72421  	-0.1113  	-0.3719  	-1.3653  	-0.4071  	0.96302  	-0.2201  	-0.1670  	0.26068  	0.72372  	0.23085  	-0.5195  	-0.4352  	0.02611  	-0.4127  	-0.0362  	-0.1584  	0.25845  	-0.2091  	-0.0606  	-0.0673  	0.31866  	0.09644  	0.07370  	0.05028  	0.09947  	0.29173  	0.01132  	-0.2087  	0.70777  	0.17570  	-0.0792  	-0.0302  	0.04109  	-0.0376  	-0.0245  	-0.0239  	0.01344  	-0.0022  	-0.0003  	0.01826  	-0.0133  	-0.0215  	0.02367  	-0.0342  	-0.0284  	-0.0034  	-0.0029  	-0.0025  	0.03985  	0.01162  	-0.0313  	-0.0097  	0.00538  	0.03290  	-0.1134  	0.06772  	-0.0114  	-0.0341  	0.44609  	
-0.4542  	-0.2817  	0.17368  	-1.5400  	-1.1302  	-0.7156  	-0.2322  	-0.3778  	0.17990  	0.74338  	0.80240  	-0.1625  	-0.4084  	-1.3733  	-0.3480  	0.85532  	-0.1715  	-0.2336  	0.26570  	0.61277  	0.40358  	-0.5419  	-0.3102  	0.12300  	-0.4784  	-0.0288  	-0.0590  	0.06396  	-0.3410  	-0.0840  	-0.0343  	0.34345  	0.08694  	0.05798  	0.12887  	0.03141  	0.42148  	0.03538  	-0.2820  	0.67186  	0.16977  	-0.0846  	-0.0310  	0.02388  	-0.0318  	-0.0262  	-0.0107  	-0.0107  	-0.0115  	-0.0038  	0.00491  	-0.0084  	-0.0193  	0.02571  	-0.0405  	-0.0295  	-0.0061  	0.00243  	-0.0025  	0.04302  	0.00990  	-0.0317  	-0.0015  	0.01067  	0.03427  	-0.1112  	0.06796  	-0.0099  	-0.0328  	0.44249  	
-0.4373  	-0.2605  	0.16618  	-1.5572  	-1.1216  	-0.7359  	-0.2595  	-0.3495  	0.20000  	0.80130  	0.83017  	-0.0595  	-0.3918  	-1.3514  	-0.3730  	0.87502  	-0.2392  	-0.2378  	0.26470  	0.65466  	0.38614  	-0.5219  	-0.2864  	0.04916  	-0.5563  	0.00419  	-0.1353  	0.08691  	-0.3070  	-0.1270  	-0.0213  	0.30032  	0.11976  	0.07788  	0.07887  	0.01255  	0.39184  	0.00745  	-0.2467  	0.67494  	0.17381  	-0.0733  	-0.0257  	0.03742  	-0.0286  	-0.0272  	-0.0035  	0.01149  	-0.0116  	0.00074  	-0.0077  	-0.0138  	-0.0259  	0.02163  	-0.0406  	-0.0286  	-0.0116  	-0.0024  	-0.0068  	0.03425  	0.01758  	-0.0242  	-0.0039  	0.00923  	0.03710  	-0.1096  	0.06787  	-0.0087  	-0.0319  	0.44179  	
-0.3178  	-0.2290  	0.23813  	-1.4924  	-1.0867  	-0.6855  	-0.1891  	-0.3147  	0.22167  	0.84508  	0.81325  	-0.0542  	-0.3469  	-1.3083  	-0.4081  	0.92216  	-0.2458  	-0.1740  	0.25925  	0.73574  	0.33221  	-0.5535  	-0.3903  	0.03116  	-0.5423  	-0.0118  	-0.1795  	0.19981  	-0.2727  	-0.1320  	-0.0257  	0.29412  	0.13734  	0.07105  	0.08044  	0.03956  	0.34932  	0.00456  	-0.2291  	0.69837  	0.17235  	-0.0856  	-0.0253  	0.03281  	-0.0288  	-0.0227  	-0.0036  	0.02389  	-0.0087  	-0.0019  	0.00706  	-0.0088  	-0.0221  	0.01466  	-0.0435  	-0.0312  	-0.0067  	-0.0041  	-0.0078  	0.03915  	0.01722  	-0.0346  	-0.0052  	0.01173  	0.04136  	-0.1070  	0.06838  	-0.0077  	-0.0319  	0.43801  	
-0.3148  	-0.2465  	0.29764  	-1.4196  	-1.0411  	-0.6931  	-0.1714  	-0.3145  	0.23415  	0.90146  	0.83381  	-0.0134  	-0.3463  	-1.3069  	-0.3887  	0.99444  	-0.2816  	-0.1637  	0.26339  	0.78474  	0.27303  	-0.5465  	-0.4581  	0.02086  	-0.4821  	-0.0263  	-0.2040  	0.23075  	-0.2230  	-0.1349  	-0.0463  	0.30114  	0.13129  	0.07187  	0.08952  	0.06064  	0.29473  	0.01137  	-0.2227  	0.71377  	0.17713  	-0.0776  	-0.0240  	0.01749  	-0.0426  	-0.0277  	-0.0105  	0.03303  	-0.0028  	0.00823  	0.02141  	-0.0110  	-0.0259  	0.01883  	-0.0397  	-0.0271  	-0.0034  	-0.0065  	-0.0073  	0.04180  	0.01729  	-0.0352  	-0.0068  	0.00851  	0.04582  	-0.1048  	0.06934  	-0.0074  	-0.0323  	0.44312  	
-0.3193  	-0.2545  	0.27781  	-1.4902  	-1.0413  	-0.6975  	-0.1588  	-0.3629  	0.21052  	0.86024  	0.82001  	-0.0715  	-0.4063  	-1.4163  	-0.4221  	1.01228  	-0.2599  	-0.1618  	0.23438  	0.77108  	0.23296  	-0.5486  	-0.4540  	0.02998  	-0.4985  	-0.0045  	-0.2383  	0.25839  	-0.2317  	-0.1531  	-0.0405  	0.31339  	0.12263  	0.07228  	0.05592  	0.04879  	0.30938  	-0.0130  	-0.2039  	0.73572  	0.20246  	-0.0868  	-0.0215  	0.03926  	-0.0396  	-0.0250  	-0.0110  	0.02355  	0.00312  	0.00579  	0.01703  	-0.0201  	-0.0230  	0.01860  	-0.0342  	-0.0293  	-0.0012  	-0.0067  	-0.0059  	0.04882  	0.01388  	-0.0356  	-0.0128  	0.02069  	0.04932  	-0.1015  	0.07039  	-0.0071  	-0.0321  	0.42473  	
-0.5197  	-0.2798  	0.15777  	-1.6120  	-1.1607  	-0.8507  	-0.1669  	-0.4009  	0.16499  	0.89891  	0.81038  	-0.1126  	-0.3474  	-1.3364  	-0.4681  	0.88416  	-0.2692  	-0.1845  	0.23969  	0.69350  	0.23328  	-0.5156  	-0.3837  	0.01854  	-0.4795  	-0.0264  	-0.2200  	0.22040  	-0.2173  	-0.1175  	-0.0223  	0.28268  	0.11033  	0.04893  	0.07000  	0.09630  	0.30067  	-0.0210  	-0.2278  	0.72542  	0.19845  	-0.0818  	-0.0296  	0.03544  	-0.0216  	-0.0295  	0.00393  	0.01328  	0.01166  	-0.0120  	0.01120  	-0.0143  	-0.0245  	0.02460  	-0.0409  	-0.0323  	-0.0057  	-0.0067  	-0.0053  	0.04657  	0.01162  	-0.0313  	-0.0018  	0.01027  	0.05279  	-0.1005  	0.07115  	-0.0072  	-0.0319  	0.40500  	
-0.8687  	-0.3188  	0.01393  	-1.7581  	-1.1576  	-1.0591  	-0.1789  	-0.3335  	0.16765  	0.97659  	0.98246  	-0.1277  	-0.3636  	-1.2298  	-0.5007  	0.77537  	-0.2416  	-0.2456  	0.24976  	0.71210  	0.28260  	-0.5079  	-0.3714  	0.11502  	-0.4970  	0.01493  	-0.1759  	0.09827  	-0.2416  	-0.1012  	0.03182  	0.24860  	0.14990  	0.06963  	0.03301  	0.01789  	0.26949  	-0.0133  	-0.1922  	0.70388  	0.16136  	-0.0446  	-0.0696  	-0.0077  	-0.0309  	-0.0217  	-0.0071  	0.02167  	-0.0006  	-0.0046  	0.00334  	-0.0035  	-0.0282  	0.02176  	-0.0499  	-0.0383  	-0.0208  	-0.0111  	0.00239  	0.05156  	0.02767  	-0.0128  	-0.0136  	0.00512  	0.05431  	-0.1002  	0.07110  	-0.0077  	-0.0324  	0.40766  	
-0.9013  	-0.3894  	-0.0806  	-1.8477  	-1.1258  	-1.0032  	-0.1793  	-0.3560  	0.19294  	0.89030  	1.03777  	-0.0821  	-0.3451  	-1.2672  	-0.4548  	0.67052  	-0.2272  	-0.2327  	0.22226  	0.74015  	0.36720  	-0.5354  	-0.3054  	0.12402  	-0.6220  	0.03105  	-0.1696  	0.15585  	-0.3099  	-0.1297  	0.02770  	0.23316  	0.16939  	0.08994  	0.11763  	-0.0748  	0.30644  	-0.0238  	-0.2069  	0.68402  	0.12697  	-0.0479  	-0.0899  	-0.0086  	-0.0220  	-0.0352  	-0.0133  	0.00221  	-0.0026  	0.01322  	0.00242  	-0.0083  	-0.0364  	0.01798  	-0.0527  	-0.0312  	-0.0227  	-0.0109  	-0.0135  	0.04439  	0.02510  	-0.0054  	-0.0111  	0.00767  	0.05399  	-0.1020  	0.07122  	-0.0086  	-0.0333  	0.41115  	
-0.7980  	-0.3729  	-0.0623  	-1.8006  	-1.0903  	-1.0867  	-0.1678  	-0.2766  	0.21438  	0.89115  	1.13044  	-0.0462  	-0.3399  	-1.2625  	-0.4711  	0.63282  	-0.2850  	-0.2128  	0.18691  	0.81592  	0.40544  	-0.5435  	-0.3745  	0.13996  	-0.6321  	0.02312  	-0.2072  	0.18512  	-0.3431  	-0.1758  	0.01099  	0.22745  	0.19234  	0.08757  	0.14796  	-0.0733  	0.33342  	-0.0387  	-0.2164  	0.70151  	0.09863  	-0.0429  	-0.1057  	-0.0068  	-0.0265  	-0.0320  	-0.0002  	0.00153  	-0.0104  	0.01036  	0.00455  	-0.0102  	-0.0351  	0.01746  	-0.0586  	-0.0331  	-0.0059  	-0.0088  	-0.0200  	0.04182  	0.02455  	-0.0176  	-0.0106  	0.00415  	0.05273  	-0.1040  	0.07091  	-0.0093  	-0.0334  	0.41357  	
-0.3535  	-0.2164  	0.27462  	-1.3957  	-0.9659  	-0.8762  	-0.2473  	-0.1340  	0.24911  	0.78798  	0.83108  	0.09335  	-0.2184  	-0.8789  	-0.0650  	0.80202  	-0.2039  	-0.2574  	0.23644  	0.74632  	0.54708  	-0.5843  	-0.4189  	0.19015  	-0.7068  	0.02084  	-0.1677  	0.14639  	-0.4354  	-0.1716  	0.06317  	0.26775  	0.19657  	0.07284  	0.12510  	-0.1191  	0.28224  	-0.0122  	-0.2219  	0.72403  	0.11576  	-0.0751  	-0.0306  	0.01806  	-0.0323  	-0.0289  	0.00792  	0.02288  	0.00257  	0.01240  	0.00540  	-0.0074  	-0.0470  	0.01162  	-0.0519  	-0.0365  	-0.0117  	-0.0089  	-0.0146  	0.04111  	0.00991  	-0.0033  	-0.0191  	0.00517  	0.05230  	-0.1074  	0.07041  	-0.0103  	-0.0334  	0.41461  	
0.11323  	-0.0071  	0.52701  	-1.3489  	-1.0242  	-0.5996  	-0.1657  	-0.0814  	0.35535  	0.77826  	0.35730  	-0.0406  	-0.0864  	-0.7028  	0.16331  	0.82625  	-0.2344  	-0.2591  	0.23540  	0.60450  	0.42431  	-0.4668  	-0.3097  	0.07096  	-0.5422  	-0.0106  	-0.0572  	0.00256  	-0.3866  	-0.0601  	0.00805  	0.27573  	0.19578  	0.06382  	0.08643  	-0.1669  	0.39782  	0.02923  	-0.2302  	0.68604  	0.13049  	-0.0828  	0.01830  	0.05404  	-0.0625  	-0.0323  	-0.0128  	0.05187  	0.02689  	-0.0073  	-0.0253  	-0.0011  	-0.0361  	0.01818  	-0.0427  	-0.0255  	-0.0323  	-0.0178  	-0.0066  	0.03743  	0.02315  	0.00371  	-0.0076  	0.00465  	0.05194  	-0.1111  	0.06970  	-0.0111  	-0.0339  	0.42338  	
0.07629  	-0.0672  	0.42486  	-1.0043  	-0.8841  	-0.4730  	-0.1197  	-0.0933  	0.30670  	0.73972  	0.41782  	-0.0549  	-0.1492  	-0.7967  	0.27036  	0.81856  	-0.2058  	-0.3070  	0.24315  	0.60715  	0.46359  	-0.3785  	-0.2934  	0.02934  	-0.4098  	-0.0437  	-0.0350  	-0.0422  	-0.3179  	-0.0214  	-0.0393  	0.28474  	0.16422  	0.05992  	0.18135  	-0.1479  	0.43866  	0.02556  	-0.2356  	0.69057  	0.06810  	-0.0796  	-0.0105  	0.05047  	-0.0508  	-0.0166  	-0.0247  	0.05383  	0.02018  	-0.0049  	-0.0055  	-0.0121  	-0.0355  	0.00955  	-0.0470  	-0.0022  	-0.0318  	-0.0104  	-0.0154  	0.04465  	0.01807  	-0.0139  	-0.0115  	-0.0096  	0.05185  	-0.1163  	0.06901  	-0.0119  	-0.0344  	0.42825  	
-0.0944  	-0.1771  	0.29824  	-0.9440  	-0.8195  	-0.5765  	-0.1907  	-0.1752  	0.26565  	0.71610  	0.56396  	0.02605  	-0.1956  	-1.1040  	0.23249  	0.84683  	-0.0914  	-0.4858  	0.38900  	0.36936  	0.48802  	-0.6988  	-0.5604  	0.10587  	-0.5321  	0.07910  	0.02731  	-0.1565  	-0.3248  	-0.0866  	0.07638  	0.26717  	0.04743  	-0.0552  	0.16494  	-0.1412  	0.32888  	0.04643  	-0.3416  	0.60295  	0.15752  	0.04261  	-0.1524  	0.15101  	-0.1016  	-0.0018  	-0.0443  	0.08049  	-0.0049  	-0.0107  	0.00193  	-0.0111  	-0.0184  	0.03180  	-0.0387  	-0.0143  	-0.0165  	-0.0092  	-0.0097  	0.04239  	0.02877  	-0.0321  	-0.0297  	-0.0007  	0.05195  	-0.1195  	0.06774  	-0.0124  	-0.0346  	0.42999  	
-0.2937  	-0.2548  	0.32795  	-1.0834  	-0.9315  	-0.6148  	-0.2888  	-0.1520  	0.20167  	0.65290  	0.65669  	-0.0127  	-0.2176  	-1.2643  	-0.0047  	0.87531  	-0.0066  	-0.5359  	0.42639  	0.18839  	0.51196  	-0.9533  	-0.8292  	0.13613  	-0.6204  	0.16701  	-0.0907  	-0.0882  	-0.2033  	-0.0906  	0.18514  	0.22134  	-0.0439  	-0.2373  	0.02453  	-0.0930  	0.24504  	0.01282  	-0.4481  	0.51519  	0.25996  	0.15888  	-0.2490  	0.18654  	-0.1280  	0.01776  	-0.0543  	0.05825  	-0.0443  	-0.0068  	-0.0019  	-0.0021  	-0.0269  	0.04820  	-0.0311  	-0.0312  	-0.0104  	-0.0318  	-0.0011  	0.05250  	0.01869  	-0.0257  	-0.0465  	-0.0014  	0.05183  	-0.1229  	0.06652  	-0.0131  	-0.0345  	0.42398  	
-0.1711  	-0.1835  	0.22543  	-0.8643  	-0.7877  	-0.5457  	-0.3006  	-0.0700  	0.18574  	0.68211  	0.54015  	0.09871  	-0.1728  	-1.1352  	0.11210  	0.80730  	-0.0828  	-0.5467  	0.41666  	0.23937  	0.41989  	-0.9543  	-1.0248  	0.11297  	-0.5562  	0.18668  	-0.1376  	0.06941  	-0.0205  	-0.0808  	0.14465  	0.19296  	-0.0434  	-0.2533  	0.02728  	-0.1127  	0.07218  	-0.0183  	-0.4084  	0.58318  	0.24437  	0.18853  	-0.2908  	0.19522  	-0.1445  	0.02594  	-0.0656  	0.07073  	-0.0337  	-0.0202  	0.02287  	-0.0027  	-0.0263  	0.04637  	-0.0241  	-0.0296  	-0.0188  	-0.0275  	-0.0032  	0.05919  	0.01246  	-0.0431  	-0.0463  	-0.0017  	0.05145  	-0.1247  	0.06557  	-0.0135  	-0.0349  	0.42186  	
0.00221  	-0.1278  	0.23808  	-0.7464  	-0.6508  	-0.6249  	-0.2046  	-0.0609  	0.23595  	0.70482  	0.44872  	0.08868  	-0.0788  	-0.9552  	0.32803  	0.73458  	-0.1384  	-0.5601  	0.36284  	0.27106  	0.38685  	-0.8692  	-1.0373  	0.06378  	-0.5215  	0.15999  	-0.1621  	0.15421  	0.05586  	-0.0631  	0.11598  	0.20323  	0.00902  	-0.1924  	0.07965  	-0.1020  	0.05963  	-0.0533  	-0.3512  	0.60030  	0.21520  	0.17705  	-0.2625  	0.17864  	-0.1393  	0.01509  	-0.0485  	0.07680  	-0.0010  	-0.0332  	0.02057  	-0.0036  	-0.0329  	0.03526  	-0.0319  	-0.0379  	-0.0245  	-0.0197  	-0.0047  	0.05031  	0.01302  	-0.0298  	-0.0456  	0.00428  	0.05016  	-0.1266  	0.06455  	-0.0138  	-0.0358  	0.42653  	
-0.0208  	-0.0603  	0.23289  	-0.7750  	-0.6645  	-0.5212  	-0.1916  	-0.0703  	0.27594  	0.68525  	0.40012  	0.05852  	-0.0455  	-0.7832  	0.28994  	0.76257  	-0.1922  	-0.4672  	0.29353  	0.46003  	0.35979  	-0.6672  	-0.7869  	0.11664  	-0.4412  	0.04430  	-0.0713  	0.12108  	-0.0909  	0.00055  	0.01709  	0.23700  	0.06017  	-0.0693  	0.11985  	-0.0990  	0.14669  	-0.0419  	-0.2788  	0.65909  	0.12684  	0.07639  	-0.1640  	0.08883  	-0.0862  	-0.0061  	-0.0309  	0.06307  	0.00565  	-0.0206  	0.00516  	-0.0167  	-0.0353  	0.02340  	-0.0405  	-0.0287  	-0.0086  	-0.0181  	-0.0178  	0.04397  	0.01493  	-0.0350  	-0.0384  	0.00658  	0.04721  	-0.1267  	0.06357  	-0.0138  	-0.0356  	0.41553  	
-0.1102  	-0.1180  	0.10496  	-0.7888  	-0.6866  	-0.6026  	-0.1499  	-0.1216  	0.30774  	0.73874  	0.49560  	0.09973  	-0.0836  	-0.6544  	0.18077  	0.81934  	-0.2640  	-0.2790  	0.21166  	0.75216  	0.32984  	-0.4441  	-0.5561  	0.08459  	-0.3909  	-0.0454  	-0.0953  	0.20812  	-0.2097  	0.00742  	-0.0578  	0.25893  	0.18469  	0.09664  	0.19217  	-0.1124  	0.23755  	-0.0458  	-0.1842  	0.74709  	0.03117  	-0.0384  	-0.0633  	-0.0026  	-0.0352  	-0.0244  	-0.0134  	0.02702  	0.00547  	-0.0011  	-0.0008  	-0.0169  	-0.0446  	0.01040  	-0.0498  	-0.0176  	-0.0094  	-0.0155  	-0.0092  	0.04389  	0.01875  	-0.0176  	-0.0198  	-0.0080  	0.04454  	-0.1276  	0.06297  	-0.0137  	-0.0350  	0.39939  	
-0.4019  	-0.2900  	-0.0181  	-1.0259  	-0.7985  	-0.9572  	-0.1194  	-0.1830  	0.24285  	0.81086  	0.76478  	0.11171  	-0.1853  	-0.8741  	-0.0008  	0.88369  	-0.2778  	-0.1867  	0.20924  	0.82253  	0.37263  	-0.4987  	-0.5715  	0.11145  	-0.5134  	-0.0143  	-0.1799  	0.19557  	-0.2350  	-0.0797  	-0.0142  	0.24252  	0.22053  	0.06312  	0.24107  	-0.0777  	0.28040  	-0.0607  	-0.1997  	0.75343  	0.03539  	-0.0513  	-0.1070  	0.02143  	-0.0361  	-0.0298  	0.00294  	0.02620  	-0.0167  	0.00452  	-0.0036  	-0.0052  	-0.0315  	0.01436  	-0.0373  	-0.0253  	-0.0111  	-0.0115  	-0.0153  	0.04680  	0.02366  	-0.0194  	-0.0317  	5.61345  	0.04090  	-0.1276  	0.06262  	-0.0140  	-0.0348  	0.40297  	
-0.9473  	-0.4419  	-0.0966  	-1.6455  	-1.0131  	-1.1781  	-0.2219  	-0.3247  	0.17520  	0.93722  	1.05655  	0.01684  	-0.3609  	-1.2687  	-0.4456  	0.66269  	-0.3133  	-0.1682  	0.21461  	0.81883  	0.41709  	-0.5692  	-0.3672  	0.09442  	-0.6954  	0.02399  	-0.2976  	0.14591  	-0.2944  	-0.1720  	0.03003  	0.22108  	0.19468  	0.07828  	0.11797  	-0.0594  	0.31234  	-0.0298  	-0.2142  	0.66411  	0.10589  	-0.0551  	-0.1020  	-0.0117  	0.00120  	-0.0206  	-0.0223  	0.00327  	-0.0358  	0.01553  	0.00047  	-0.0063  	-0.0360  	0.01799  	-0.0529  	-0.0351  	-0.0183  	-0.0124  	-0.0244  	0.04197  	0.00855  	-0.0013  	-0.0225  	0.01238  	0.03743  	-0.1288  	0.06292  	-0.0142  	-0.0347  	0.40069  	
-0.9491  	-0.3409  	0.02126  	-2.0679  	-1.2420  	-1.1631  	-0.2469  	-0.2674  	0.20288  	0.97404  	1.18615  	-0.1688  	-0.4220  	-1.3310  	-0.6779  	0.69326  	-0.2402  	-0.2450  	0.27090  	0.67966  	0.45830  	-0.5692  	-0.2567  	0.06128  	-0.6480  	0.02896  	-0.1441  	0.02967  	-0.3266  	-0.1503  	0.03591  	0.24322  	0.16574  	0.06251  	0.08070  	-0.0909  	0.41579  	0.03768  	-0.2123  	0.64216  	0.16736  	-0.0782  	-0.0795  	0.02139  	-0.0271  	-0.0250  	-0.0257  	0.00295  	-0.0140  	0.01003  	-0.0087  	-0.0135  	-0.0318  	0.01757  	-0.0452  	-0.0269  	-0.0253  	-0.0030  	-0.0103  	0.04701  	0.02465  	-0.0025  	-0.0016  	0.01361  	0.03412  	-0.1282  	0.06369  	-0.0142  	-0.0343  	0.39703  	
-0.8802  	-0.3277  	0.05212  	-2.0695  	-1.3373  	-1.1268  	-0.2451  	-0.3117  	0.19155  	0.96903  	1.07389  	-0.2223  	-0.4073  	-1.3587  	-0.7149  	0.68315  	-0.1953  	-0.2055  	0.27189  	0.69322  	0.41805  	-0.5548  	-0.2671  	0.03369  	-0.6067  	0.01866  	-0.1405  	0.06161  	-0.3035  	-0.1830  	0.03515  	0.25959  	0.15146  	0.05107  	0.01081  	-0.0256  	0.36685  	0.01236  	-0.2058  	0.66340  	0.18369  	-0.0758  	-0.0501  	0.02109  	-0.0330  	-0.0208  	-0.0121  	0.01405  	-0.0057  	0.01287  	-0.0124  	-0.0225  	-0.0345  	0.01947  	-0.0436  	-0.0325  	-0.0163  	0.00280  	-0.0061  	0.04604  	0.02023  	-0.0079  	-0.0034  	0.01118  	0.03259  	-0.1287  	0.06451  	-0.0143  	-0.0340  	0.39631  	
-0.7506  	-0.3542  	0.07760  	-1.9819  	-1.2926  	-1.0633  	-0.1844  	-0.3353  	0.23727  	0.97099  	0.97061  	-0.1955  	-0.3775  	-1.3878  	-0.6904  	0.73858  	-0.2118  	-0.1701  	0.26728  	0.74912  	0.32113  	-0.5583  	-0.2978  	0.02517  	-0.5739  	0.02902  	-0.2282  	0.15401  	-0.2725  	-0.1733  	0.03702  	0.25786  	0.15099  	0.08055  	-0.0257  	-0.0123  	0.29511  	-0.0141  	-0.1961  	0.68136  	0.20361  	-0.0763  	-0.0309  	0.03354  	-0.0367  	-0.0313  	-0.0045  	0.02100  	-0.0048  	0.00331  	-0.0105  	-0.0151  	-0.0335  	0.02085  	-0.0493  	-0.0340  	-0.0147  	-0.0042  	-0.0155  	0.04056  	0.01969  	-0.0149  	-0.0069  	0.01434  	0.03306  	-0.1281  	0.06525  	-0.0144  	-0.0349  	0.40158  	
-0.6683  	-0.3092  	0.04462  	-1.8462  	-1.2054  	-0.9853  	-0.2011  	-0.2805  	0.28922  	0.96079  	0.87052  	-0.1340  	-0.3236  	-1.2854  	-0.4571  	0.75812  	-0.2149  	-0.1754  	0.28148  	0.73293  	0.31758  	-0.5122  	-0.2540  	0.04801  	-0.5805  	0.03257  	-0.1956  	0.17432  	-0.2603  	-0.1555  	0.03134  	0.24332  	0.14866  	0.08878  	-0.0212  	-0.0383  	0.28420  	-0.0179  	-0.2135  	0.70980  	0.20224  	-0.0924  	-0.0149  	0.03418  	-0.0405  	-0.0390  	-0.0044  	0.02095  	-0.0026  	0.00072  	-0.0010  	-0.0169  	-0.0308  	0.02607  	-0.0478  	-0.0356  	-0.0259  	-0.0133  	-0.0083  	0.05322  	0.01888  	-0.0106  	-0.0110  	0.01284  	0.03530  	-0.1272  	0.06604  	-0.0149  	-0.0357  	0.40836  	
-0.3202  	-0.1780  	0.23113  	-1.4377  	-1.0218  	-0.7160  	-0.1938  	-0.1425  	0.30490  	0.79482  	0.72139  	0.01274  	-0.2474  	-1.0493  	-0.1996  	0.83246  	-0.2319  	-0.1698  	0.24836  	0.74095  	0.42123  	-0.5411  	-0.3381  	0.11150  	-0.6644  	0.01075  	-0.2277  	0.11948  	-0.3428  	-0.1597  	0.02069  	0.25888  	0.20149  	0.06964  	0.06525  	-0.1210  	0.32472  	-0.0227  	-0.1861  	0.71330  	0.19414  	-0.1092  	-0.0242  	0.03530  	-0.0444  	-0.0191  	0.00057  	0.02828  	-0.0127  	0.00872  	0.00657  	-0.0206  	-0.0353  	0.01410  	-0.0513  	-0.0226  	-0.0156  	-0.0045  	-0.0164  	0.04400  	0.01972  	-0.0166  	-0.0225  	0.00446  	0.03836  	-0.1237  	0.06653  	-0.0149  	-0.0361  	0.40007  	
-0.0132  	-0.0715  	0.45557  	-1.3367  	-1.0439  	-0.5477  	-0.1901  	-0.0712  	0.31757  	0.77105  	0.65640  	0.01192  	-0.1925  	-0.8416  	0.03819  	0.89409  	-0.2131  	-0.2578  	0.26049  	0.63853  	0.52937  	-0.5034  	-0.2668  	0.09708  	-0.6128  	-0.0106  	-0.1001  	-0.0210  	-0.4493  	-0.1157  	0.02378  	0.30181  	0.19759  	0.05623  	0.17302  	-0.1579  	0.45302  	0.04294  	-0.2595  	0.66209  	0.15245  	-0.0919  	-0.0061  	0.04157  	-0.0453  	-0.0215  	-0.0112  	0.04083  	0.00027  	0.00702  	-0.0248  	-0.0111  	-0.0248  	0.02303  	-0.0430  	-0.0225  	-0.0250  	-0.0140  	-0.0139  	0.04749  	0.02339  	-0.0020  	-0.0149  	0.00168  	0.04201  	-0.1209  	0.06705  	-0.0151  	-0.0363  	0.38258  	
0.04591  	-0.0559  	0.49421  	-1.3531  	-1.1459  	-0.5170  	-0.1882  	-0.0530  	0.32106  	0.71181  	0.81274  	-0.0263  	-0.2463  	-0.8750  	0.04283  	0.92402  	-0.2157  	-0.3051  	0.26128  	0.59323  	0.69460  	-0.4425  	-0.2293  	0.15421  	-0.5673  	-0.0233  	-0.0167  	-0.1682  	-0.5320  	-0.1320  	-0.0033  	0.32286  	0.19013  	0.05302  	0.21095  	-0.1769  	0.55359  	0.08344  	-0.2983  	0.62598  	0.12984  	-0.0859  	-0.0006  	0.02987  	-0.0554  	-0.0248  	-0.0072  	0.04271  	0.00431  	0.01184  	-0.0191  	-0.0131  	-0.0225  	0.02987  	-0.0468  	-0.0139  	-0.0207  	-0.0105  	-0.0185  	0.05116  	0.01976  	-0.0070  	-0.0148  	0.00367  	0.04529  	-0.1175  	0.06710  	-0.0149  	-0.0370  	0.38104  	
0.08080  	-0.0382  	0.52747  	-1.2813  	-1.1513  	-0.4779  	-0.2121  	0.05316  	0.33708  	0.59300  	0.87360  	0.01762  	-0.2202  	-0.9471  	0.12094  	0.92627  	-0.1142  	-0.5048  	0.33800  	0.30008  	0.85387  	-0.6977  	-0.4694  	0.19909  	-0.6722  	0.05570  	0.03000  	-0.3274  	-0.5277  	-0.1753  	0.08901  	0.30341  	0.09602  	-0.1069  	0.20429  	-0.2466  	0.52500  	0.11205  	-0.4411  	0.51918  	0.18184  	0.04129  	-0.1406  	0.11025  	-0.1084  	-0.0014  	-0.0352  	0.05906  	-0.0112  	-0.0054  	-0.0134  	-0.0053  	-0.0209  	0.04670  	-0.0430  	-0.0106  	-0.0325  	-0.0208  	-0.0162  	0.05817  	0.03164  	-0.0170  	-0.0282  	0.00553  	0.03916  	-0.1258  	0.06974  	-0.0155  	-0.0354  	0.40415  	
0.07659  	-0.0317  	0.54615  	-1.2576  	-1.1159  	-0.5256  	-0.2328  	0.07724  	0.32302  	0.58660  	0.89778  	0.03286  	-0.1735  	-0.9858  	0.15231  	0.86827  	-0.0412  	-0.6329  	0.37280  	0.08634  	0.85836  	-0.9003  	-0.6937  	0.18872  	-0.7429  	0.14745  	0.00192  	-0.3597  	-0.4518  	-0.1939  	0.18791  	0.25293  	0.02475  	-0.2370  	0.15880  	-0.2589  	0.43269  	0.10105  	-0.5307  	0.45850  	0.24221  	0.15112  	-0.2397  	0.16802  	-0.1538  	0.01317  	-0.0549  	0.06574  	-0.0278  	-0.0133  	-0.0047  	0.00173  	-0.0192  	0.05962  	-0.0361  	-0.0147  	-0.0309  	-0.0290  	-0.0131  	0.06598  	0.03285  	-0.0166  	-0.0414  	0.00795  	0.03800  	-0.1239  	0.07026  	-0.0148  	-0.0349  	0.40335  	
0.08810  	-0.0312  	0.55750  	-1.2470  	-1.1038  	-0.5243  	-0.2368  	0.09128  	0.32344  	0.59045  	0.90635  	0.04487  	-0.1619  	-0.9983  	0.15874  	0.86238  	-0.0199  	-0.6699  	0.38376  	0.03872  	0.86597  	-0.9503  	-0.7419  	0.18895  	-0.7628  	0.16932  	0.00139  	-0.3726  	-0.4370  	-0.1950  	0.20991  	0.24307  	0.00735  	-0.2694  	0.14287  	-0.2649  	0.41281  	0.10309  	-0.5528  	0.44055  	0.25219  	0.17895  	-0.2630  	0.18465  	-0.1653  	0.01757  	-0.0596  	0.06945  	-0.0304  	-0.0183  	-0.0034  	0.00326  	-0.0195  	0.06259  	-0.0339  	-0.0160  	-0.0315  	-0.0312  	-0.0132  	0.06711  	0.03372  	-0.0176  	-0.0439  	0.00893  	0.04262  	-0.1142  	0.06867  	-0.0135  	-0.0357  	0.38825  	
0.08753  	-0.0344  	0.54936  	-1.2513  	-1.1054  	-0.5187  	-0.2299  	0.07922  	0.32762  	0.59576  	0.90309  	0.04133  	-0.1717  	-0.9879  	0.14664  	0.87456  	-0.0386  	-0.6363  	0.36921  	0.09190  	0.85149  	-0.9044  	-0.6909  	0.18843  	-0.7490  	0.14895  	0.00205  	-0.3537  	-0.4532  	-0.1909  	0.18633  	0.25293  	0.02640  	-0.2363  	0.15594  	-0.2591  	0.43040  	0.10347  	-0.5294  	0.45748  	0.23704  	0.15246  	-0.2394  	0.16875  	-0.1534  	0.01347  	-0.0548  	0.06565  	-0.0273  	-0.0159  	-0.0046  	0.00228  	-0.0197  	0.05922  	-0.0352  	-0.0157  	-0.0310  	-0.0290  	-0.0133  	0.06535  	0.03278  	-0.0169  	-0.0406  	0.00882  	0.05010  	-0.0985  	0.06576  	-0.0121  	-0.0377  	0.39474  	
0.08524  	-0.0471  	0.51678  	-1.2685  	-1.1118  	-0.4964  	-0.2022  	0.03097  	0.34436  	0.61697  	0.89007  	0.02714  	-0.2110  	-0.9460  	0.09824  	0.92331  	-0.1134  	-0.5021  	0.31103  	0.30462  	0.79354  	-0.7210  	-0.4870  	0.18635  	-0.6937  	0.06744  	0.00469  	-0.2784  	-0.5179  	-0.1746  	0.09200  	0.29237  	0.10260  	-0.1042  	0.20821  	-0.2363  	0.50075  	0.10498  	-0.4356  	0.52521  	0.17640  	0.04652  	-0.1448  	0.10516  	-0.1058  	-0.0029  	-0.0355  	0.05046  	-0.0147  	-0.0063  	-0.0096  	-0.0016  	-0.0208  	0.04575  	-0.0402  	-0.0145  	-0.0290  	-0.0198  	-0.0139  	0.05831  	0.02901  	-0.0143  	-0.0275  	0.00840  	0.05839  	-0.0784  	0.06193  	-0.0103  	-0.0403  	0.37799  	
0.08239  	-0.0630  	0.47609  	-1.2901  	-1.1199  	-0.4685  	-0.1676  	-0.0293  	0.36530  	0.64350  	0.87383  	0.00945  	-0.2600  	-0.8937  	0.03772  	0.98427  	-0.2070  	-0.3343  	0.23831  	0.57048  	0.72114  	-0.4917  	-0.2321  	0.18377  	-0.6246  	-0.0344  	0.00801  	-0.1844  	-0.5989  	-0.1541  	-0.0258  	0.34169  	0.19783  	0.06100  	0.27358  	-0.2077  	0.58874  	0.10688  	-0.3185  	0.60985  	0.10059  	-0.0859  	-0.0266  	0.02566  	-0.0464  	-0.0235  	-0.0115  	0.03147  	0.00093  	0.00571  	-0.0158  	-0.0065  	-0.0221  	0.02893  	-0.0465  	-0.0131  	-0.0264  	-0.0084  	-0.0145  	0.04950  	0.02430  	-0.0111  	-0.0112  	0.00788  	0.06610  	-0.0550  	0.05800  	-0.0077  	-0.0436  	0.37151  	
0.08239  	-0.0630  	0.47609  	-1.2901  	-1.1199  	-0.4685  	-0.1676  	-0.0293  	0.36530  	0.64350  	0.87383  	0.00945  	-0.2600  	-0.8937  	0.03772  	0.98427  	-0.2070  	-0.3343  	0.23831  	0.57048  	0.72114  	-0.4917  	-0.2321  	0.18377  	-0.6246  	-0.0344  	0.00801  	-0.1844  	-0.5989  	-0.1541  	-0.0258  	0.34169  	0.19783  	0.06100  	0.27358  	-0.2077  	0.58874  	0.10688  	-0.3185  	0.60985  	0.10059  	-0.0859  	-0.0266  	0.02566  	-0.0464  	-0.0235  	-0.0115  	0.03147  	0.00093  	0.00571  	-0.0158  	-0.0065  	-0.0221  	0.02893  	-0.0465  	-0.0131  	-0.0264  	-0.0084  	-0.0145  	0.04950  	0.02430  	-0.0111  	-0.0112  	0.00788  	0.07037  	-0.0400  	0.05508  	-0.0062  	-0.0452  	0.36019  	
0.08239  	-0.0630  	0.47609  	-1.2901  	-1.1199  	-0.4685  	-0.1676  	-0.0293  	0.36530  	0.64350  	0.87383  	0.00945  	-0.2600  	-0.8937  	0.03772  	0.98427  	-0.2070  	-0.3343  	0.23831  	0.57048  	0.72114  	-0.4917  	-0.2321  	0.18377  	-0.6246  	-0.0344  	0.00801  	-0.1844  	-0.5989  	-0.1541  	-0.0258  	0.34169  	0.19783  	0.06100  	0.27358  	-0.2077  	0.58874  	0.10688  	-0.3185  	0.60985  	0.10059  	-0.0859  	-0.0266  	0.02566  	-0.0464  	-0.0235  	-0.0115  	0.03147  	0.00093  	0.00571  	-0.0158  	-0.0065  	-0.0221  	0.02893  	-0.0465  	-0.0131  	-0.0264  	-0.0084  	-0.0145  	0.04950  	0.02430  	-0.0111  	-0.0112  	0.00788  	0.07443  	-0.0246  	0.05193  	-0.0048  	-0.0469  	0.34720  	
0.08239  	-0.0630  	0.47609  	-1.2901  	-1.1199  	-0.4685  	-0.1676  	-0.0293  	0.36530  	0.64350  	0.87383  	0.00945  	-0.2600  	-0.8937  	0.03772  	0.98427  	-0.2070  	-0.3343  	0.23831  	0.57048  	0.72114  	-0.4917  	-0.2321  	0.18377  	-0.6246  	-0.0344  	0.00801  	-0.1844  	-0.5989  	-0.1541  	-0.0258  	0.34169  	0.19783  	0.06100  	0.27358  	-0.2077  	0.58874  	0.10688  	-0.3185  	0.60985  	0.10059  	-0.0859  	-0.0266  	0.02566  	-0.0464  	-0.0235  	-0.0115  	0.03147  	0.00093  	0.00571  	-0.0158  	-0.0065  	-0.0221  	0.02893  	-0.0465  	-0.0131  	-0.0264  	-0.0084  	-0.0145  	0.04950  	0.02430  	-0.0111  	-0.0112  	0.00788  	0.07828  	-0.0090  	0.04855  	-0.0034  	-0.0487  	0.33253  	
0.08239  	-0.0630  	0.47609  	-1.2901  	-1.1199  	-0.4685  	-0.1676  	-0.0293  	0.36530  	0.64350  	0.87383  	0.00945  	-0.2600  	-0.8937  	0.03772  	0.98427  	-0.2070  	-0.3343  	0.23831  	0.57048  	0.72114  	-0.4917  	-0.2321  	0.18377  	-0.6246  	-0.0344  	0.00801  	-0.1844  	-0.5989  	-0.1541  	-0.0258  	0.34169  	0.19783  	0.06100  	0.27358  	-0.2077  	0.58874  	0.10688  	-0.3185  	0.60985  	0.10059  	-0.0859  	-0.0266  	0.02566  	-0.0464  	-0.0235  	-0.0115  	0.03147  	0.00093  	0.00571  	-0.0158  	-0.0065  	-0.0221  	0.02893  	-0.0465  	-0.0131  	-0.0264  	-0.0084  	-0.0145  	0.04950  	0.02430  	-0.0111  	-0.0112  	0.00788  	0.08191  	0.00681  	0.04494  	-0.0020  	-0.0505  	0.31619  	
0.08239  	-0.0630  	0.47609  	-1.2901  	-1.1199  	-0.4685  	-0.1676  	-0.0293  	0.36530  	0.64350  	0.87383  	0.00945  	-0.2600  	-0.8937  	0.03772  	0.98427  	-0.2070  	-0.3343  	0.23831  	0.57048  	0.72114  	-0.4917  	-0.2321  	0.18377  	-0.6246  	-0.0344  	0.00801  	-0.1844  	-0.5989  	-0.1541  	-0.0258  	0.34169  	0.19783  	0.06100  	0.27358  	-0.2077  	0.58874  	0.10688  	-0.3185  	0.60985  	0.10059  	-0.0859  	-0.0266  	0.02566  	-0.0464  	-0.0235  	-0.0115  	0.03147  	0.00093  	0.00571  	-0.0158  	-0.0065  	-0.0221  	0.02893  	-0.0465  	-0.0131  	-0.0264  	-0.0084  	-0.0145  	0.04950  	0.02430  	-0.0111  	-0.0112  	0.00788  	0.08533  	0.02300  	0.04110  	-0.0007  	-0.0524  	0.29817  	
0.08239  	-0.0630  	0.47609  	-1.2901  	-1.1199  	-0.4685  	-0.1676  	-0.0293  	0.36530  	0.64350  	0.87383  	0.00945  	-0.2600  	-0.8937  	0.03772  	0.98427  	-0.2070  	-0.3343  	0.23831  	0.57048  	0.72114  	-0.4917  	-0.2321  	0.18377  	-0.6246  	-0.0344  	0.00801  	-0.1844  	-0.5989  	-0.1541  	-0.0258  	0.34169  	0.19783  	0.06100  	0.27358  	-0.2077  	0.58874  	0.10688  	-0.3185  	0.60985  	0.10059  	-0.0859  	-0.0266  	0.02566  	-0.0464  	-0.0235  	-0.0115  	0.03147  	0.00093  	0.00571  	-0.0158  	-0.0065  	-0.0221  	0.02893  	-0.0465  	-0.0131  	-0.0264  	-0.0084  	-0.0145  	0.04950  	0.02430  	-0.0111  	-0.0112  	0.00788  	0.08854  	0.03948  	0.03702  	0.00052  	-0.0543  	0.27848  	
